id,task,language,condition,distractor_type,source,reuses_distractor
short/date_addition_hi_IN/35/similar_insertion/direct,date_addition,hi_IN,direct,similar_insertion,inserted,True
short/date_addition_hi_IN/36/similar_insertion/cot,date_addition,hi_IN,cot,similar_insertion,inserted,False
short/date_addition_hi_IN/36/no_insertion/cot,date_addition,hi_IN,cot,similar_insertion,no_insertion_placebo,False
short/date_addition_hi_IN/96/no_insertion/cot,date_addition,hi_IN,cot,similar_insertion,no_insertion_placebo,False
short/date_addition_hi_IN/113/similar_insertion/cot,date_addition,hi_IN,cot,similar_insertion,inserted,False
short/date_addition_hi_IN/135/similar_insertion/direct,date_addition,hi_IN,direct,similar_insertion,inserted,True
short/date_addition_hi_IN/137/no_insertion/direct,date_addition,hi_IN,direct,similar_insertion,no_insertion_placebo,False
short/date_addition_hi_IN/137/similar_insertion/direct,date_addition,hi_IN,direct,similar_insertion,inserted,False
short/date_recurrence_en_US/0/no_insertion/direct,date_recurrence,en_US,direct,similar_insertion,no_insertion_placebo,False
short/date_recurrence_en_US/0/similar_insertion/direct,date_recurrence,en_US,direct,similar_insertion,inserted,False
short/date_recurrence_en_US/3/similar_insertion/cot,date_recurrence,en_US,cot,similar_insertion,inserted,False
short/date_recurrence_en_US/3/similar_insertion/direct,date_recurrence,en_US,direct,similar_insertion,inserted,False
short/date_recurrence_en_US/4/similar_insertion/cot,date_recurrence,en_US,cot,similar_insertion,inserted,False
short/date_recurrence_en_US/9/no_insertion/direct,date_recurrence,en_US,direct,similar_insertion,no_insertion_placebo,False
short/date_recurrence_en_US/9/similar_insertion/direct,date_recurrence,en_US,direct,similar_insertion,inserted,False
short/date_recurrence_en_US/10/similar_insertion/cot,date_recurrence,en_US,cot,similar_insertion,inserted,False
short/date_recurrence_en_US/14/similar_insertion/direct,date_recurrence,en_US,direct,similar_insertion,inserted,False
short/date_recurrence_en_US/15/no_insertion/direct,date_recurrence,en_US,direct,similar_insertion,no_insertion_placebo,False
short/date_recurrence_en_US/15/similar_insertion/direct,date_recurrence,en_US,direct,similar_insertion,inserted,False
short/date_recurrence_en_US/16/no_insertion/direct,date_recurrence,en_US,direct,similar_insertion,no_insertion_placebo,False
short/date_recurrence_en_US/16/similar_insertion/direct,date_recurrence,en_US,direct,similar_insertion,inserted,False
short/date_recurrence_en_US/17/similar_insertion/direct,date_recurrence,en_US,direct,similar_insertion,inserted,False
short/date_recurrence_en_US/18/no_insertion/direct,date_recurrence,en_US,direct,similar_insertion,no_insertion_placebo,False
short/date_recurrence_en_US/18/similar_insertion/direct,date_recurrence,en_US,direct,similar_insertion,inserted,False
short/date_recurrence_en_US/19/no_insertion/direct,date_recurrence,en_US,direct,similar_insertion,no_insertion_placebo,False
short/date_recurrence_en_US/19/similar_insertion/direct,date_recurrence,en_US,direct,similar_insertion,inserted,False
short/date_recurrence_en_US/21/no_insertion/direct,date_recurrence,en_US,direct,similar_insertion,no_insertion_placebo,False
short/date_recurrence_en_US/21/similar_insertion/direct,date_recurrence,en_US,direct,similar_insertion,inserted,False
short/date_recurrence_en_US/22/similar_insertion/direct,date_recurrence,en_US,direct,similar_insertion,inserted,False
short/date_recurrence_en_US/23/no_insertion/direct,date_recurrence,en_US,direct,similar_insertion,no_insertion_placebo,False
short/date_recurrence_en_US/23/similar_insertion/direct,date_recurrence,en_US,direct,similar_insertion,inserted,False
short/date_recurrence_en_US/26/no_insertion/direct,date_recurrence,en_US,direct,similar_insertion,no_insertion_placebo,False
short/date_recurrence_en_US/26/similar_insertion/direct,date_recurrence,en_US,direct,similar_insertion,inserted,False
short/date_recurrence_en_US/27/no_insertion/direct,date_recurrence,en_US,direct,similar_insertion,no_insertion_placebo,False
short/date_recurrence_en_US/31/no_insertion/direct,date_recurrence,en_US,direct,similar_insertion,no_insertion_placebo,False
short/date_recurrence_en_US/31/similar_insertion/direct,date_recurrence,en_US,direct,similar_insertion,inserted,False
short/date_recurrence_en_US/32/no_insertion/direct,date_recurrence,en_US,direct,similar_insertion,no_insertion_placebo,False
short/date_recurrence_en_US/32/similar_insertion/direct,date_recurrence,en_US,direct,similar_insertion,inserted,False
short/date_recurrence_en_US/33/no_insertion/direct,date_recurrence,en_US,direct,similar_insertion,no_insertion_placebo,False
short/date_recurrence_en_US/33/similar_insertion/direct,date_recurrence,en_US,direct,similar_insertion,inserted,False
short/date_recurrence_en_US/37/no_insertion/direct,date_recurrence,en_US,direct,similar_insertion,no_insertion_placebo,False
short/date_recurrence_en_US/38/similar_insertion/direct,date_recurrence,en_US,direct,similar_insertion,inserted,False
short/date_recurrence_en_US/39/no_insertion/direct,date_recurrence,en_US,direct,similar_insertion,no_insertion_placebo,False
short/date_recurrence_en_US/39/similar_insertion/direct,date_recurrence,en_US,direct,similar_insertion,inserted,False
short/date_recurrence_en_US/40/no_insertion/direct,date_recurrence,en_US,direct,similar_insertion,no_insertion_placebo,False
short/date_recurrence_en_US/40/similar_insertion/direct,date_recurrence,en_US,direct,similar_insertion,inserted,False
short/date_recurrence_en_US/38/similar_insertion/cot,date_recurrence,en_US,cot,similar_insertion,inserted,False
short/date_recurrence_en_US/41/similar_insertion/cot,date_recurrence,en_US,cot,similar_insertion,inserted,False
short/date_recurrence_en_US/44/no_insertion/direct,date_recurrence,en_US,direct,similar_insertion,no_insertion_placebo,False
short/date_recurrence_en_US/44/similar_insertion/direct,date_recurrence,en_US,direct,similar_insertion,inserted,False
short/date_recurrence_en_US/48/no_insertion/direct,date_recurrence,en_US,direct,similar_insertion,no_insertion_placebo,False
short/date_recurrence_en_US/48/similar_insertion/direct,date_recurrence,en_US,direct,similar_insertion,inserted,False
short/date_recurrence_en_US/50/no_insertion/direct,date_recurrence,en_US,direct,similar_insertion,no_insertion_placebo,False
short/date_recurrence_en_US/51/similar_insertion/direct,date_recurrence,en_US,direct,similar_insertion,inserted,False
short/date_recurrence_en_US/52/no_insertion/direct,date_recurrence,en_US,direct,similar_insertion,no_insertion_placebo,False
short/date_recurrence_en_US/52/similar_insertion/direct,date_recurrence,en_US,direct,similar_insertion,inserted,False
short/date_recurrence_en_US/53/no_insertion/direct,date_recurrence,en_US,direct,similar_insertion,no_insertion_placebo,False
short/date_recurrence_en_US/53/similar_insertion/direct,date_recurrence,en_US,direct,similar_insertion,inserted,False
short/date_recurrence_en_US/54/similar_insertion/direct,date_recurrence,en_US,direct,similar_insertion,inserted,False
short/date_recurrence_en_US/56/no_insertion/direct,date_recurrence,en_US,direct,similar_insertion,no_insertion_placebo,False
short/date_recurrence_en_US/56/similar_insertion/direct,date_recurrence,en_US,direct,similar_insertion,inserted,False
short/date_recurrence_en_US/56/similar_insertion/cot,date_recurrence,en_US,cot,similar_insertion,inserted,False
short/date_recurrence_en_US/62/no_insertion/direct,date_recurrence,en_US,direct,similar_insertion,no_insertion_placebo,False
short/date_recurrence_en_US/62/similar_insertion/direct,date_recurrence,en_US,direct,similar_insertion,inserted,False
short/date_recurrence_en_US/64/similar_insertion/direct,date_recurrence,en_US,direct,similar_insertion,inserted,False
short/date_recurrence_en_US/65/similar_insertion/direct,date_recurrence,en_US,direct,similar_insertion,inserted,False
short/date_recurrence_en_US/67/no_insertion/direct,date_recurrence,en_US,direct,similar_insertion,no_insertion_placebo,False
short/date_recurrence_en_US/67/similar_insertion/direct,date_recurrence,en_US,direct,similar_insertion,inserted,False
short/date_recurrence_en_US/69/no_insertion/direct,date_recurrence,en_US,direct,similar_insertion,no_insertion_placebo,False
short/date_recurrence_en_US/68/similar_insertion/cot,date_recurrence,en_US,cot,similar_insertion,inserted,False
short/date_recurrence_en_US/69/similar_insertion/direct,date_recurrence,en_US,direct,similar_insertion,inserted,False
short/date_recurrence_en_US/72/similar_insertion/direct,date_recurrence,en_US,direct,similar_insertion,inserted,False
short/date_recurrence_en_US/75/no_insertion/direct,date_recurrence,en_US,direct,similar_insertion,no_insertion_placebo,False
short/date_recurrence_en_US/75/similar_insertion/direct,date_recurrence,en_US,direct,similar_insertion,inserted,False
short/date_recurrence_en_US/76/no_insertion/direct,date_recurrence,en_US,direct,similar_insertion,no_insertion_placebo,False
short/date_recurrence_en_US/76/similar_insertion/direct,date_recurrence,en_US,direct,similar_insertion,inserted,False
short/date_recurrence_en_US/77/no_insertion/direct,date_recurrence,en_US,direct,similar_insertion,no_insertion_placebo,False
short/date_recurrence_en_US/77/similar_insertion/direct,date_recurrence,en_US,direct,similar_insertion,inserted,False
short/date_recurrence_en_US/78/no_insertion/direct,date_recurrence,en_US,direct,similar_insertion,no_insertion_placebo,False
short/date_recurrence_en_US/78/similar_insertion/direct,date_recurrence,en_US,direct,similar_insertion,inserted,False
short/date_recurrence_en_US/77/similar_insertion/cot,date_recurrence,en_US,cot,similar_insertion,inserted,False
short/date_recurrence_en_US/79/similar_insertion/direct,date_recurrence,en_US,direct,similar_insertion,inserted,False
short/date_recurrence_en_US/79/similar_insertion/cot,date_recurrence,en_US,cot,similar_insertion,inserted,False
short/date_recurrence_en_US/80/no_insertion/direct,date_recurrence,en_US,direct,similar_insertion,no_insertion_placebo,False
short/date_recurrence_en_US/80/similar_insertion/direct,date_recurrence,en_US,direct,similar_insertion,inserted,False
short/date_recurrence_en_US/81/no_insertion/direct,date_recurrence,en_US,direct,similar_insertion,no_insertion_placebo,False
short/date_recurrence_en_US/81/similar_insertion/direct,date_recurrence,en_US,direct,similar_insertion,inserted,False
short/date_recurrence_en_US/82/no_insertion/direct,date_recurrence,en_US,direct,similar_insertion,no_insertion_placebo,False
short/date_recurrence_en_US/85/no_insertion/direct,date_recurrence,en_US,direct,similar_insertion,no_insertion_placebo,False
short/date_recurrence_en_US/85/similar_insertion/direct,date_recurrence,en_US,direct,similar_insertion,inserted,False
short/date_recurrence_en_US/86/no_insertion/direct,date_recurrence,en_US,direct,similar_insertion,no_insertion_placebo,False
short/date_recurrence_en_US/87/no_insertion/direct,date_recurrence,en_US,direct,similar_insertion,no_insertion_placebo,False
short/date_recurrence_en_US/87/similar_insertion/direct,date_recurrence,en_US,direct,similar_insertion,inserted,False
short/date_recurrence_en_US/89/no_insertion/direct,date_recurrence,en_US,direct,similar_insertion,no_insertion_placebo,False
short/date_recurrence_en_US/89/similar_insertion/direct,date_recurrence,en_US,direct,similar_insertion,inserted,False
short/date_recurrence_en_US/90/no_insertion/direct,date_recurrence,en_US,direct,similar_insertion,no_insertion_placebo,False
short/date_recurrence_en_US/90/similar_insertion/direct,date_recurrence,en_US,direct,similar_insertion,inserted,False
short/date_recurrence_en_US/92/similar_insertion/direct,date_recurrence,en_US,direct,similar_insertion,inserted,True
short/date_recurrence_en_US/93/no_insertion/direct,date_recurrence,en_US,direct,similar_insertion,no_insertion_placebo,False
short/date_recurrence_en_US/93/similar_insertion/direct,date_recurrence,en_US,direct,similar_insertion,inserted,False
short/date_recurrence_en_US/96/no_insertion/direct,date_recurrence,en_US,direct,similar_insertion,no_insertion_placebo,False
short/date_recurrence_en_US/96/similar_insertion/direct,date_recurrence,en_US,direct,similar_insertion,inserted,False
short/date_recurrence_en_US/97/no_insertion/direct,date_recurrence,en_US,direct,similar_insertion,no_insertion_placebo,False
short/date_recurrence_en_US/97/similar_insertion/direct,date_recurrence,en_US,direct,similar_insertion,inserted,True
short/date_recurrence_en_US/98/no_insertion/direct,date_recurrence,en_US,direct,similar_insertion,no_insertion_placebo,False
short/date_recurrence_en_US/98/similar_insertion/direct,date_recurrence,en_US,direct,similar_insertion,inserted,False
short/date_recurrence_en_US/99/similar_insertion/direct,date_recurrence,en_US,direct,similar_insertion,inserted,False
short/date_recurrence_en_US/100/no_insertion/direct,date_recurrence,en_US,direct,similar_insertion,no_insertion_placebo,True
short/date_recurrence_en_US/100/similar_insertion/direct,date_recurrence,en_US,direct,similar_insertion,inserted,True
short/date_recurrence_en_US/100/similar_insertion/cot,date_recurrence,en_US,cot,similar_insertion,inserted,False
short/date_recurrence_en_US/101/no_insertion/direct,date_recurrence,en_US,direct,similar_insertion,no_insertion_placebo,False
short/date_recurrence_en_US/102/no_insertion/direct,date_recurrence,en_US,direct,similar_insertion,no_insertion_placebo,False
short/date_recurrence_en_US/102/similar_insertion/direct,date_recurrence,en_US,direct,similar_insertion,inserted,False
short/date_recurrence_en_US/104/no_insertion/direct,date_recurrence,en_US,direct,similar_insertion,no_insertion_placebo,False
short/date_recurrence_en_US/104/similar_insertion/direct,date_recurrence,en_US,direct,similar_insertion,inserted,False
short/date_recurrence_en_US/106/no_insertion/direct,date_recurrence,en_US,direct,similar_insertion,no_insertion_placebo,False
short/date_recurrence_en_US/106/similar_insertion/direct,date_recurrence,en_US,direct,similar_insertion,inserted,False
short/date_recurrence_en_US/108/no_insertion/direct,date_recurrence,en_US,direct,similar_insertion,no_insertion_placebo,False
short/date_recurrence_en_US/109/similar_insertion/direct,date_recurrence,en_US,direct,similar_insertion,inserted,False
short/date_recurrence_en_US/110/no_insertion/direct,date_recurrence,en_US,direct,similar_insertion,no_insertion_placebo,False
short/date_recurrence_en_US/110/similar_insertion/direct,date_recurrence,en_US,direct,similar_insertion,inserted,False
short/date_recurrence_en_US/110/no_insertion/cot,date_recurrence,en_US,cot,similar_insertion,no_insertion_placebo,False
short/date_recurrence_en_US/112/no_insertion/direct,date_recurrence,en_US,direct,similar_insertion,no_insertion_placebo,False
short/date_recurrence_en_US/112/similar_insertion/direct,date_recurrence,en_US,direct,similar_insertion,inserted,False
short/date_recurrence_en_US/114/no_insertion/direct,date_recurrence,en_US,direct,similar_insertion,no_insertion_placebo,False
short/date_recurrence_en_US/114/similar_insertion/direct,date_recurrence,en_US,direct,similar_insertion,inserted,False
short/date_recurrence_en_US/119/no_insertion/direct,date_recurrence,en_US,direct,similar_insertion,no_insertion_placebo,False
short/date_recurrence_en_US/119/similar_insertion/direct,date_recurrence,en_US,direct,similar_insertion,inserted,False
short/date_recurrence_en_US/120/similar_insertion/direct,date_recurrence,en_US,direct,similar_insertion,inserted,False
short/date_recurrence_en_US/121/no_insertion/direct,date_recurrence,en_US,direct,similar_insertion,no_insertion_placebo,False
short/date_recurrence_en_US/121/similar_insertion/direct,date_recurrence,en_US,direct,similar_insertion,inserted,False
short/date_recurrence_en_US/124/no_insertion/direct,date_recurrence,en_US,direct,similar_insertion,no_insertion_placebo,False
short/date_recurrence_en_US/124/similar_insertion/direct,date_recurrence,en_US,direct,similar_insertion,inserted,False
short/date_recurrence_en_US/126/no_insertion/direct,date_recurrence,en_US,direct,similar_insertion,no_insertion_placebo,False
short/date_recurrence_en_US/128/no_insertion/direct,date_recurrence,en_US,direct,similar_insertion,no_insertion_placebo,False
short/date_recurrence_en_US/128/similar_insertion/direct,date_recurrence,en_US,direct,similar_insertion,inserted,False
short/date_recurrence_en_US/129/similar_insertion/direct,date_recurrence,en_US,direct,similar_insertion,inserted,True
short/date_recurrence_en_US/133/no_insertion/direct,date_recurrence,en_US,direct,similar_insertion,no_insertion_placebo,False
short/date_recurrence_en_US/133/similar_insertion/direct,date_recurrence,en_US,direct,similar_insertion,inserted,False
short/date_recurrence_en_US/134/no_insertion/direct,date_recurrence,en_US,direct,similar_insertion,no_insertion_placebo,False
short/date_recurrence_en_US/134/similar_insertion/direct,date_recurrence,en_US,direct,similar_insertion,inserted,False
short/date_recurrence_en_US/137/no_insertion/direct,date_recurrence,en_US,direct,similar_insertion,no_insertion_placebo,False
short/date_recurrence_en_US/137/similar_insertion/direct,date_recurrence,en_US,direct,similar_insertion,inserted,False
short/date_recurrence_en_US/138/no_insertion/direct,date_recurrence,en_US,direct,similar_insertion,no_insertion_placebo,False
short/date_recurrence_en_US/138/similar_insertion/direct,date_recurrence,en_US,direct,similar_insertion,inserted,False
short/date_recurrence_en_US/140/no_insertion/direct,date_recurrence,en_US,direct,similar_insertion,no_insertion_placebo,True
short/date_recurrence_en_US/140/similar_insertion/direct,date_recurrence,en_US,direct,similar_insertion,inserted,True
short/date_recurrence_en_US/142/no_insertion/direct,date_recurrence,en_US,direct,similar_insertion,no_insertion_placebo,False
short/date_recurrence_en_US/142/similar_insertion/direct,date_recurrence,en_US,direct,similar_insertion,inserted,False
short/date_recurrence_en_US/144/no_insertion/direct,date_recurrence,en_US,direct,similar_insertion,no_insertion_placebo,False
short/date_recurrence_en_US/144/similar_insertion/direct,date_recurrence,en_US,direct,similar_insertion,inserted,False
short/date_recurrence_en_US/146/no_insertion/direct,date_recurrence,en_US,direct,similar_insertion,no_insertion_placebo,False
short/date_recurrence_en_US/146/similar_insertion/direct,date_recurrence,en_US,direct,similar_insertion,inserted,False
short/date_recurrence_en_US/149/similar_insertion/direct,date_recurrence,en_US,direct,similar_insertion,inserted,True
short/date_recurrence_hi_IN/0/no_insertion/direct,date_recurrence,hi_IN,direct,similar_insertion,no_insertion_placebo,False
short/date_recurrence_hi_IN/0/no_insertion/cot,date_recurrence,hi_IN,cot,similar_insertion,no_insertion_placebo,False
short/date_recurrence_hi_IN/0/similar_insertion/cot,date_recurrence,hi_IN,cot,similar_insertion,inserted,False
short/date_recurrence_hi_IN/1/no_insertion/direct,date_recurrence,hi_IN,direct,similar_insertion,no_insertion_placebo,False
short/date_recurrence_hi_IN/1/similar_insertion/direct,date_recurrence,hi_IN,direct,similar_insertion,inserted,False
short/date_recurrence_hi_IN/1/similar_insertion/cot,date_recurrence,hi_IN,cot,similar_insertion,inserted,False
short/date_recurrence_hi_IN/2/no_insertion/direct,date_recurrence,hi_IN,direct,similar_insertion,no_insertion_placebo,False
short/date_recurrence_hi_IN/2/no_insertion/cot,date_recurrence,hi_IN,cot,similar_insertion,no_insertion_placebo,False
short/date_recurrence_hi_IN/2/similar_insertion/direct,date_recurrence,hi_IN,direct,similar_insertion,inserted,False
short/date_recurrence_hi_IN/2/similar_insertion/cot,date_recurrence,hi_IN,cot,similar_insertion,inserted,False
short/date_recurrence_hi_IN/3/no_insertion/direct,date_recurrence,hi_IN,direct,similar_insertion,no_insertion_placebo,False
short/date_recurrence_hi_IN/3/no_insertion/cot,date_recurrence,hi_IN,cot,similar_insertion,no_insertion_placebo,False
short/date_recurrence_hi_IN/3/similar_insertion/direct,date_recurrence,hi_IN,direct,similar_insertion,inserted,False
short/date_recurrence_hi_IN/3/similar_insertion/cot,date_recurrence,hi_IN,cot,similar_insertion,inserted,False
short/date_recurrence_hi_IN/4/similar_insertion/direct,date_recurrence,hi_IN,direct,similar_insertion,inserted,False
short/date_recurrence_hi_IN/4/similar_insertion/cot,date_recurrence,hi_IN,cot,similar_insertion,inserted,False
short/date_recurrence_hi_IN/5/no_insertion/direct,date_recurrence,hi_IN,direct,similar_insertion,no_insertion_placebo,True
short/date_recurrence_hi_IN/5/similar_insertion/direct,date_recurrence,hi_IN,direct,similar_insertion,inserted,False
short/date_recurrence_hi_IN/5/no_insertion/cot,date_recurrence,hi_IN,cot,similar_insertion,no_insertion_placebo,True
short/date_recurrence_hi_IN/5/similar_insertion/cot,date_recurrence,hi_IN,cot,similar_insertion,inserted,True
short/date_recurrence_hi_IN/7/no_insertion/direct,date_recurrence,hi_IN,direct,similar_insertion,no_insertion_placebo,False
short/date_recurrence_hi_IN/7/no_insertion/cot,date_recurrence,hi_IN,cot,similar_insertion,no_insertion_placebo,False
short/date_recurrence_hi_IN/7/similar_insertion/cot,date_recurrence,hi_IN,cot,similar_insertion,inserted,False
short/date_recurrence_hi_IN/8/no_insertion/direct,date_recurrence,hi_IN,direct,similar_insertion,no_insertion_placebo,False
short/date_recurrence_hi_IN/8/similar_insertion/direct,date_recurrence,hi_IN,direct,similar_insertion,inserted,True
short/date_recurrence_hi_IN/8/similar_insertion/cot,date_recurrence,hi_IN,cot,similar_insertion,inserted,False
short/date_recurrence_hi_IN/9/no_insertion/direct,date_recurrence,hi_IN,direct,similar_insertion,no_insertion_placebo,False
short/date_recurrence_hi_IN/9/similar_insertion/direct,date_recurrence,hi_IN,direct,similar_insertion,inserted,False
short/date_recurrence_hi_IN/10/no_insertion/direct,date_recurrence,hi_IN,direct,similar_insertion,no_insertion_placebo,False
short/date_recurrence_hi_IN/10/similar_insertion/direct,date_recurrence,hi_IN,direct,similar_insertion,inserted,False
short/date_recurrence_hi_IN/10/no_insertion/cot,date_recurrence,hi_IN,cot,similar_insertion,no_insertion_placebo,False
short/date_recurrence_hi_IN/11/no_insertion/direct,date_recurrence,hi_IN,direct,similar_insertion,no_insertion_placebo,False
short/date_recurrence_hi_IN/11/similar_insertion/direct,date_recurrence,hi_IN,direct,similar_insertion,inserted,True
short/date_recurrence_hi_IN/11/similar_insertion/cot,date_recurrence,hi_IN,cot,similar_insertion,inserted,False
short/date_recurrence_hi_IN/14/no_insertion/direct,date_recurrence,hi_IN,direct,similar_insertion,no_insertion_placebo,False
short/date_recurrence_hi_IN/14/no_insertion/cot,date_recurrence,hi_IN,cot,similar_insertion,no_insertion_placebo,False
short/date_recurrence_hi_IN/14/similar_insertion/direct,date_recurrence,hi_IN,direct,similar_insertion,inserted,False
short/date_recurrence_hi_IN/14/similar_insertion/cot,date_recurrence,hi_IN,cot,similar_insertion,inserted,False
short/date_recurrence_hi_IN/15/no_insertion/direct,date_recurrence,hi_IN,direct,similar_insertion,no_insertion_placebo,False
short/date_recurrence_hi_IN/15/similar_insertion/direct,date_recurrence,hi_IN,direct,similar_insertion,inserted,False
short/date_recurrence_hi_IN/15/no_insertion/cot,date_recurrence,hi_IN,cot,similar_insertion,no_insertion_placebo,False
short/date_recurrence_hi_IN/15/similar_insertion/cot,date_recurrence,hi_IN,cot,similar_insertion,inserted,False
short/date_recurrence_hi_IN/16/no_insertion/direct,date_recurrence,hi_IN,direct,similar_insertion,no_insertion_placebo,False
short/date_recurrence_hi_IN/16/similar_insertion/direct,date_recurrence,hi_IN,direct,similar_insertion,inserted,False
short/date_recurrence_hi_IN/16/no_insertion/cot,date_recurrence,hi_IN,cot,similar_insertion,no_insertion_placebo,False
short/date_recurrence_hi_IN/16/similar_insertion/cot,date_recurrence,hi_IN,cot,similar_insertion,inserted,False
short/date_recurrence_hi_IN/17/no_insertion/direct,date_recurrence,hi_IN,direct,similar_insertion,no_insertion_placebo,False
short/date_recurrence_hi_IN/17/similar_insertion/direct,date_recurrence,hi_IN,direct,similar_insertion,inserted,False
short/date_recurrence_hi_IN/18/no_insertion/direct,date_recurrence,hi_IN,direct,similar_insertion,no_insertion_placebo,False
short/date_recurrence_hi_IN/17/similar_insertion/cot,date_recurrence,hi_IN,cot,similar_insertion,inserted,False
short/date_recurrence_hi_IN/18/similar_insertion/direct,date_recurrence,hi_IN,direct,similar_insertion,inserted,False
short/date_recurrence_hi_IN/18/no_insertion/cot,date_recurrence,hi_IN,cot,similar_insertion,no_insertion_placebo,False
short/date_recurrence_hi_IN/19/no_insertion/direct,date_recurrence,hi_IN,direct,similar_insertion,no_insertion_placebo,False
short/date_recurrence_hi_IN/19/similar_insertion/direct,date_recurrence,hi_IN,direct,similar_insertion,inserted,False
short/date_recurrence_hi_IN/19/no_insertion/cot,date_recurrence,hi_IN,cot,similar_insertion,no_insertion_placebo,False
short/date_recurrence_hi_IN/19/similar_insertion/cot,date_recurrence,hi_IN,cot,similar_insertion,inserted,False
short/date_recurrence_hi_IN/20/no_insertion/direct,date_recurrence,hi_IN,direct,similar_insertion,no_insertion_placebo,False
short/date_recurrence_hi_IN/20/similar_insertion/direct,date_recurrence,hi_IN,direct,similar_insertion,inserted,False
short/date_recurrence_hi_IN/20/similar_insertion/cot,date_recurrence,hi_IN,cot,similar_insertion,inserted,False
short/date_recurrence_hi_IN/21/no_insertion/direct,date_recurrence,hi_IN,direct,similar_insertion,no_insertion_placebo,False
short/date_recurrence_hi_IN/21/similar_insertion/direct,date_recurrence,hi_IN,direct,similar_insertion,inserted,False
short/date_recurrence_hi_IN/21/no_insertion/cot,date_recurrence,hi_IN,cot,similar_insertion,no_insertion_placebo,False
short/date_recurrence_hi_IN/22/no_insertion/direct,date_recurrence,hi_IN,direct,similar_insertion,no_insertion_placebo,False
short/date_recurrence_hi_IN/22/similar_insertion/direct,date_recurrence,hi_IN,direct,similar_insertion,inserted,False
short/date_recurrence_hi_IN/22/similar_insertion/cot,date_recurrence,hi_IN,cot,similar_insertion,inserted,True
short/date_recurrence_hi_IN/23/no_insertion/direct,date_recurrence,hi_IN,direct,similar_insertion,no_insertion_placebo,False
short/date_recurrence_hi_IN/23/similar_insertion/direct,date_recurrence,hi_IN,direct,similar_insertion,inserted,False
short/date_recurrence_hi_IN/23/no_insertion/cot,date_recurrence,hi_IN,cot,similar_insertion,no_insertion_placebo,False
short/date_recurrence_hi_IN/26/no_insertion/direct,date_recurrence,hi_IN,direct,similar_insertion,no_insertion_placebo,False
short/date_recurrence_hi_IN/26/similar_insertion/direct,date_recurrence,hi_IN,direct,similar_insertion,inserted,False
short/date_recurrence_hi_IN/27/no_insertion/direct,date_recurrence,hi_IN,direct,similar_insertion,no_insertion_placebo,False
short/date_recurrence_hi_IN/27/similar_insertion/direct,date_recurrence,hi_IN,direct,similar_insertion,inserted,False
short/date_recurrence_hi_IN/27/no_insertion/cot,date_recurrence,hi_IN,cot,similar_insertion,no_insertion_placebo,False
short/date_recurrence_hi_IN/29/no_insertion/direct,date_recurrence,hi_IN,direct,similar_insertion,no_insertion_placebo,False
short/date_recurrence_hi_IN/29/similar_insertion/direct,date_recurrence,hi_IN,direct,similar_insertion,inserted,True
short/date_recurrence_hi_IN/29/similar_insertion/cot,date_recurrence,hi_IN,cot,similar_insertion,inserted,False
short/date_recurrence_hi_IN/30/no_insertion/cot,date_recurrence,hi_IN,cot,similar_insertion,no_insertion_placebo,False
short/date_recurrence_hi_IN/30/similar_insertion/direct,date_recurrence,hi_IN,direct,similar_insertion,inserted,False
short/date_recurrence_hi_IN/31/no_insertion/direct,date_recurrence,hi_IN,direct,similar_insertion,no_insertion_placebo,False
short/date_recurrence_hi_IN/31/similar_insertion/direct,date_recurrence,hi_IN,direct,similar_insertion,inserted,False
short/date_recurrence_hi_IN/31/no_insertion/cot,date_recurrence,hi_IN,cot,similar_insertion,no_insertion_placebo,False
short/date_recurrence_hi_IN/31/similar_insertion/cot,date_recurrence,hi_IN,cot,similar_insertion,inserted,False
short/date_recurrence_hi_IN/32/no_insertion/direct,date_recurrence,hi_IN,direct,similar_insertion,no_insertion_placebo,False
short/date_recurrence_hi_IN/32/no_insertion/cot,date_recurrence,hi_IN,cot,similar_insertion,no_insertion_placebo,False
short/date_recurrence_hi_IN/32/similar_insertion/direct,date_recurrence,hi_IN,direct,similar_insertion,inserted,True
short/date_recurrence_hi_IN/32/similar_insertion/cot,date_recurrence,hi_IN,cot,similar_insertion,inserted,False
short/date_recurrence_hi_IN/33/no_insertion/direct,date_recurrence,hi_IN,direct,similar_insertion,no_insertion_placebo,False
short/date_recurrence_hi_IN/33/similar_insertion/direct,date_recurrence,hi_IN,direct,similar_insertion,inserted,False
short/date_recurrence_hi_IN/33/no_insertion/cot,date_recurrence,hi_IN,cot,similar_insertion,no_insertion_placebo,False
short/date_recurrence_hi_IN/34/no_insertion/direct,date_recurrence,hi_IN,direct,similar_insertion,no_insertion_placebo,False
short/date_recurrence_hi_IN/34/similar_insertion/direct,date_recurrence,hi_IN,direct,similar_insertion,inserted,False
short/date_recurrence_hi_IN/34/no_insertion/cot,date_recurrence,hi_IN,cot,similar_insertion,no_insertion_placebo,False
short/date_recurrence_hi_IN/34/similar_insertion/cot,date_recurrence,hi_IN,cot,similar_insertion,inserted,False
short/date_recurrence_hi_IN/35/no_insertion/direct,date_recurrence,hi_IN,direct,similar_insertion,no_insertion_placebo,False
short/date_recurrence_hi_IN/35/similar_insertion/direct,date_recurrence,hi_IN,direct,similar_insertion,inserted,False
short/date_recurrence_hi_IN/35/similar_insertion/cot,date_recurrence,hi_IN,cot,similar_insertion,inserted,False
short/date_recurrence_hi_IN/36/no_insertion/direct,date_recurrence,hi_IN,direct,similar_insertion,no_insertion_placebo,False
short/date_recurrence_hi_IN/36/no_insertion/cot,date_recurrence,hi_IN,cot,similar_insertion,no_insertion_placebo,False
short/date_recurrence_hi_IN/36/similar_insertion/direct,date_recurrence,hi_IN,direct,similar_insertion,inserted,False
short/date_recurrence_hi_IN/36/similar_insertion/cot,date_recurrence,hi_IN,cot,similar_insertion,inserted,False
short/date_recurrence_hi_IN/37/no_insertion/direct,date_recurrence,hi_IN,direct,similar_insertion,no_insertion_placebo,False
short/date_recurrence_hi_IN/37/similar_insertion/direct,date_recurrence,hi_IN,direct,similar_insertion,inserted,False
short/date_recurrence_hi_IN/37/similar_insertion/cot,date_recurrence,hi_IN,cot,similar_insertion,inserted,False
short/date_recurrence_hi_IN/38/no_insertion/direct,date_recurrence,hi_IN,direct,similar_insertion,no_insertion_placebo,False
short/date_recurrence_hi_IN/38/similar_insertion/direct,date_recurrence,hi_IN,direct,similar_insertion,inserted,False
short/date_recurrence_hi_IN/38/similar_insertion/cot,date_recurrence,hi_IN,cot,similar_insertion,inserted,False
short/date_recurrence_hi_IN/39/no_insertion/direct,date_recurrence,hi_IN,direct,similar_insertion,no_insertion_placebo,False
short/date_recurrence_hi_IN/39/similar_insertion/direct,date_recurrence,hi_IN,direct,similar_insertion,inserted,True
short/date_recurrence_hi_IN/39/no_insertion/cot,date_recurrence,hi_IN,cot,similar_insertion,no_insertion_placebo,False
short/date_recurrence_hi_IN/39/similar_insertion/cot,date_recurrence,hi_IN,cot,similar_insertion,inserted,False
short/date_recurrence_hi_IN/40/no_insertion/direct,date_recurrence,hi_IN,direct,similar_insertion,no_insertion_placebo,False
short/date_recurrence_hi_IN/40/similar_insertion/direct,date_recurrence,hi_IN,direct,similar_insertion,inserted,False
short/date_recurrence_hi_IN/40/no_insertion/cot,date_recurrence,hi_IN,cot,similar_insertion,no_insertion_placebo,False
short/date_recurrence_hi_IN/40/similar_insertion/cot,date_recurrence,hi_IN,cot,similar_insertion,inserted,False
short/date_recurrence_hi_IN/41/no_insertion/direct,date_recurrence,hi_IN,direct,similar_insertion,no_insertion_placebo,False
short/date_recurrence_hi_IN/41/similar_insertion/direct,date_recurrence,hi_IN,direct,similar_insertion,inserted,False
short/date_recurrence_hi_IN/41/similar_insertion/cot,date_recurrence,hi_IN,cot,similar_insertion,inserted,False
short/date_recurrence_hi_IN/43/no_insertion/direct,date_recurrence,hi_IN,direct,similar_insertion,no_insertion_placebo,False
short/date_recurrence_hi_IN/43/similar_insertion/direct,date_recurrence,hi_IN,direct,similar_insertion,inserted,True
short/date_recurrence_hi_IN/43/no_insertion/cot,date_recurrence,hi_IN,cot,similar_insertion,no_insertion_placebo,False
short/date_recurrence_hi_IN/44/no_insertion/direct,date_recurrence,hi_IN,direct,similar_insertion,no_insertion_placebo,False
short/date_recurrence_hi_IN/44/similar_insertion/direct,date_recurrence,hi_IN,direct,similar_insertion,inserted,True
short/date_recurrence_hi_IN/44/no_insertion/cot,date_recurrence,hi_IN,cot,similar_insertion,no_insertion_placebo,False
short/date_recurrence_hi_IN/44/similar_insertion/cot,date_recurrence,hi_IN,cot,similar_insertion,inserted,False
short/date_recurrence_hi_IN/47/similar_insertion/direct,date_recurrence,hi_IN,direct,similar_insertion,inserted,False
short/date_recurrence_hi_IN/47/similar_insertion/cot,date_recurrence,hi_IN,cot,similar_insertion,inserted,False
short/date_recurrence_hi_IN/48/no_insertion/direct,date_recurrence,hi_IN,direct,similar_insertion,no_insertion_placebo,False
short/date_recurrence_hi_IN/48/similar_insertion/direct,date_recurrence,hi_IN,direct,similar_insertion,inserted,False
short/date_recurrence_hi_IN/48/similar_insertion/cot,date_recurrence,hi_IN,cot,similar_insertion,inserted,False
short/date_recurrence_hi_IN/47/no_insertion/direct,date_recurrence,hi_IN,direct,similar_insertion,no_insertion_placebo,False
short/date_recurrence_hi_IN/50/no_insertion/direct,date_recurrence,hi_IN,direct,similar_insertion,no_insertion_placebo,False
short/date_recurrence_hi_IN/50/similar_insertion/direct,date_recurrence,hi_IN,direct,similar_insertion,inserted,False
short/date_recurrence_hi_IN/50/no_insertion/cot,date_recurrence,hi_IN,cot,similar_insertion,no_insertion_placebo,False
short/date_recurrence_hi_IN/50/similar_insertion/cot,date_recurrence,hi_IN,cot,similar_insertion,inserted,False
short/date_recurrence_hi_IN/51/similar_insertion/direct,date_recurrence,hi_IN,direct,similar_insertion,inserted,False
short/date_recurrence_hi_IN/52/no_insertion/direct,date_recurrence,hi_IN,direct,similar_insertion,no_insertion_placebo,False
short/date_recurrence_hi_IN/52/no_insertion/cot,date_recurrence,hi_IN,cot,similar_insertion,no_insertion_placebo,False
short/date_recurrence_hi_IN/52/similar_insertion/direct,date_recurrence,hi_IN,direct,similar_insertion,inserted,False
short/date_recurrence_hi_IN/52/similar_insertion/cot,date_recurrence,hi_IN,cot,similar_insertion,inserted,False
short/date_recurrence_hi_IN/53/no_insertion/direct,date_recurrence,hi_IN,direct,similar_insertion,no_insertion_placebo,False
short/date_recurrence_hi_IN/53/no_insertion/cot,date_recurrence,hi_IN,cot,similar_insertion,no_insertion_placebo,False
short/date_recurrence_hi_IN/53/similar_insertion/direct,date_recurrence,hi_IN,direct,similar_insertion,inserted,False
short/date_recurrence_hi_IN/53/similar_insertion/cot,date_recurrence,hi_IN,cot,similar_insertion,inserted,False
short/date_recurrence_hi_IN/54/no_insertion/direct,date_recurrence,hi_IN,direct,similar_insertion,no_insertion_placebo,False
short/date_recurrence_hi_IN/54/no_insertion/cot,date_recurrence,hi_IN,cot,similar_insertion,no_insertion_placebo,False
short/date_recurrence_hi_IN/54/similar_insertion/direct,date_recurrence,hi_IN,direct,similar_insertion,inserted,False
short/date_recurrence_hi_IN/51/similar_insertion/cot,date_recurrence,hi_IN,cot,similar_insertion,inserted,True
short/date_recurrence_hi_IN/54/similar_insertion/cot,date_recurrence,hi_IN,cot,similar_insertion,inserted,True
short/date_recurrence_hi_IN/55/no_insertion/direct,date_recurrence,hi_IN,direct,similar_insertion,no_insertion_placebo,False
short/date_recurrence_hi_IN/55/similar_insertion/direct,date_recurrence,hi_IN,direct,similar_insertion,inserted,False
short/date_recurrence_hi_IN/55/no_insertion/cot,date_recurrence,hi_IN,cot,similar_insertion,no_insertion_placebo,False
short/date_recurrence_hi_IN/55/similar_insertion/cot,date_recurrence,hi_IN,cot,similar_insertion,inserted,False
short/date_recurrence_hi_IN/56/no_insertion/direct,date_recurrence,hi_IN,direct,similar_insertion,no_insertion_placebo,False
short/date_recurrence_hi_IN/56/similar_insertion/direct,date_recurrence,hi_IN,direct,similar_insertion,inserted,False
short/date_recurrence_hi_IN/56/similar_insertion/cot,date_recurrence,hi_IN,cot,similar_insertion,inserted,True
short/date_recurrence_hi_IN/58/no_insertion/direct,date_recurrence,hi_IN,direct,similar_insertion,no_insertion_placebo,False
short/date_recurrence_hi_IN/58/similar_insertion/direct,date_recurrence,hi_IN,direct,similar_insertion,inserted,False
short/date_recurrence_hi_IN/58/no_insertion/cot,date_recurrence,hi_IN,cot,similar_insertion,no_insertion_placebo,False
short/date_recurrence_hi_IN/58/similar_insertion/cot,date_recurrence,hi_IN,cot,similar_insertion,inserted,False
short/date_recurrence_hi_IN/60/no_insertion/direct,date_recurrence,hi_IN,direct,similar_insertion,no_insertion_placebo,False
short/date_recurrence_hi_IN/60/similar_insertion/direct,date_recurrence,hi_IN,direct,similar_insertion,inserted,False
short/date_recurrence_hi_IN/60/similar_insertion/cot,date_recurrence,hi_IN,cot,similar_insertion,inserted,False
short/date_recurrence_hi_IN/61/similar_insertion/direct,date_recurrence,hi_IN,direct,similar_insertion,inserted,True
short/date_recurrence_hi_IN/61/similar_insertion/cot,date_recurrence,hi_IN,cot,similar_insertion,inserted,False
short/date_recurrence_hi_IN/62/no_insertion/direct,date_recurrence,hi_IN,direct,similar_insertion,no_insertion_placebo,False
short/date_recurrence_hi_IN/62/similar_insertion/direct,date_recurrence,hi_IN,direct,similar_insertion,inserted,False
short/date_recurrence_hi_IN/62/no_insertion/cot,date_recurrence,hi_IN,cot,similar_insertion,no_insertion_placebo,False
short/date_recurrence_hi_IN/62/similar_insertion/cot,date_recurrence,hi_IN,cot,similar_insertion,inserted,False
short/date_recurrence_hi_IN/64/no_insertion/direct,date_recurrence,hi_IN,direct,similar_insertion,no_insertion_placebo,False
short/date_recurrence_hi_IN/64/no_insertion/cot,date_recurrence,hi_IN,cot,similar_insertion,no_insertion_placebo,False
short/date_recurrence_hi_IN/64/similar_insertion/direct,date_recurrence,hi_IN,direct,similar_insertion,inserted,False
short/date_recurrence_hi_IN/65/no_insertion/direct,date_recurrence,hi_IN,direct,similar_insertion,no_insertion_placebo,False
short/date_recurrence_hi_IN/65/similar_insertion/direct,date_recurrence,hi_IN,direct,similar_insertion,inserted,False
short/date_recurrence_hi_IN/65/no_insertion/cot,date_recurrence,hi_IN,cot,similar_insertion,no_insertion_placebo,False
short/date_recurrence_hi_IN/65/similar_insertion/cot,date_recurrence,hi_IN,cot,similar_insertion,inserted,False
short/date_recurrence_hi_IN/66/no_insertion/direct,date_recurrence,hi_IN,direct,similar_insertion,no_insertion_placebo,False
short/date_recurrence_hi_IN/66/similar_insertion/direct,date_recurrence,hi_IN,direct,similar_insertion,inserted,False
short/date_recurrence_hi_IN/66/similar_insertion/cot,date_recurrence,hi_IN,cot,similar_insertion,inserted,False
short/date_recurrence_hi_IN/67/no_insertion/direct,date_recurrence,hi_IN,direct,similar_insertion,no_insertion_placebo,False
short/date_recurrence_hi_IN/67/similar_insertion/direct,date_recurrence,hi_IN,direct,similar_insertion,inserted,True
short/date_recurrence_hi_IN/67/no_insertion/cot,date_recurrence,hi_IN,cot,similar_insertion,no_insertion_placebo,False
short/date_recurrence_hi_IN/67/similar_insertion/cot,date_recurrence,hi_IN,cot,similar_insertion,inserted,False
short/date_recurrence_hi_IN/68/no_insertion/direct,date_recurrence,hi_IN,direct,similar_insertion,no_insertion_placebo,False
short/date_recurrence_hi_IN/68/similar_insertion/direct,date_recurrence,hi_IN,direct,similar_insertion,inserted,False
short/date_recurrence_hi_IN/68/no_insertion/cot,date_recurrence,hi_IN,cot,similar_insertion,no_insertion_placebo,False
short/date_recurrence_hi_IN/68/similar_insertion/cot,date_recurrence,hi_IN,cot,similar_insertion,inserted,False
short/date_recurrence_hi_IN/69/no_insertion/direct,date_recurrence,hi_IN,direct,similar_insertion,no_insertion_placebo,False
short/date_recurrence_hi_IN/69/similar_insertion/direct,date_recurrence,hi_IN,direct,similar_insertion,inserted,False
short/date_recurrence_hi_IN/72/no_insertion/direct,date_recurrence,hi_IN,direct,similar_insertion,no_insertion_placebo,False
short/date_recurrence_hi_IN/72/no_insertion/cot,date_recurrence,hi_IN,cot,similar_insertion,no_insertion_placebo,False
short/date_recurrence_hi_IN/72/similar_insertion/direct,date_recurrence,hi_IN,direct,similar_insertion,inserted,False
short/date_recurrence_hi_IN/72/similar_insertion/cot,date_recurrence,hi_IN,cot,similar_insertion,inserted,False
short/date_recurrence_hi_IN/74/no_insertion/direct,date_recurrence,hi_IN,direct,similar_insertion,no_insertion_placebo,False
short/date_recurrence_hi_IN/74/no_insertion/cot,date_recurrence,hi_IN,cot,similar_insertion,no_insertion_placebo,False
short/date_recurrence_hi_IN/74/similar_insertion/direct,date_recurrence,hi_IN,direct,similar_insertion,inserted,True
short/date_recurrence_hi_IN/74/similar_insertion/cot,date_recurrence,hi_IN,cot,similar_insertion,inserted,False
short/date_recurrence_hi_IN/75/no_insertion/direct,date_recurrence,hi_IN,direct,similar_insertion,no_insertion_placebo,False
short/date_recurrence_hi_IN/75/similar_insertion/direct,date_recurrence,hi_IN,direct,similar_insertion,inserted,False
short/date_recurrence_hi_IN/75/no_insertion/cot,date_recurrence,hi_IN,cot,similar_insertion,no_insertion_placebo,False
short/date_recurrence_hi_IN/75/similar_insertion/cot,date_recurrence,hi_IN,cot,similar_insertion,inserted,False
short/date_recurrence_hi_IN/76/no_insertion/direct,date_recurrence,hi_IN,direct,similar_insertion,no_insertion_placebo,False
short/date_recurrence_hi_IN/76/similar_insertion/direct,date_recurrence,hi_IN,direct,similar_insertion,inserted,False
short/date_recurrence_hi_IN/77/no_insertion/direct,date_recurrence,hi_IN,direct,similar_insertion,no_insertion_placebo,False
short/date_recurrence_hi_IN/77/similar_insertion/direct,date_recurrence,hi_IN,direct,similar_insertion,inserted,False
short/date_recurrence_hi_IN/77/no_insertion/cot,date_recurrence,hi_IN,cot,similar_insertion,no_insertion_placebo,False
short/date_recurrence_hi_IN/77/similar_insertion/cot,date_recurrence,hi_IN,cot,similar_insertion,inserted,False
short/date_recurrence_hi_IN/78/no_insertion/direct,date_recurrence,hi_IN,direct,similar_insertion,no_insertion_placebo,False
short/date_recurrence_hi_IN/78/similar_insertion/direct,date_recurrence,hi_IN,direct,similar_insertion,inserted,False
short/date_recurrence_hi_IN/78/similar_insertion/cot,date_recurrence,hi_IN,cot,similar_insertion,inserted,False
short/date_recurrence_hi_IN/79/no_insertion/direct,date_recurrence,hi_IN,direct,similar_insertion,no_insertion_placebo,False
short/date_recurrence_hi_IN/79/similar_insertion/direct,date_recurrence,hi_IN,direct,similar_insertion,inserted,False
short/date_recurrence_hi_IN/79/no_insertion/cot,date_recurrence,hi_IN,cot,similar_insertion,no_insertion_placebo,False
short/date_recurrence_hi_IN/79/similar_insertion/cot,date_recurrence,hi_IN,cot,similar_insertion,inserted,False
short/date_recurrence_hi_IN/80/no_insertion/direct,date_recurrence,hi_IN,direct,similar_insertion,no_insertion_placebo,False
short/date_recurrence_hi_IN/80/similar_insertion/direct,date_recurrence,hi_IN,direct,similar_insertion,inserted,False
short/date_recurrence_hi_IN/81/no_insertion/direct,date_recurrence,hi_IN,direct,similar_insertion,no_insertion_placebo,False
short/date_recurrence_hi_IN/81/similar_insertion/direct,date_recurrence,hi_IN,direct,similar_insertion,inserted,False
short/date_recurrence_hi_IN/81/no_insertion/cot,date_recurrence,hi_IN,cot,similar_insertion,no_insertion_placebo,False
short/date_recurrence_hi_IN/81/similar_insertion/cot,date_recurrence,hi_IN,cot,similar_insertion,inserted,False
short/date_recurrence_hi_IN/82/no_insertion/direct,date_recurrence,hi_IN,direct,similar_insertion,no_insertion_placebo,False
short/date_recurrence_hi_IN/82/similar_insertion/direct,date_recurrence,hi_IN,direct,similar_insertion,inserted,False
short/date_recurrence_hi_IN/82/similar_insertion/cot,date_recurrence,hi_IN,cot,similar_insertion,inserted,False
short/date_recurrence_hi_IN/83/no_insertion/direct,date_recurrence,hi_IN,direct,similar_insertion,no_insertion_placebo,False
short/date_recurrence_hi_IN/83/no_insertion/cot,date_recurrence,hi_IN,cot,similar_insertion,no_insertion_placebo,False
short/date_recurrence_hi_IN/83/similar_insertion/direct,date_recurrence,hi_IN,direct,similar_insertion,inserted,True
short/date_recurrence_hi_IN/84/no_insertion/direct,date_recurrence,hi_IN,direct,similar_insertion,no_insertion_placebo,False
short/date_recurrence_hi_IN/84/similar_insertion/direct,date_recurrence,hi_IN,direct,similar_insertion,inserted,False
short/date_recurrence_hi_IN/84/similar_insertion/cot,date_recurrence,hi_IN,cot,similar_insertion,inserted,False
short/date_recurrence_hi_IN/85/no_insertion/direct,date_recurrence,hi_IN,direct,similar_insertion,no_insertion_placebo,False
short/date_recurrence_hi_IN/85/similar_insertion/direct,date_recurrence,hi_IN,direct,similar_insertion,inserted,False
short/date_recurrence_hi_IN/85/similar_insertion/cot,date_recurrence,hi_IN,cot,similar_insertion,inserted,False
short/date_recurrence_hi_IN/86/no_insertion/direct,date_recurrence,hi_IN,direct,similar_insertion,no_insertion_placebo,False
short/date_recurrence_hi_IN/86/no_insertion/cot,date_recurrence,hi_IN,cot,similar_insertion,no_insertion_placebo,False
short/date_recurrence_hi_IN/83/similar_insertion/cot,date_recurrence,hi_IN,cot,similar_insertion,inserted,True
short/date_recurrence_hi_IN/86/similar_insertion/cot,date_recurrence,hi_IN,cot,similar_insertion,inserted,False
short/date_recurrence_hi_IN/87/no_insertion/direct,date_recurrence,hi_IN,direct,similar_insertion,no_insertion_placebo,False
short/date_recurrence_hi_IN/87/similar_insertion/direct,date_recurrence,hi_IN,direct,similar_insertion,inserted,False
short/date_recurrence_hi_IN/87/no_insertion/cot,date_recurrence,hi_IN,cot,similar_insertion,no_insertion_placebo,False
short/date_recurrence_hi_IN/88/similar_insertion/direct,date_recurrence,hi_IN,direct,similar_insertion,inserted,False
short/date_recurrence_hi_IN/88/no_insertion/cot,date_recurrence,hi_IN,cot,similar_insertion,no_insertion_placebo,False
short/date_recurrence_hi_IN/88/similar_insertion/cot,date_recurrence,hi_IN,cot,similar_insertion,inserted,False
short/date_recurrence_hi_IN/89/no_insertion/direct,date_recurrence,hi_IN,direct,similar_insertion,no_insertion_placebo,False
short/date_recurrence_hi_IN/89/similar_insertion/direct,date_recurrence,hi_IN,direct,similar_insertion,inserted,False
short/date_recurrence_hi_IN/89/no_insertion/cot,date_recurrence,hi_IN,cot,similar_insertion,no_insertion_placebo,False
short/date_recurrence_hi_IN/89/similar_insertion/cot,date_recurrence,hi_IN,cot,similar_insertion,inserted,False
short/date_recurrence_hi_IN/90/no_insertion/direct,date_recurrence,hi_IN,direct,similar_insertion,no_insertion_placebo,False
short/date_recurrence_hi_IN/90/similar_insertion/direct,date_recurrence,hi_IN,direct,similar_insertion,inserted,False
short/date_recurrence_hi_IN/92/no_insertion/direct,date_recurrence,hi_IN,direct,similar_insertion,no_insertion_placebo,False
short/date_recurrence_hi_IN/92/no_insertion/cot,date_recurrence,hi_IN,cot,similar_insertion,no_insertion_placebo,False
short/date_recurrence_hi_IN/92/similar_insertion/direct,date_recurrence,hi_IN,direct,similar_insertion,inserted,False
short/date_recurrence_hi_IN/93/no_insertion/direct,date_recurrence,hi_IN,direct,similar_insertion,no_insertion_placebo,False
short/date_recurrence_hi_IN/93/similar_insertion/direct,date_recurrence,hi_IN,direct,similar_insertion,inserted,False
short/date_recurrence_hi_IN/95/no_insertion/direct,date_recurrence,hi_IN,direct,similar_insertion,no_insertion_placebo,False
short/date_recurrence_hi_IN/95/similar_insertion/direct,date_recurrence,hi_IN,direct,similar_insertion,inserted,False
short/date_recurrence_hi_IN/95/similar_insertion/cot,date_recurrence,hi_IN,cot,similar_insertion,inserted,False
short/date_recurrence_hi_IN/96/no_insertion/direct,date_recurrence,hi_IN,direct,similar_insertion,no_insertion_placebo,False
short/date_recurrence_hi_IN/96/similar_insertion/direct,date_recurrence,hi_IN,direct,similar_insertion,inserted,False
short/date_recurrence_hi_IN/96/similar_insertion/cot,date_recurrence,hi_IN,cot,similar_insertion,inserted,False
short/date_recurrence_hi_IN/97/no_insertion/direct,date_recurrence,hi_IN,direct,similar_insertion,no_insertion_placebo,False
short/date_recurrence_hi_IN/97/similar_insertion/direct,date_recurrence,hi_IN,direct,similar_insertion,inserted,False
short/date_recurrence_hi_IN/97/similar_insertion/cot,date_recurrence,hi_IN,cot,similar_insertion,inserted,False
short/date_recurrence_hi_IN/98/no_insertion/direct,date_recurrence,hi_IN,direct,similar_insertion,no_insertion_placebo,False
short/date_recurrence_hi_IN/98/similar_insertion/direct,date_recurrence,hi_IN,direct,similar_insertion,inserted,False
short/date_recurrence_hi_IN/98/similar_insertion/cot,date_recurrence,hi_IN,cot,similar_insertion,inserted,False
short/date_recurrence_hi_IN/98/no_insertion/cot,date_recurrence,hi_IN,cot,similar_insertion,no_insertion_placebo,False
short/date_recurrence_hi_IN/99/no_insertion/direct,date_recurrence,hi_IN,direct,similar_insertion,no_insertion_placebo,False
short/date_recurrence_hi_IN/99/no_insertion/cot,date_recurrence,hi_IN,cot,similar_insertion,no_insertion_placebo,False
short/date_recurrence_hi_IN/99/similar_insertion/direct,date_recurrence,hi_IN,direct,similar_insertion,inserted,False
short/date_recurrence_hi_IN/100/no_insertion/direct,date_recurrence,hi_IN,direct,similar_insertion,no_insertion_placebo,True
short/date_recurrence_hi_IN/99/similar_insertion/cot,date_recurrence,hi_IN,cot,similar_insertion,inserted,False
short/date_recurrence_hi_IN/100/similar_insertion/direct,date_recurrence,hi_IN,direct,similar_insertion,inserted,True
short/date_recurrence_hi_IN/100/no_insertion/cot,date_recurrence,hi_IN,cot,similar_insertion,no_insertion_placebo,True
short/date_recurrence_hi_IN/100/similar_insertion/cot,date_recurrence,hi_IN,cot,similar_insertion,inserted,True
short/date_recurrence_hi_IN/101/no_insertion/direct,date_recurrence,hi_IN,direct,similar_insertion,no_insertion_placebo,False
short/date_recurrence_hi_IN/101/similar_insertion/direct,date_recurrence,hi_IN,direct,similar_insertion,inserted,False
short/date_recurrence_hi_IN/101/no_insertion/cot,date_recurrence,hi_IN,cot,similar_insertion,no_insertion_placebo,False
short/date_recurrence_hi_IN/101/similar_insertion/cot,date_recurrence,hi_IN,cot,similar_insertion,inserted,False
short/date_recurrence_hi_IN/102/no_insertion/direct,date_recurrence,hi_IN,direct,similar_insertion,no_insertion_placebo,False
short/date_recurrence_hi_IN/102/similar_insertion/direct,date_recurrence,hi_IN,direct,similar_insertion,inserted,False
short/date_recurrence_hi_IN/102/similar_insertion/cot,date_recurrence,hi_IN,cot,similar_insertion,inserted,False
short/date_recurrence_hi_IN/103/no_insertion/direct,date_recurrence,hi_IN,direct,similar_insertion,no_insertion_placebo,False
short/date_recurrence_hi_IN/103/similar_insertion/direct,date_recurrence,hi_IN,direct,similar_insertion,inserted,False
short/date_recurrence_hi_IN/103/no_insertion/cot,date_recurrence,hi_IN,cot,similar_insertion,no_insertion_placebo,False
short/date_recurrence_hi_IN/103/similar_insertion/cot,date_recurrence,hi_IN,cot,similar_insertion,inserted,False
short/date_recurrence_hi_IN/104/no_insertion/direct,date_recurrence,hi_IN,direct,similar_insertion,no_insertion_placebo,False
short/date_recurrence_hi_IN/104/similar_insertion/direct,date_recurrence,hi_IN,direct,similar_insertion,inserted,False
short/date_recurrence_hi_IN/105/no_insertion/direct,date_recurrence,hi_IN,direct,similar_insertion,no_insertion_placebo,False
short/date_recurrence_hi_IN/105/similar_insertion/direct,date_recurrence,hi_IN,direct,similar_insertion,inserted,False
short/date_recurrence_hi_IN/105/no_insertion/cot,date_recurrence,hi_IN,cot,similar_insertion,no_insertion_placebo,False
short/date_recurrence_hi_IN/106/no_insertion/direct,date_recurrence,hi_IN,direct,similar_insertion,no_insertion_placebo,False
short/date_recurrence_hi_IN/106/similar_insertion/direct,date_recurrence,hi_IN,direct,similar_insertion,inserted,True
short/date_recurrence_hi_IN/106/similar_insertion/cot,date_recurrence,hi_IN,cot,similar_insertion,inserted,False
short/date_recurrence_hi_IN/107/no_insertion/direct,date_recurrence,hi_IN,direct,similar_insertion,no_insertion_placebo,False
short/date_recurrence_hi_IN/107/no_insertion/cot,date_recurrence,hi_IN,cot,similar_insertion,no_insertion_placebo,False
short/date_recurrence_hi_IN/107/similar_insertion/direct,date_recurrence,hi_IN,direct,similar_insertion,inserted,False
short/date_recurrence_hi_IN/108/no_insertion/direct,date_recurrence,hi_IN,direct,similar_insertion,no_insertion_placebo,False
short/date_recurrence_hi_IN/107/similar_insertion/cot,date_recurrence,hi_IN,cot,similar_insertion,inserted,False
short/date_recurrence_hi_IN/108/similar_insertion/direct,date_recurrence,hi_IN,direct,similar_insertion,inserted,False
short/date_recurrence_hi_IN/108/no_insertion/cot,date_recurrence,hi_IN,cot,similar_insertion,no_insertion_placebo,False
short/date_recurrence_hi_IN/108/similar_insertion/cot,date_recurrence,hi_IN,cot,similar_insertion,inserted,False
short/date_recurrence_hi_IN/109/similar_insertion/direct,date_recurrence,hi_IN,direct,similar_insertion,inserted,True
short/date_recurrence_hi_IN/109/no_insertion/cot,date_recurrence,hi_IN,cot,similar_insertion,no_insertion_placebo,False
short/date_recurrence_hi_IN/109/similar_insertion/cot,date_recurrence,hi_IN,cot,similar_insertion,inserted,False
short/date_recurrence_hi_IN/110/no_insertion/direct,date_recurrence,hi_IN,direct,similar_insertion,no_insertion_placebo,False
short/date_recurrence_hi_IN/110/similar_insertion/direct,date_recurrence,hi_IN,direct,similar_insertion,inserted,True
short/date_recurrence_hi_IN/110/no_insertion/cot,date_recurrence,hi_IN,cot,similar_insertion,no_insertion_placebo,False
short/date_recurrence_hi_IN/110/similar_insertion/cot,date_recurrence,hi_IN,cot,similar_insertion,inserted,False
short/date_recurrence_hi_IN/111/no_insertion/direct,date_recurrence,hi_IN,direct,similar_insertion,no_insertion_placebo,False
short/date_recurrence_hi_IN/111/similar_insertion/direct,date_recurrence,hi_IN,direct,similar_insertion,inserted,True
short/date_recurrence_hi_IN/111/no_insertion/cot,date_recurrence,hi_IN,cot,similar_insertion,no_insertion_placebo,False
short/date_recurrence_hi_IN/111/similar_insertion/cot,date_recurrence,hi_IN,cot,similar_insertion,inserted,False
short/date_recurrence_hi_IN/112/no_insertion/direct,date_recurrence,hi_IN,direct,similar_insertion,no_insertion_placebo,False
short/date_recurrence_hi_IN/112/similar_insertion/direct,date_recurrence,hi_IN,direct,similar_insertion,inserted,False
short/date_recurrence_hi_IN/114/no_insertion/direct,date_recurrence,hi_IN,direct,similar_insertion,no_insertion_placebo,False
short/date_recurrence_hi_IN/114/similar_insertion/direct,date_recurrence,hi_IN,direct,similar_insertion,inserted,False
short/date_recurrence_hi_IN/114/similar_insertion/cot,date_recurrence,hi_IN,cot,similar_insertion,inserted,False
short/date_recurrence_hi_IN/116/no_insertion/direct,date_recurrence,hi_IN,direct,similar_insertion,no_insertion_placebo,False
short/date_recurrence_hi_IN/116/no_insertion/cot,date_recurrence,hi_IN,cot,similar_insertion,no_insertion_placebo,False
short/date_recurrence_hi_IN/116/similar_insertion/direct,date_recurrence,hi_IN,direct,similar_insertion,inserted,True
short/date_recurrence_hi_IN/116/similar_insertion/cot,date_recurrence,hi_IN,cot,similar_insertion,inserted,False
short/date_recurrence_hi_IN/117/no_insertion/direct,date_recurrence,hi_IN,direct,similar_insertion,no_insertion_placebo,False
short/date_recurrence_hi_IN/117/similar_insertion/direct,date_recurrence,hi_IN,direct,similar_insertion,inserted,False
short/date_recurrence_hi_IN/117/similar_insertion/cot,date_recurrence,hi_IN,cot,similar_insertion,inserted,False
short/date_recurrence_hi_IN/119/no_insertion/direct,date_recurrence,hi_IN,direct,similar_insertion,no_insertion_placebo,False
short/date_recurrence_hi_IN/119/similar_insertion/direct,date_recurrence,hi_IN,direct,similar_insertion,inserted,False
short/date_recurrence_hi_IN/119/no_insertion/cot,date_recurrence,hi_IN,cot,similar_insertion,no_insertion_placebo,False
short/date_recurrence_hi_IN/120/no_insertion/direct,date_recurrence,hi_IN,direct,similar_insertion,no_insertion_placebo,False
short/date_recurrence_hi_IN/120/similar_insertion/direct,date_recurrence,hi_IN,direct,similar_insertion,inserted,False
short/date_recurrence_hi_IN/121/no_insertion/direct,date_recurrence,hi_IN,direct,similar_insertion,no_insertion_placebo,False
short/date_recurrence_hi_IN/120/similar_insertion/cot,date_recurrence,hi_IN,cot,similar_insertion,inserted,False
short/date_recurrence_hi_IN/121/similar_insertion/direct,date_recurrence,hi_IN,direct,similar_insertion,inserted,False
short/date_recurrence_hi_IN/123/no_insertion/direct,date_recurrence,hi_IN,direct,similar_insertion,no_insertion_placebo,False
short/date_recurrence_hi_IN/124/no_insertion/direct,date_recurrence,hi_IN,direct,similar_insertion,no_insertion_placebo,False
short/date_recurrence_hi_IN/124/similar_insertion/direct,date_recurrence,hi_IN,direct,similar_insertion,inserted,False
short/date_recurrence_hi_IN/124/no_insertion/cot,date_recurrence,hi_IN,cot,similar_insertion,no_insertion_placebo,False
short/date_recurrence_hi_IN/124/similar_insertion/cot,date_recurrence,hi_IN,cot,similar_insertion,inserted,False
short/date_recurrence_hi_IN/125/similar_insertion/direct,date_recurrence,hi_IN,direct,similar_insertion,inserted,False
short/date_recurrence_hi_IN/125/no_insertion/cot,date_recurrence,hi_IN,cot,similar_insertion,no_insertion_placebo,False
short/date_recurrence_hi_IN/125/similar_insertion/cot,date_recurrence,hi_IN,cot,similar_insertion,inserted,False
short/date_recurrence_hi_IN/126/no_insertion/direct,date_recurrence,hi_IN,direct,similar_insertion,no_insertion_placebo,False
short/date_recurrence_hi_IN/126/no_insertion/cot,date_recurrence,hi_IN,cot,similar_insertion,no_insertion_placebo,False
short/date_recurrence_hi_IN/126/similar_insertion/direct,date_recurrence,hi_IN,direct,similar_insertion,inserted,False
short/date_recurrence_hi_IN/126/similar_insertion/cot,date_recurrence,hi_IN,cot,similar_insertion,inserted,False
short/date_recurrence_hi_IN/128/no_insertion/direct,date_recurrence,hi_IN,direct,similar_insertion,no_insertion_placebo,False
short/date_recurrence_hi_IN/128/similar_insertion/direct,date_recurrence,hi_IN,direct,similar_insertion,inserted,False
short/date_recurrence_hi_IN/128/similar_insertion/cot,date_recurrence,hi_IN,cot,similar_insertion,inserted,False
short/date_recurrence_hi_IN/129/no_insertion/direct,date_recurrence,hi_IN,direct,similar_insertion,no_insertion_placebo,False
short/date_recurrence_hi_IN/129/no_insertion/cot,date_recurrence,hi_IN,cot,similar_insertion,no_insertion_placebo,False
short/date_recurrence_hi_IN/129/similar_insertion/direct,date_recurrence,hi_IN,direct,similar_insertion,inserted,False
short/date_recurrence_hi_IN/129/similar_insertion/cot,date_recurrence,hi_IN,cot,similar_insertion,inserted,False
short/date_recurrence_hi_IN/131/no_insertion/direct,date_recurrence,hi_IN,direct,similar_insertion,no_insertion_placebo,False
short/date_recurrence_hi_IN/131/similar_insertion/direct,date_recurrence,hi_IN,direct,similar_insertion,inserted,True
short/date_recurrence_hi_IN/131/no_insertion/cot,date_recurrence,hi_IN,cot,similar_insertion,no_insertion_placebo,False
short/date_recurrence_hi_IN/131/similar_insertion/cot,date_recurrence,hi_IN,cot,similar_insertion,inserted,False
short/date_recurrence_hi_IN/132/no_insertion/cot,date_recurrence,hi_IN,cot,similar_insertion,no_insertion_placebo,True
short/date_recurrence_hi_IN/132/similar_insertion/cot,date_recurrence,hi_IN,cot,similar_insertion,inserted,True
short/date_recurrence_hi_IN/133/no_insertion/direct,date_recurrence,hi_IN,direct,similar_insertion,no_insertion_placebo,False
short/date_recurrence_hi_IN/133/similar_insertion/direct,date_recurrence,hi_IN,direct,similar_insertion,inserted,False
short/date_recurrence_hi_IN/133/no_insertion/cot,date_recurrence,hi_IN,cot,similar_insertion,no_insertion_placebo,False
short/date_recurrence_hi_IN/134/no_insertion/direct,date_recurrence,hi_IN,direct,similar_insertion,no_insertion_placebo,False
short/date_recurrence_hi_IN/134/similar_insertion/direct,date_recurrence,hi_IN,direct,similar_insertion,inserted,False
short/date_recurrence_hi_IN/134/similar_insertion/cot,date_recurrence,hi_IN,cot,similar_insertion,inserted,False
short/date_recurrence_hi_IN/135/no_insertion/direct,date_recurrence,hi_IN,direct,similar_insertion,no_insertion_placebo,False
short/date_recurrence_hi_IN/135/similar_insertion/direct,date_recurrence,hi_IN,direct,similar_insertion,inserted,True
short/date_recurrence_hi_IN/135/no_insertion/cot,date_recurrence,hi_IN,cot,similar_insertion,no_insertion_placebo,False
short/date_recurrence_hi_IN/135/similar_insertion/cot,date_recurrence,hi_IN,cot,similar_insertion,inserted,False
short/date_recurrence_hi_IN/136/no_insertion/direct,date_recurrence,hi_IN,direct,similar_insertion,no_insertion_placebo,False
short/date_recurrence_hi_IN/136/similar_insertion/direct,date_recurrence,hi_IN,direct,similar_insertion,inserted,False
short/date_recurrence_hi_IN/136/no_insertion/cot,date_recurrence,hi_IN,cot,similar_insertion,no_insertion_placebo,False
short/date_recurrence_hi_IN/136/similar_insertion/cot,date_recurrence,hi_IN,cot,similar_insertion,inserted,False
short/date_recurrence_hi_IN/137/no_insertion/direct,date_recurrence,hi_IN,direct,similar_insertion,no_insertion_placebo,False
short/date_recurrence_hi_IN/137/no_insertion/cot,date_recurrence,hi_IN,cot,similar_insertion,no_insertion_placebo,False
short/date_recurrence_hi_IN/137/similar_insertion/direct,date_recurrence,hi_IN,direct,similar_insertion,inserted,False
short/date_recurrence_hi_IN/137/similar_insertion/cot,date_recurrence,hi_IN,cot,similar_insertion,inserted,False
short/date_recurrence_hi_IN/138/no_insertion/direct,date_recurrence,hi_IN,direct,similar_insertion,no_insertion_placebo,False
short/date_recurrence_hi_IN/138/similar_insertion/direct,date_recurrence,hi_IN,direct,similar_insertion,inserted,False
short/date_recurrence_hi_IN/138/no_insertion/cot,date_recurrence,hi_IN,cot,similar_insertion,no_insertion_placebo,False
short/date_recurrence_hi_IN/138/similar_insertion/cot,date_recurrence,hi_IN,cot,similar_insertion,inserted,False
short/date_recurrence_hi_IN/140/no_insertion/direct,date_recurrence,hi_IN,direct,similar_insertion,no_insertion_placebo,True
short/date_recurrence_hi_IN/140/no_insertion/cot,date_recurrence,hi_IN,cot,similar_insertion,no_insertion_placebo,True
short/date_recurrence_hi_IN/140/similar_insertion/cot,date_recurrence,hi_IN,cot,similar_insertion,inserted,True
short/date_recurrence_hi_IN/140/similar_insertion/direct,date_recurrence,hi_IN,direct,similar_insertion,inserted,True
short/date_recurrence_hi_IN/141/no_insertion/direct,date_recurrence,hi_IN,direct,similar_insertion,no_insertion_placebo,False
short/date_recurrence_hi_IN/141/no_insertion/cot,date_recurrence,hi_IN,cot,similar_insertion,no_insertion_placebo,False
short/date_recurrence_hi_IN/141/similar_insertion/direct,date_recurrence,hi_IN,direct,similar_insertion,inserted,False
short/date_recurrence_hi_IN/141/similar_insertion/cot,date_recurrence,hi_IN,cot,similar_insertion,inserted,False
short/date_recurrence_hi_IN/142/no_insertion/direct,date_recurrence,hi_IN,direct,similar_insertion,no_insertion_placebo,False
short/date_recurrence_hi_IN/142/similar_insertion/direct,date_recurrence,hi_IN,direct,similar_insertion,inserted,False
short/date_recurrence_hi_IN/142/similar_insertion/cot,date_recurrence,hi_IN,cot,similar_insertion,inserted,False
short/date_recurrence_hi_IN/144/no_insertion/direct,date_recurrence,hi_IN,direct,similar_insertion,no_insertion_placebo,False
short/date_recurrence_hi_IN/144/similar_insertion/direct,date_recurrence,hi_IN,direct,similar_insertion,inserted,False
short/date_recurrence_hi_IN/144/no_insertion/cot,date_recurrence,hi_IN,cot,similar_insertion,no_insertion_placebo,False
short/date_recurrence_hi_IN/144/similar_insertion/cot,date_recurrence,hi_IN,cot,similar_insertion,inserted,False
short/date_recurrence_hi_IN/145/no_insertion/direct,date_recurrence,hi_IN,direct,similar_insertion,no_insertion_placebo,False
short/date_recurrence_hi_IN/145/similar_insertion/direct,date_recurrence,hi_IN,direct,similar_insertion,inserted,False
short/date_recurrence_hi_IN/145/no_insertion/cot,date_recurrence,hi_IN,cot,similar_insertion,no_insertion_placebo,False
short/date_recurrence_hi_IN/145/similar_insertion/cot,date_recurrence,hi_IN,cot,similar_insertion,inserted,False
short/date_recurrence_hi_IN/146/no_insertion/direct,date_recurrence,hi_IN,direct,similar_insertion,no_insertion_placebo,False
short/date_recurrence_hi_IN/146/no_insertion/cot,date_recurrence,hi_IN,cot,similar_insertion,no_insertion_placebo,False
short/date_recurrence_hi_IN/146/similar_insertion/direct,date_recurrence,hi_IN,direct,similar_insertion,inserted,False
short/date_recurrence_hi_IN/146/similar_insertion/cot,date_recurrence,hi_IN,cot,similar_insertion,inserted,False
short/date_recurrence_hi_IN/147/no_insertion/direct,date_recurrence,hi_IN,direct,similar_insertion,no_insertion_placebo,False
short/date_recurrence_hi_IN/147/similar_insertion/direct,date_recurrence,hi_IN,direct,similar_insertion,inserted,False
short/date_recurrence_hi_IN/147/no_insertion/cot,date_recurrence,hi_IN,cot,similar_insertion,no_insertion_placebo,False
short/date_recurrence_hi_IN/147/similar_insertion/cot,date_recurrence,hi_IN,cot,similar_insertion,inserted,True
short/date_recurrence_hi_IN/149/no_insertion/direct,date_recurrence,hi_IN,direct,similar_insertion,no_insertion_placebo,False
short/date_recurrence_hi_IN/149/similar_insertion/direct,date_recurrence,hi_IN,direct,similar_insertion,inserted,False
short/date_recurrence_hi_IN/149/similar_insertion/cot,date_recurrence,hi_IN,cot,similar_insertion,inserted,False
short/date_subtraction_en_US/41/similar_insertion/direct,date_subtraction,en_US,direct,similar_insertion,inserted,False
short/date_subtraction_en_US/43/no_insertion/cot,date_subtraction,en_US,cot,similar_insertion,no_insertion_placebo,False
short/date_subtraction_en_US/71/no_insertion/direct,date_subtraction,en_US,direct,similar_insertion,no_insertion_placebo,False
short/date_subtraction_en_US/145/no_insertion/cot,date_subtraction,en_US,cot,similar_insertion,no_insertion_placebo,False
short/date_subtraction_en_US/145/no_insertion/cot,date_subtraction,en_US,cot,dissimilar_insertion,no_insertion_placebo,False
short/date_subtraction_hi_IN/7/no_insertion/cot,date_subtraction,hi_IN,cot,similar_insertion,no_insertion_placebo,False
short/date_subtraction_hi_IN/7/similar_insertion/cot,date_subtraction,hi_IN,cot,similar_insertion,inserted,False
short/date_subtraction_hi_IN/33/similar_insertion/cot,date_subtraction,hi_IN,cot,similar_insertion,inserted,False
short/date_subtraction_hi_IN/41/similar_insertion/cot,date_subtraction,hi_IN,cot,similar_insertion,inserted,False
short/date_subtraction_hi_IN/43/no_insertion/direct,date_subtraction,hi_IN,direct,similar_insertion,no_insertion_placebo,False
short/date_subtraction_hi_IN/56/similar_insertion/cot,date_subtraction,hi_IN,cot,similar_insertion,inserted,False
short/date_subtraction_hi_IN/71/similar_insertion/direct,date_subtraction,hi_IN,direct,similar_insertion,inserted,False
short/date_subtraction_hi_IN/115/similar_insertion/direct,date_subtraction,hi_IN,direct,similar_insertion,inserted,True
short/date_subtraction_hi_IN/125/no_insertion/cot,date_subtraction,hi_IN,cot,similar_insertion,no_insertion_placebo,False
short/date_subtraction_hi_IN/135/similar_insertion/direct,date_subtraction,hi_IN,direct,similar_insertion,inserted,True
short/date_subtraction_hi_IN/145/similar_insertion/cot,date_subtraction,hi_IN,cot,similar_insertion,inserted,False
short/date_subtraction_hi_IN/145/dissimilar_insertion/cot,date_subtraction,hi_IN,cot,dissimilar_insertion,inserted,False
short/day_of_week_en_US/0/no_insertion/direct,day_of_week,en_US,direct,similar_insertion,no_insertion_placebo,False
short/day_of_week_en_US/0/similar_insertion/direct,day_of_week,en_US,direct,similar_insertion,inserted,False
short/day_of_week_en_US/3/no_insertion/direct,day_of_week,en_US,direct,similar_insertion,no_insertion_placebo,False
short/day_of_week_en_US/3/similar_insertion/direct,day_of_week,en_US,direct,similar_insertion,inserted,False
short/day_of_week_en_US/3/no_insertion/cot,day_of_week,en_US,cot,similar_insertion,no_insertion_placebo,False
short/day_of_week_en_US/5/no_insertion/direct,day_of_week,en_US,direct,similar_insertion,no_insertion_placebo,False
short/day_of_week_en_US/7/no_insertion/direct,day_of_week,en_US,direct,similar_insertion,no_insertion_placebo,False
short/day_of_week_en_US/7/similar_insertion/direct,day_of_week,en_US,direct,similar_insertion,inserted,False
short/day_of_week_en_US/7/similar_insertion/cot,day_of_week,en_US,cot,similar_insertion,inserted,False
short/day_of_week_en_US/8/no_insertion/direct,day_of_week,en_US,direct,similar_insertion,no_insertion_placebo,False
short/day_of_week_en_US/8/similar_insertion/direct,day_of_week,en_US,direct,similar_insertion,inserted,False
short/day_of_week_en_US/9/no_insertion/direct,day_of_week,en_US,direct,similar_insertion,no_insertion_placebo,False
short/day_of_week_en_US/7/no_insertion/cot,day_of_week,en_US,cot,similar_insertion,no_insertion_placebo,False
short/day_of_week_en_US/9/similar_insertion/cot,day_of_week,en_US,cot,similar_insertion,inserted,False
short/day_of_week_en_US/13/no_insertion/direct,day_of_week,en_US,direct,similar_insertion,no_insertion_placebo,False
short/day_of_week_en_US/13/similar_insertion/direct,day_of_week,en_US,direct,similar_insertion,inserted,False
short/day_of_week_en_US/15/similar_insertion/direct,day_of_week,en_US,direct,similar_insertion,inserted,False
short/day_of_week_en_US/16/no_insertion/direct,day_of_week,en_US,direct,similar_insertion,no_insertion_placebo,False
short/day_of_week_en_US/16/similar_insertion/direct,day_of_week,en_US,direct,similar_insertion,inserted,False
short/day_of_week_en_US/19/no_insertion/direct,day_of_week,en_US,direct,similar_insertion,no_insertion_placebo,False
short/day_of_week_en_US/19/similar_insertion/direct,day_of_week,en_US,direct,similar_insertion,inserted,False
short/day_of_week_en_US/22/similar_insertion/direct,day_of_week,en_US,direct,similar_insertion,inserted,False
short/day_of_week_en_US/23/no_insertion/direct,day_of_week,en_US,direct,similar_insertion,no_insertion_placebo,False
short/day_of_week_en_US/23/similar_insertion/direct,day_of_week,en_US,direct,similar_insertion,inserted,False
short/day_of_week_en_US/25/no_insertion/direct,day_of_week,en_US,direct,similar_insertion,no_insertion_placebo,False
short/day_of_week_en_US/25/similar_insertion/direct,day_of_week,en_US,direct,similar_insertion,inserted,False
short/day_of_week_en_US/25/similar_insertion/cot,day_of_week,en_US,cot,similar_insertion,inserted,False
short/day_of_week_en_US/31/no_insertion/direct,day_of_week,en_US,direct,similar_insertion,no_insertion_placebo,False
short/day_of_week_en_US/31/similar_insertion/direct,day_of_week,en_US,direct,similar_insertion,inserted,False
short/day_of_week_en_US/33/no_insertion/direct,day_of_week,en_US,direct,similar_insertion,no_insertion_placebo,False
short/day_of_week_en_US/33/similar_insertion/direct,day_of_week,en_US,direct,similar_insertion,inserted,False
short/day_of_week_en_US/37/no_insertion/direct,day_of_week,en_US,direct,similar_insertion,no_insertion_placebo,False
short/day_of_week_en_US/38/no_insertion/direct,day_of_week,en_US,direct,similar_insertion,no_insertion_placebo,False
short/day_of_week_en_US/38/similar_insertion/direct,day_of_week,en_US,direct,similar_insertion,inserted,False
short/day_of_week_en_US/43/no_insertion/direct,day_of_week,en_US,direct,similar_insertion,no_insertion_placebo,False
short/day_of_week_en_US/43/similar_insertion/direct,day_of_week,en_US,direct,similar_insertion,inserted,False
short/day_of_week_en_US/44/no_insertion/direct,day_of_week,en_US,direct,similar_insertion,no_insertion_placebo,False
short/day_of_week_en_US/44/similar_insertion/direct,day_of_week,en_US,direct,similar_insertion,inserted,False
short/day_of_week_en_US/45/similar_insertion/direct,day_of_week,en_US,direct,similar_insertion,inserted,False
short/day_of_week_en_US/46/no_insertion/direct,day_of_week,en_US,direct,similar_insertion,no_insertion_placebo,False
short/day_of_week_en_US/46/similar_insertion/direct,day_of_week,en_US,direct,similar_insertion,inserted,False
short/day_of_week_en_US/46/no_insertion/cot,day_of_week,en_US,cot,similar_insertion,no_insertion_placebo,False
short/day_of_week_en_US/51/no_insertion/direct,day_of_week,en_US,direct,similar_insertion,no_insertion_placebo,False
short/day_of_week_en_US/51/similar_insertion/direct,day_of_week,en_US,direct,similar_insertion,inserted,False
short/day_of_week_en_US/54/no_insertion/direct,day_of_week,en_US,direct,similar_insertion,no_insertion_placebo,False
short/day_of_week_en_US/54/similar_insertion/direct,day_of_week,en_US,direct,similar_insertion,inserted,False
short/day_of_week_en_US/54/no_insertion/cot,day_of_week,en_US,cot,similar_insertion,no_insertion_placebo,False
short/day_of_week_en_US/61/no_insertion/direct,day_of_week,en_US,direct,similar_insertion,no_insertion_placebo,False
short/day_of_week_en_US/61/similar_insertion/direct,day_of_week,en_US,direct,similar_insertion,inserted,False
short/day_of_week_en_US/62/no_insertion/direct,day_of_week,en_US,direct,similar_insertion,no_insertion_placebo,False
short/day_of_week_en_US/62/similar_insertion/direct,day_of_week,en_US,direct,similar_insertion,inserted,False
short/day_of_week_en_US/63/no_insertion/direct,day_of_week,en_US,direct,similar_insertion,no_insertion_placebo,False
short/day_of_week_en_US/63/similar_insertion/direct,day_of_week,en_US,direct,similar_insertion,inserted,False
short/day_of_week_en_US/64/no_insertion/direct,day_of_week,en_US,direct,similar_insertion,no_insertion_placebo,False
short/day_of_week_en_US/62/similar_insertion/cot,day_of_week,en_US,cot,similar_insertion,inserted,False
short/day_of_week_en_US/67/no_insertion/direct,day_of_week,en_US,direct,similar_insertion,no_insertion_placebo,False
short/day_of_week_en_US/67/similar_insertion/direct,day_of_week,en_US,direct,similar_insertion,inserted,False
short/day_of_week_en_US/68/no_insertion/direct,day_of_week,en_US,direct,similar_insertion,no_insertion_placebo,False
short/day_of_week_en_US/68/similar_insertion/direct,day_of_week,en_US,direct,similar_insertion,inserted,False
short/day_of_week_en_US/69/no_insertion/direct,day_of_week,en_US,direct,similar_insertion,no_insertion_placebo,False
short/day_of_week_en_US/69/similar_insertion/direct,day_of_week,en_US,direct,similar_insertion,inserted,False
short/day_of_week_en_US/72/no_insertion/direct,day_of_week,en_US,direct,similar_insertion,no_insertion_placebo,False
short/day_of_week_en_US/72/no_insertion/cot,day_of_week,en_US,cot,similar_insertion,no_insertion_placebo,False
short/day_of_week_en_US/76/no_insertion/direct,day_of_week,en_US,direct,similar_insertion,no_insertion_placebo,False
short/day_of_week_en_US/76/similar_insertion/direct,day_of_week,en_US,direct,similar_insertion,inserted,False
short/day_of_week_en_US/76/no_insertion/cot,day_of_week,en_US,cot,similar_insertion,no_insertion_placebo,False
short/day_of_week_en_US/76/similar_insertion/cot,day_of_week,en_US,cot,similar_insertion,inserted,False
short/day_of_week_en_US/78/no_insertion/direct,day_of_week,en_US,direct,similar_insertion,no_insertion_placebo,False
short/day_of_week_en_US/78/similar_insertion/direct,day_of_week,en_US,direct,similar_insertion,inserted,False
short/day_of_week_en_US/78/no_insertion/cot,day_of_week,en_US,cot,similar_insertion,no_insertion_placebo,False
short/day_of_week_en_US/79/no_insertion/cot,day_of_week,en_US,cot,similar_insertion,no_insertion_placebo,False
short/day_of_week_en_US/78/similar_insertion/cot,day_of_week,en_US,cot,similar_insertion,inserted,False
short/day_of_week_en_US/91/no_insertion/direct,day_of_week,en_US,direct,similar_insertion,no_insertion_placebo,False
short/day_of_week_en_US/91/similar_insertion/cot,day_of_week,en_US,cot,similar_insertion,inserted,False
short/day_of_week_en_US/94/no_insertion/direct,day_of_week,en_US,direct,similar_insertion,no_insertion_placebo,False
short/day_of_week_en_US/94/similar_insertion/direct,day_of_week,en_US,direct,similar_insertion,inserted,False
short/day_of_week_en_US/94/similar_insertion/cot,day_of_week,en_US,cot,similar_insertion,inserted,False
short/day_of_week_en_US/97/no_insertion/direct,day_of_week,en_US,direct,similar_insertion,no_insertion_placebo,False
short/day_of_week_en_US/97/similar_insertion/direct,day_of_week,en_US,direct,similar_insertion,inserted,False
short/day_of_week_en_US/100/no_insertion/direct,day_of_week,en_US,direct,similar_insertion,no_insertion_placebo,False
short/day_of_week_en_US/100/similar_insertion/direct,day_of_week,en_US,direct,similar_insertion,inserted,False
short/day_of_week_en_US/100/no_insertion/cot,day_of_week,en_US,cot,similar_insertion,no_insertion_placebo,False
short/day_of_week_en_US/104/no_insertion/cot,day_of_week,en_US,cot,similar_insertion,no_insertion_placebo,False
short/day_of_week_en_US/105/similar_insertion/direct,day_of_week,en_US,direct,similar_insertion,inserted,False
short/day_of_week_en_US/107/similar_insertion/direct,day_of_week,en_US,direct,similar_insertion,inserted,False
short/day_of_week_en_US/109/no_insertion/direct,day_of_week,en_US,direct,similar_insertion,no_insertion_placebo,False
short/day_of_week_en_US/109/similar_insertion/direct,day_of_week,en_US,direct,similar_insertion,inserted,False
short/day_of_week_en_US/112/no_insertion/direct,day_of_week,en_US,direct,similar_insertion,no_insertion_placebo,False
short/day_of_week_en_US/112/similar_insertion/direct,day_of_week,en_US,direct,similar_insertion,inserted,False
short/day_of_week_en_US/113/no_insertion/direct,day_of_week,en_US,direct,similar_insertion,no_insertion_placebo,False
short/day_of_week_en_US/113/similar_insertion/direct,day_of_week,en_US,direct,similar_insertion,inserted,False
short/day_of_week_en_US/114/no_insertion/direct,day_of_week,en_US,direct,similar_insertion,no_insertion_placebo,False
short/day_of_week_en_US/114/similar_insertion/direct,day_of_week,en_US,direct,similar_insertion,inserted,False
short/day_of_week_en_US/115/no_insertion/direct,day_of_week,en_US,direct,similar_insertion,no_insertion_placebo,False
short/day_of_week_en_US/115/similar_insertion/direct,day_of_week,en_US,direct,similar_insertion,inserted,False
short/day_of_week_en_US/116/no_insertion/direct,day_of_week,en_US,direct,similar_insertion,no_insertion_placebo,False
short/day_of_week_en_US/116/similar_insertion/direct,day_of_week,en_US,direct,similar_insertion,inserted,False
short/day_of_week_en_US/117/no_insertion/direct,day_of_week,en_US,direct,similar_insertion,no_insertion_placebo,False
short/day_of_week_en_US/117/similar_insertion/direct,day_of_week,en_US,direct,similar_insertion,inserted,False
short/day_of_week_en_US/118/no_insertion/direct,day_of_week,en_US,direct,similar_insertion,no_insertion_placebo,False
short/day_of_week_en_US/118/similar_insertion/direct,day_of_week,en_US,direct,similar_insertion,inserted,False
short/day_of_week_en_US/117/similar_insertion/cot,day_of_week,en_US,cot,similar_insertion,inserted,False
short/day_of_week_en_US/122/no_insertion/direct,day_of_week,en_US,direct,similar_insertion,no_insertion_placebo,False
short/day_of_week_en_US/122/similar_insertion/direct,day_of_week,en_US,direct,similar_insertion,inserted,False
short/day_of_week_en_US/123/similar_insertion/direct,day_of_week,en_US,direct,similar_insertion,inserted,False
short/day_of_week_en_US/126/no_insertion/direct,day_of_week,en_US,direct,similar_insertion,no_insertion_placebo,False
short/day_of_week_en_US/126/similar_insertion/direct,day_of_week,en_US,direct,similar_insertion,inserted,False
short/day_of_week_en_US/127/similar_insertion/direct,day_of_week,en_US,direct,similar_insertion,inserted,False
short/day_of_week_en_US/126/similar_insertion/cot,day_of_week,en_US,cot,similar_insertion,inserted,False
short/day_of_week_en_US/129/no_insertion/direct,day_of_week,en_US,direct,similar_insertion,no_insertion_placebo,False
short/day_of_week_en_US/129/similar_insertion/direct,day_of_week,en_US,direct,similar_insertion,inserted,False
short/day_of_week_en_US/130/no_insertion/direct,day_of_week,en_US,direct,similar_insertion,no_insertion_placebo,False
short/day_of_week_en_US/130/similar_insertion/direct,day_of_week,en_US,direct,similar_insertion,inserted,False
short/day_of_week_en_US/133/similar_insertion/direct,day_of_week,en_US,direct,similar_insertion,inserted,False
short/day_of_week_en_US/141/no_insertion/direct,day_of_week,en_US,direct,similar_insertion,no_insertion_placebo,False
short/day_of_week_en_US/141/similar_insertion/direct,day_of_week,en_US,direct,similar_insertion,inserted,False
short/day_of_week_en_US/148/no_insertion/direct,day_of_week,en_US,direct,similar_insertion,no_insertion_placebo,False
short/day_of_week_en_US/148/similar_insertion/direct,day_of_week,en_US,direct,similar_insertion,inserted,False
short/day_of_week_hi_IN/0/no_insertion/direct,day_of_week,hi_IN,direct,similar_insertion,no_insertion_placebo,False
short/day_of_week_hi_IN/0/no_insertion/cot,day_of_week,hi_IN,cot,similar_insertion,no_insertion_placebo,False
short/day_of_week_hi_IN/0/similar_insertion/direct,day_of_week,hi_IN,direct,similar_insertion,inserted,False
short/day_of_week_hi_IN/0/similar_insertion/cot,day_of_week,hi_IN,cot,similar_insertion,inserted,False
short/day_of_week_hi_IN/3/no_insertion/direct,day_of_week,hi_IN,direct,similar_insertion,no_insertion_placebo,False
short/day_of_week_hi_IN/3/similar_insertion/direct,day_of_week,hi_IN,direct,similar_insertion,inserted,False
short/day_of_week_hi_IN/3/no_insertion/cot,day_of_week,hi_IN,cot,similar_insertion,no_insertion_placebo,False
short/day_of_week_hi_IN/5/no_insertion/direct,day_of_week,hi_IN,direct,similar_insertion,no_insertion_placebo,False
short/day_of_week_hi_IN/5/similar_insertion/direct,day_of_week,hi_IN,direct,similar_insertion,inserted,False
short/day_of_week_hi_IN/3/similar_insertion/cot,day_of_week,hi_IN,cot,similar_insertion,inserted,False
short/day_of_week_hi_IN/5/similar_insertion/cot,day_of_week,hi_IN,cot,similar_insertion,inserted,False
short/day_of_week_hi_IN/7/similar_insertion/direct,day_of_week,hi_IN,direct,similar_insertion,inserted,False
short/day_of_week_hi_IN/8/no_insertion/direct,day_of_week,hi_IN,direct,similar_insertion,no_insertion_placebo,False
short/day_of_week_hi_IN/9/no_insertion/direct,day_of_week,hi_IN,direct,similar_insertion,no_insertion_placebo,False
short/day_of_week_hi_IN/8/similar_insertion/direct,day_of_week,hi_IN,direct,similar_insertion,inserted,False
short/day_of_week_hi_IN/9/similar_insertion/direct,day_of_week,hi_IN,direct,similar_insertion,inserted,False
short/day_of_week_hi_IN/9/similar_insertion/cot,day_of_week,hi_IN,cot,similar_insertion,inserted,False
short/day_of_week_hi_IN/9/no_insertion/cot,day_of_week,hi_IN,cot,similar_insertion,no_insertion_placebo,False
short/day_of_week_hi_IN/7/similar_insertion/cot,day_of_week,hi_IN,cot,similar_insertion,inserted,False
short/day_of_week_hi_IN/7/no_insertion/cot,day_of_week,hi_IN,cot,similar_insertion,no_insertion_placebo,False
short/day_of_week_hi_IN/8/no_insertion/cot,day_of_week,hi_IN,cot,similar_insertion,no_insertion_placebo,False
short/day_of_week_hi_IN/13/no_insertion/direct,day_of_week,hi_IN,direct,similar_insertion,no_insertion_placebo,False
short/day_of_week_hi_IN/13/similar_insertion/direct,day_of_week,hi_IN,direct,similar_insertion,inserted,False
short/day_of_week_hi_IN/13/no_insertion/cot,day_of_week,hi_IN,cot,similar_insertion,no_insertion_placebo,False
short/day_of_week_hi_IN/13/similar_insertion/cot,day_of_week,hi_IN,cot,similar_insertion,inserted,False
short/day_of_week_hi_IN/15/similar_insertion/direct,day_of_week,hi_IN,direct,similar_insertion,inserted,False
short/day_of_week_hi_IN/16/no_insertion/direct,day_of_week,hi_IN,direct,similar_insertion,no_insertion_placebo,False
short/day_of_week_hi_IN/16/similar_insertion/direct,day_of_week,hi_IN,direct,similar_insertion,inserted,False
short/day_of_week_hi_IN/19/no_insertion/direct,day_of_week,hi_IN,direct,similar_insertion,no_insertion_placebo,False
short/day_of_week_hi_IN/19/similar_insertion/cot,day_of_week,hi_IN,cot,similar_insertion,inserted,False
short/day_of_week_hi_IN/19/no_insertion/cot,day_of_week,hi_IN,cot,similar_insertion,no_insertion_placebo,False
short/day_of_week_hi_IN/22/no_insertion/direct,day_of_week,hi_IN,direct,similar_insertion,no_insertion_placebo,False
short/day_of_week_hi_IN/22/similar_insertion/direct,day_of_week,hi_IN,direct,similar_insertion,inserted,False
short/day_of_week_hi_IN/22/no_insertion/cot,day_of_week,hi_IN,cot,similar_insertion,no_insertion_placebo,False
short/day_of_week_hi_IN/23/similar_insertion/direct,day_of_week,hi_IN,direct,similar_insertion,inserted,False
short/day_of_week_hi_IN/23/no_insertion/cot,day_of_week,hi_IN,cot,similar_insertion,no_insertion_placebo,False
short/day_of_week_hi_IN/22/similar_insertion/cot,day_of_week,hi_IN,cot,similar_insertion,inserted,False
short/day_of_week_hi_IN/23/no_insertion/direct,day_of_week,hi_IN,direct,similar_insertion,no_insertion_placebo,False
short/day_of_week_hi_IN/23/similar_insertion/cot,day_of_week,hi_IN,cot,similar_insertion,inserted,False
short/day_of_week_hi_IN/25/no_insertion/direct,day_of_week,hi_IN,direct,similar_insertion,no_insertion_placebo,False
short/day_of_week_hi_IN/25/similar_insertion/direct,day_of_week,hi_IN,direct,similar_insertion,inserted,False
short/day_of_week_hi_IN/25/no_insertion/cot,day_of_week,hi_IN,cot,similar_insertion,no_insertion_placebo,False
short/day_of_week_hi_IN/25/similar_insertion/cot,day_of_week,hi_IN,cot,similar_insertion,inserted,False
short/day_of_week_hi_IN/31/no_insertion/direct,day_of_week,hi_IN,direct,similar_insertion,no_insertion_placebo,False
short/day_of_week_hi_IN/31/similar_insertion/direct,day_of_week,hi_IN,direct,similar_insertion,inserted,False
short/day_of_week_hi_IN/31/similar_insertion/cot,day_of_week,hi_IN,cot,similar_insertion,inserted,False
short/day_of_week_hi_IN/33/no_insertion/direct,day_of_week,hi_IN,direct,similar_insertion,no_insertion_placebo,False
short/day_of_week_hi_IN/33/similar_insertion/direct,day_of_week,hi_IN,direct,similar_insertion,inserted,False
short/day_of_week_hi_IN/33/no_insertion/cot,day_of_week,hi_IN,cot,similar_insertion,no_insertion_placebo,False
short/day_of_week_hi_IN/37/no_insertion/direct,day_of_week,hi_IN,direct,similar_insertion,no_insertion_placebo,False
short/day_of_week_hi_IN/37/similar_insertion/direct,day_of_week,hi_IN,direct,similar_insertion,inserted,False
short/day_of_week_hi_IN/37/similar_insertion/cot,day_of_week,hi_IN,cot,similar_insertion,inserted,False
short/day_of_week_hi_IN/38/no_insertion/direct,day_of_week,hi_IN,direct,similar_insertion,no_insertion_placebo,False
short/day_of_week_hi_IN/37/no_insertion/cot,day_of_week,hi_IN,cot,similar_insertion,no_insertion_placebo,False
short/day_of_week_hi_IN/38/similar_insertion/cot,day_of_week,hi_IN,cot,similar_insertion,inserted,False
short/day_of_week_hi_IN/38/similar_insertion/direct,day_of_week,hi_IN,direct,similar_insertion,inserted,False
short/day_of_week_hi_IN/43/no_insertion/direct,day_of_week,hi_IN,direct,similar_insertion,no_insertion_placebo,False
short/day_of_week_hi_IN/43/similar_insertion/direct,day_of_week,hi_IN,direct,similar_insertion,inserted,False
short/day_of_week_hi_IN/44/no_insertion/direct,day_of_week,hi_IN,direct,similar_insertion,no_insertion_placebo,False
short/day_of_week_hi_IN/44/similar_insertion/direct,day_of_week,hi_IN,direct,similar_insertion,inserted,False
short/day_of_week_hi_IN/44/no_insertion/cot,day_of_week,hi_IN,cot,similar_insertion,no_insertion_placebo,False
short/day_of_week_hi_IN/45/similar_insertion/direct,day_of_week,hi_IN,direct,similar_insertion,inserted,False
short/day_of_week_hi_IN/45/similar_insertion/cot,day_of_week,hi_IN,cot,similar_insertion,inserted,False
short/day_of_week_hi_IN/46/no_insertion/direct,day_of_week,hi_IN,direct,similar_insertion,no_insertion_placebo,False
short/day_of_week_hi_IN/45/no_insertion/cot,day_of_week,hi_IN,cot,similar_insertion,no_insertion_placebo,False
short/day_of_week_hi_IN/45/no_insertion/direct,day_of_week,hi_IN,direct,similar_insertion,no_insertion_placebo,False
short/day_of_week_hi_IN/46/similar_insertion/direct,day_of_week,hi_IN,direct,similar_insertion,inserted,False
short/day_of_week_hi_IN/46/similar_insertion/cot,day_of_week,hi_IN,cot,similar_insertion,inserted,False
short/day_of_week_hi_IN/46/no_insertion/cot,day_of_week,hi_IN,cot,similar_insertion,no_insertion_placebo,False
short/day_of_week_hi_IN/44/similar_insertion/cot,day_of_week,hi_IN,cot,similar_insertion,inserted,False
short/day_of_week_hi_IN/51/similar_insertion/cot,day_of_week,hi_IN,cot,similar_insertion,inserted,False
short/day_of_week_hi_IN/52/no_insertion/direct,day_of_week,hi_IN,direct,similar_insertion,no_insertion_placebo,False
short/day_of_week_hi_IN/52/no_insertion/cot,day_of_week,hi_IN,cot,similar_insertion,no_insertion_placebo,False
short/day_of_week_hi_IN/51/no_insertion/cot,day_of_week,hi_IN,cot,similar_insertion,no_insertion_placebo,False
short/day_of_week_hi_IN/52/similar_insertion/cot,day_of_week,hi_IN,cot,similar_insertion,inserted,False
short/day_of_week_hi_IN/54/no_insertion/direct,day_of_week,hi_IN,direct,similar_insertion,no_insertion_placebo,False
short/day_of_week_hi_IN/54/similar_insertion/direct,day_of_week,hi_IN,direct,similar_insertion,inserted,False
short/day_of_week_hi_IN/54/similar_insertion/cot,day_of_week,hi_IN,cot,similar_insertion,inserted,False
short/day_of_week_hi_IN/61/similar_insertion/direct,day_of_week,hi_IN,direct,similar_insertion,inserted,False
short/day_of_week_hi_IN/61/no_insertion/direct,day_of_week,hi_IN,direct,similar_insertion,no_insertion_placebo,False
short/day_of_week_hi_IN/62/no_insertion/direct,day_of_week,hi_IN,direct,similar_insertion,no_insertion_placebo,False
short/day_of_week_hi_IN/62/similar_insertion/direct,day_of_week,hi_IN,direct,similar_insertion,inserted,False
short/day_of_week_hi_IN/61/similar_insertion/cot,day_of_week,hi_IN,cot,similar_insertion,inserted,False
short/day_of_week_hi_IN/62/no_insertion/cot,day_of_week,hi_IN,cot,similar_insertion,no_insertion_placebo,False
short/day_of_week_hi_IN/62/similar_insertion/cot,day_of_week,hi_IN,cot,similar_insertion,inserted,False
short/day_of_week_hi_IN/63/no_insertion/cot,day_of_week,hi_IN,cot,similar_insertion,no_insertion_placebo,False
short/day_of_week_hi_IN/64/no_insertion/direct,day_of_week,hi_IN,direct,similar_insertion,no_insertion_placebo,False
short/day_of_week_hi_IN/63/similar_insertion/cot,day_of_week,hi_IN,cot,similar_insertion,inserted,False
short/day_of_week_hi_IN/64/similar_insertion/direct,day_of_week,hi_IN,direct,similar_insertion,inserted,False
short/day_of_week_hi_IN/64/similar_insertion/cot,day_of_week,hi_IN,cot,similar_insertion,inserted,False
short/day_of_week_hi_IN/67/no_insertion/direct,day_of_week,hi_IN,direct,similar_insertion,no_insertion_placebo,False
short/day_of_week_hi_IN/67/no_insertion/cot,day_of_week,hi_IN,cot,similar_insertion,no_insertion_placebo,False
short/day_of_week_hi_IN/68/no_insertion/direct,day_of_week,hi_IN,direct,similar_insertion,no_insertion_placebo,False
short/day_of_week_hi_IN/68/similar_insertion/direct,day_of_week,hi_IN,direct,similar_insertion,inserted,False
short/day_of_week_hi_IN/68/no_insertion/cot,day_of_week,hi_IN,cot,similar_insertion,no_insertion_placebo,False
short/day_of_week_hi_IN/69/no_insertion/direct,day_of_week,hi_IN,direct,similar_insertion,no_insertion_placebo,False
short/day_of_week_hi_IN/69/no_insertion/cot,day_of_week,hi_IN,cot,similar_insertion,no_insertion_placebo,False
short/day_of_week_hi_IN/68/similar_insertion/cot,day_of_week,hi_IN,cot,similar_insertion,inserted,False
short/day_of_week_hi_IN/69/similar_insertion/direct,day_of_week,hi_IN,direct,similar_insertion,inserted,False
short/day_of_week_hi_IN/69/similar_insertion/cot,day_of_week,hi_IN,cot,similar_insertion,inserted,False
short/day_of_week_hi_IN/72/no_insertion/direct,day_of_week,hi_IN,direct,similar_insertion,no_insertion_placebo,False
short/day_of_week_hi_IN/72/similar_insertion/direct,day_of_week,hi_IN,direct,similar_insertion,inserted,False
short/day_of_week_hi_IN/72/no_insertion/cot,day_of_week,hi_IN,cot,similar_insertion,no_insertion_placebo,False
short/day_of_week_hi_IN/72/similar_insertion/cot,day_of_week,hi_IN,cot,similar_insertion,inserted,False
short/day_of_week_hi_IN/76/no_insertion/direct,day_of_week,hi_IN,direct,similar_insertion,no_insertion_placebo,False
short/day_of_week_hi_IN/76/similar_insertion/direct,day_of_week,hi_IN,direct,similar_insertion,inserted,False
short/day_of_week_hi_IN/76/similar_insertion/cot,day_of_week,hi_IN,cot,similar_insertion,inserted,False
short/day_of_week_hi_IN/76/no_insertion/cot,day_of_week,hi_IN,cot,similar_insertion,no_insertion_placebo,False
short/day_of_week_hi_IN/78/no_insertion/direct,day_of_week,hi_IN,direct,similar_insertion,no_insertion_placebo,False
short/day_of_week_hi_IN/78/similar_insertion/direct,day_of_week,hi_IN,direct,similar_insertion,inserted,False
short/day_of_week_hi_IN/79/no_insertion/direct,day_of_week,hi_IN,direct,similar_insertion,no_insertion_placebo,False
short/day_of_week_hi_IN/79/similar_insertion/direct,day_of_week,hi_IN,direct,similar_insertion,inserted,False
short/day_of_week_hi_IN/78/similar_insertion/cot,day_of_week,hi_IN,cot,similar_insertion,inserted,False
short/day_of_week_hi_IN/79/similar_insertion/cot,day_of_week,hi_IN,cot,similar_insertion,inserted,False
short/day_of_week_hi_IN/79/no_insertion/cot,day_of_week,hi_IN,cot,similar_insertion,no_insertion_placebo,False
short/day_of_week_hi_IN/78/no_insertion/cot,day_of_week,hi_IN,cot,similar_insertion,no_insertion_placebo,False
short/day_of_week_hi_IN/91/no_insertion/direct,day_of_week,hi_IN,direct,similar_insertion,no_insertion_placebo,False
short/day_of_week_hi_IN/91/similar_insertion/direct,day_of_week,hi_IN,direct,similar_insertion,inserted,False
short/day_of_week_hi_IN/91/no_insertion/cot,day_of_week,hi_IN,cot,similar_insertion,no_insertion_placebo,False
short/day_of_week_hi_IN/91/similar_insertion/cot,day_of_week,hi_IN,cot,similar_insertion,inserted,False
short/day_of_week_hi_IN/94/similar_insertion/direct,day_of_week,hi_IN,direct,similar_insertion,inserted,False
short/day_of_week_hi_IN/94/no_insertion/cot,day_of_week,hi_IN,cot,similar_insertion,no_insertion_placebo,False
short/day_of_week_hi_IN/94/similar_insertion/cot,day_of_week,hi_IN,cot,similar_insertion,inserted,False
short/day_of_week_hi_IN/97/no_insertion/direct,day_of_week,hi_IN,direct,similar_insertion,no_insertion_placebo,False
short/day_of_week_hi_IN/97/similar_insertion/direct,day_of_week,hi_IN,direct,similar_insertion,inserted,False
short/day_of_week_hi_IN/97/similar_insertion/cot,day_of_week,hi_IN,cot,similar_insertion,inserted,False
short/day_of_week_hi_IN/100/no_insertion/cot,day_of_week,hi_IN,cot,similar_insertion,no_insertion_placebo,False
short/day_of_week_hi_IN/100/similar_insertion/direct,day_of_week,hi_IN,direct,similar_insertion,inserted,False
short/day_of_week_hi_IN/100/no_insertion/direct,day_of_week,hi_IN,direct,similar_insertion,no_insertion_placebo,False
short/day_of_week_hi_IN/104/similar_insertion/direct,day_of_week,hi_IN,direct,similar_insertion,inserted,False
short/day_of_week_hi_IN/104/no_insertion/cot,day_of_week,hi_IN,cot,similar_insertion,no_insertion_placebo,False
short/day_of_week_hi_IN/104/similar_insertion/cot,day_of_week,hi_IN,cot,similar_insertion,inserted,False
short/day_of_week_hi_IN/105/no_insertion/direct,day_of_week,hi_IN,direct,similar_insertion,no_insertion_placebo,False
short/day_of_week_hi_IN/105/similar_insertion/direct,day_of_week,hi_IN,direct,similar_insertion,inserted,False
short/day_of_week_hi_IN/107/no_insertion/direct,day_of_week,hi_IN,direct,similar_insertion,no_insertion_placebo,False
short/day_of_week_hi_IN/107/no_insertion/cot,day_of_week,hi_IN,cot,similar_insertion,no_insertion_placebo,False
short/day_of_week_hi_IN/107/similar_insertion/cot,day_of_week,hi_IN,cot,similar_insertion,inserted,False
short/day_of_week_hi_IN/107/similar_insertion/direct,day_of_week,hi_IN,direct,similar_insertion,inserted,False
short/day_of_week_hi_IN/105/similar_insertion/cot,day_of_week,hi_IN,cot,similar_insertion,inserted,False
short/day_of_week_hi_IN/109/no_insertion/direct,day_of_week,hi_IN,direct,similar_insertion,no_insertion_placebo,False
short/day_of_week_hi_IN/109/similar_insertion/direct,day_of_week,hi_IN,direct,similar_insertion,inserted,False
short/day_of_week_hi_IN/109/no_insertion/cot,day_of_week,hi_IN,cot,similar_insertion,no_insertion_placebo,False
short/day_of_week_hi_IN/109/similar_insertion/cot,day_of_week,hi_IN,cot,similar_insertion,inserted,False
short/day_of_week_hi_IN/112/no_insertion/direct,day_of_week,hi_IN,direct,similar_insertion,no_insertion_placebo,False
short/day_of_week_hi_IN/112/similar_insertion/direct,day_of_week,hi_IN,direct,similar_insertion,inserted,False
short/day_of_week_hi_IN/112/similar_insertion/cot,day_of_week,hi_IN,cot,similar_insertion,inserted,False
short/day_of_week_hi_IN/113/similar_insertion/cot,day_of_week,hi_IN,cot,similar_insertion,inserted,False
short/day_of_week_hi_IN/114/no_insertion/direct,day_of_week,hi_IN,direct,similar_insertion,no_insertion_placebo,False
short/day_of_week_hi_IN/112/no_insertion/cot,day_of_week,hi_IN,cot,similar_insertion,no_insertion_placebo,False
short/day_of_week_hi_IN/113/no_insertion/cot,day_of_week,hi_IN,cot,similar_insertion,no_insertion_placebo,False
short/day_of_week_hi_IN/115/no_insertion/direct,day_of_week,hi_IN,direct,similar_insertion,no_insertion_placebo,False
short/day_of_week_hi_IN/114/similar_insertion/direct,day_of_week,hi_IN,direct,similar_insertion,inserted,False
short/day_of_week_hi_IN/115/similar_insertion/direct,day_of_week,hi_IN,direct,similar_insertion,inserted,False
short/day_of_week_hi_IN/114/similar_insertion/cot,day_of_week,hi_IN,cot,similar_insertion,inserted,False
short/day_of_week_hi_IN/116/no_insertion/direct,day_of_week,hi_IN,direct,similar_insertion,no_insertion_placebo,False
short/day_of_week_hi_IN/115/similar_insertion/cot,day_of_week,hi_IN,cot,similar_insertion,inserted,False
short/day_of_week_hi_IN/115/no_insertion/cot,day_of_week,hi_IN,cot,similar_insertion,no_insertion_placebo,False
short/day_of_week_hi_IN/117/no_insertion/direct,day_of_week,hi_IN,direct,similar_insertion,no_insertion_placebo,False
short/day_of_week_hi_IN/117/similar_insertion/direct,day_of_week,hi_IN,direct,similar_insertion,inserted,False
short/day_of_week_hi_IN/117/no_insertion/cot,day_of_week,hi_IN,cot,similar_insertion,no_insertion_placebo,False
short/day_of_week_hi_IN/116/similar_insertion/cot,day_of_week,hi_IN,cot,similar_insertion,inserted,False
short/day_of_week_hi_IN/118/no_insertion/direct,day_of_week,hi_IN,direct,similar_insertion,no_insertion_placebo,False
short/day_of_week_hi_IN/116/similar_insertion/direct,day_of_week,hi_IN,direct,similar_insertion,inserted,False
short/day_of_week_hi_IN/118/similar_insertion/direct,day_of_week,hi_IN,direct,similar_insertion,inserted,False
short/day_of_week_hi_IN/117/similar_insertion/cot,day_of_week,hi_IN,cot,similar_insertion,inserted,False
short/day_of_week_hi_IN/118/similar_insertion/cot,day_of_week,hi_IN,cot,similar_insertion,inserted,False
short/day_of_week_hi_IN/122/no_insertion/direct,day_of_week,hi_IN,direct,similar_insertion,no_insertion_placebo,False
short/day_of_week_hi_IN/122/similar_insertion/direct,day_of_week,hi_IN,direct,similar_insertion,inserted,False
short/day_of_week_hi_IN/118/no_insertion/cot,day_of_week,hi_IN,cot,similar_insertion,no_insertion_placebo,False
short/day_of_week_hi_IN/123/no_insertion/direct,day_of_week,hi_IN,direct,similar_insertion,no_insertion_placebo,False
short/day_of_week_hi_IN/123/similar_insertion/direct,day_of_week,hi_IN,direct,similar_insertion,inserted,False
short/day_of_week_hi_IN/116/no_insertion/cot,day_of_week,hi_IN,cot,similar_insertion,no_insertion_placebo,False
short/day_of_week_hi_IN/123/similar_insertion/cot,day_of_week,hi_IN,cot,similar_insertion,inserted,False
short/day_of_week_hi_IN/126/similar_insertion/cot,day_of_week,hi_IN,cot,similar_insertion,inserted,False
short/day_of_week_hi_IN/127/no_insertion/direct,day_of_week,hi_IN,direct,similar_insertion,no_insertion_placebo,False
short/day_of_week_hi_IN/127/similar_insertion/direct,day_of_week,hi_IN,direct,similar_insertion,inserted,False
short/day_of_week_hi_IN/127/similar_insertion/cot,day_of_week,hi_IN,cot,similar_insertion,inserted,False
short/day_of_week_hi_IN/127/no_insertion/cot,day_of_week,hi_IN,cot,similar_insertion,no_insertion_placebo,False
short/day_of_week_hi_IN/129/no_insertion/direct,day_of_week,hi_IN,direct,similar_insertion,no_insertion_placebo,False
short/day_of_week_hi_IN/129/similar_insertion/direct,day_of_week,hi_IN,direct,similar_insertion,inserted,False
short/day_of_week_hi_IN/129/similar_insertion/cot,day_of_week,hi_IN,cot,similar_insertion,inserted,False
short/day_of_week_hi_IN/130/no_insertion/cot,day_of_week,hi_IN,cot,similar_insertion,no_insertion_placebo,False
short/day_of_week_hi_IN/133/no_insertion/direct,day_of_week,hi_IN,direct,similar_insertion,no_insertion_placebo,False
short/day_of_week_hi_IN/133/similar_insertion/direct,day_of_week,hi_IN,direct,similar_insertion,inserted,False
short/day_of_week_hi_IN/133/similar_insertion/cot,day_of_week,hi_IN,cot,similar_insertion,inserted,False
short/day_of_week_hi_IN/133/no_insertion/cot,day_of_week,hi_IN,cot,similar_insertion,no_insertion_placebo,False
short/day_of_week_hi_IN/141/no_insertion/direct,day_of_week,hi_IN,direct,similar_insertion,no_insertion_placebo,False
short/day_of_week_hi_IN/141/similar_insertion/direct,day_of_week,hi_IN,direct,similar_insertion,inserted,False
short/day_of_week_hi_IN/141/similar_insertion/cot,day_of_week,hi_IN,cot,similar_insertion,inserted,False
short/day_of_week_hi_IN/141/no_insertion/cot,day_of_week,hi_IN,cot,similar_insertion,no_insertion_placebo,False
short/day_of_week_hi_IN/148/no_insertion/direct,day_of_week,hi_IN,direct,similar_insertion,no_insertion_placebo,False
short/day_of_week_hi_IN/148/similar_insertion/direct,day_of_week,hi_IN,direct,similar_insertion,inserted,False
short/day_of_week_hi_IN/148/similar_insertion/cot,day_of_week,hi_IN,cot,similar_insertion,inserted,False
medium/date_addition_en_US/92/no_insertion/direct,date_addition,en_US,direct,similar_insertion,no_insertion_placebo,False
medium/date_addition_en_US/99/no_insertion/cot,date_addition,en_US,cot,similar_insertion,no_insertion_placebo,False
medium/date_addition_en_US/146/similar_insertion/direct,date_addition,en_US,direct,similar_insertion,inserted,True
medium/date_addition_hi_IN/29/no_insertion/cot,date_addition,hi_IN,cot,similar_insertion,no_insertion_placebo,False
medium/date_addition_hi_IN/29/similar_insertion/cot,date_addition,hi_IN,cot,similar_insertion,inserted,False
medium/date_addition_hi_IN/39/no_insertion/direct,date_addition,hi_IN,direct,similar_insertion,no_insertion_placebo,True
medium/date_addition_hi_IN/41/similar_insertion/cot,date_addition,hi_IN,cot,similar_insertion,inserted,False
medium/date_addition_hi_IN/43/similar_insertion/cot,date_addition,hi_IN,cot,similar_insertion,inserted,False
medium/date_addition_hi_IN/44/no_insertion/cot,date_addition,hi_IN,cot,similar_insertion,no_insertion_placebo,False
medium/date_addition_hi_IN/50/similar_insertion/direct,date_addition,hi_IN,direct,similar_insertion,inserted,False
medium/date_addition_hi_IN/92/no_insertion/cot,date_addition,hi_IN,cot,similar_insertion,no_insertion_placebo,False
medium/date_addition_hi_IN/99/no_insertion/cot,date_addition,hi_IN,cot,similar_insertion,no_insertion_placebo,False
medium/date_addition_hi_IN/115/similar_insertion/cot,date_addition,hi_IN,cot,similar_insertion,inserted,False
medium/date_addition_hi_IN/130/similar_insertion/direct,date_addition,hi_IN,direct,similar_insertion,inserted,False
medium/date_addition_hi_IN/143/similar_insertion/cot,date_addition,hi_IN,cot,similar_insertion,inserted,False
medium/date_addition_hi_IN/146/no_insertion/direct,date_addition,hi_IN,direct,similar_insertion,no_insertion_placebo,True
medium/date_addition_hi_IN/146/similar_insertion/direct,date_addition,hi_IN,direct,similar_insertion,inserted,True
medium/date_recurrence_en_US/0/no_insertion/direct,date_recurrence,en_US,direct,similar_insertion,no_insertion_placebo,False
medium/date_recurrence_en_US/0/similar_insertion/direct,date_recurrence,en_US,direct,similar_insertion,inserted,False
medium/date_recurrence_en_US/1/no_insertion/direct,date_recurrence,en_US,direct,similar_insertion,no_insertion_placebo,False
medium/date_recurrence_en_US/1/similar_insertion/direct,date_recurrence,en_US,direct,similar_insertion,inserted,False
medium/date_recurrence_en_US/2/similar_insertion/direct,date_recurrence,en_US,direct,similar_insertion,inserted,False
medium/date_recurrence_en_US/3/similar_insertion/direct,date_recurrence,en_US,direct,similar_insertion,inserted,True
medium/date_recurrence_en_US/6/no_insertion/direct,date_recurrence,en_US,direct,similar_insertion,no_insertion_placebo,False
medium/date_recurrence_en_US/6/similar_insertion/direct,date_recurrence,en_US,direct,similar_insertion,inserted,False
medium/date_recurrence_en_US/7/no_insertion/direct,date_recurrence,en_US,direct,similar_insertion,no_insertion_placebo,False
medium/date_recurrence_en_US/7/similar_insertion/direct,date_recurrence,en_US,direct,similar_insertion,inserted,False
medium/date_recurrence_en_US/9/no_insertion/direct,date_recurrence,en_US,direct,similar_insertion,no_insertion_placebo,False
medium/date_recurrence_en_US/9/similar_insertion/direct,date_recurrence,en_US,direct,similar_insertion,inserted,False
medium/date_recurrence_en_US/10/no_insertion/direct,date_recurrence,en_US,direct,similar_insertion,no_insertion_placebo,False
medium/date_recurrence_en_US/10/similar_insertion/direct,date_recurrence,en_US,direct,similar_insertion,inserted,False
medium/date_recurrence_en_US/11/no_insertion/direct,date_recurrence,en_US,direct,similar_insertion,no_insertion_placebo,False
medium/date_recurrence_en_US/11/similar_insertion/direct,date_recurrence,en_US,direct,similar_insertion,inserted,False
medium/date_recurrence_en_US/11/similar_insertion/cot,date_recurrence,en_US,cot,similar_insertion,inserted,False
medium/date_recurrence_en_US/12/no_insertion/direct,date_recurrence,en_US,direct,similar_insertion,no_insertion_placebo,False
medium/date_recurrence_en_US/13/no_insertion/direct,date_recurrence,en_US,direct,similar_insertion,no_insertion_placebo,False
medium/date_recurrence_en_US/13/similar_insertion/direct,date_recurrence,en_US,direct,similar_insertion,inserted,False
medium/date_recurrence_en_US/14/no_insertion/direct,date_recurrence,en_US,direct,similar_insertion,no_insertion_placebo,False
medium/date_recurrence_en_US/14/similar_insertion/direct,date_recurrence,en_US,direct,similar_insertion,inserted,False
medium/date_recurrence_en_US/15/no_insertion/direct,date_recurrence,en_US,direct,similar_insertion,no_insertion_placebo,False
medium/date_recurrence_en_US/15/similar_insertion/direct,date_recurrence,en_US,direct,similar_insertion,inserted,False
medium/date_recurrence_en_US/16/no_insertion/direct,date_recurrence,en_US,direct,similar_insertion,no_insertion_placebo,False
medium/date_recurrence_en_US/16/similar_insertion/direct,date_recurrence,en_US,direct,similar_insertion,inserted,False
medium/date_recurrence_en_US/17/no_insertion/direct,date_recurrence,en_US,direct,similar_insertion,no_insertion_placebo,False
medium/date_recurrence_en_US/17/similar_insertion/direct,date_recurrence,en_US,direct,similar_insertion,inserted,False
medium/date_recurrence_en_US/18/no_insertion/direct,date_recurrence,en_US,direct,similar_insertion,no_insertion_placebo,False
medium/date_recurrence_en_US/18/similar_insertion/direct,date_recurrence,en_US,direct,similar_insertion,inserted,False
medium/date_recurrence_en_US/19/no_insertion/direct,date_recurrence,en_US,direct,similar_insertion,no_insertion_placebo,False
medium/date_recurrence_en_US/20/no_insertion/direct,date_recurrence,en_US,direct,similar_insertion,no_insertion_placebo,False
medium/date_recurrence_en_US/20/similar_insertion/direct,date_recurrence,en_US,direct,similar_insertion,inserted,False
medium/date_recurrence_en_US/21/no_insertion/direct,date_recurrence,en_US,direct,similar_insertion,no_insertion_placebo,False
medium/date_recurrence_en_US/21/similar_insertion/direct,date_recurrence,en_US,direct,similar_insertion,inserted,False
medium/date_recurrence_en_US/23/no_insertion/direct,date_recurrence,en_US,direct,similar_insertion,no_insertion_placebo,False
medium/date_recurrence_en_US/26/no_insertion/direct,date_recurrence,en_US,direct,similar_insertion,no_insertion_placebo,False
medium/date_recurrence_en_US/26/similar_insertion/direct,date_recurrence,en_US,direct,similar_insertion,inserted,False
medium/date_recurrence_en_US/27/no_insertion/direct,date_recurrence,en_US,direct,similar_insertion,no_insertion_placebo,False
medium/date_recurrence_en_US/27/similar_insertion/direct,date_recurrence,en_US,direct,similar_insertion,inserted,False
medium/date_recurrence_en_US/28/similar_insertion/direct,date_recurrence,en_US,direct,similar_insertion,inserted,False
medium/date_recurrence_en_US/29/no_insertion/direct,date_recurrence,en_US,direct,similar_insertion,no_insertion_placebo,False
medium/date_recurrence_en_US/30/no_insertion/direct,date_recurrence,en_US,direct,similar_insertion,no_insertion_placebo,False
medium/date_recurrence_en_US/30/similar_insertion/direct,date_recurrence,en_US,direct,similar_insertion,inserted,False
medium/date_recurrence_en_US/31/no_insertion/direct,date_recurrence,en_US,direct,similar_insertion,no_insertion_placebo,False
medium/date_recurrence_en_US/31/similar_insertion/direct,date_recurrence,en_US,direct,similar_insertion,inserted,False
medium/date_recurrence_en_US/32/no_insertion/direct,date_recurrence,en_US,direct,similar_insertion,no_insertion_placebo,False
medium/date_recurrence_en_US/32/similar_insertion/direct,date_recurrence,en_US,direct,similar_insertion,inserted,False
medium/date_recurrence_en_US/33/no_insertion/direct,date_recurrence,en_US,direct,similar_insertion,no_insertion_placebo,False
medium/date_recurrence_en_US/33/similar_insertion/direct,date_recurrence,en_US,direct,similar_insertion,inserted,False
medium/date_recurrence_en_US/34/no_insertion/direct,date_recurrence,en_US,direct,similar_insertion,no_insertion_placebo,False
medium/date_recurrence_en_US/35/no_insertion/direct,date_recurrence,en_US,direct,similar_insertion,no_insertion_placebo,False
medium/date_recurrence_en_US/35/similar_insertion/direct,date_recurrence,en_US,direct,similar_insertion,inserted,False
medium/date_recurrence_en_US/36/no_insertion/direct,date_recurrence,en_US,direct,similar_insertion,no_insertion_placebo,False
medium/date_recurrence_en_US/36/similar_insertion/direct,date_recurrence,en_US,direct,similar_insertion,inserted,False
medium/date_recurrence_en_US/37/no_insertion/direct,date_recurrence,en_US,direct,similar_insertion,no_insertion_placebo,False
medium/date_recurrence_en_US/37/similar_insertion/direct,date_recurrence,en_US,direct,similar_insertion,inserted,False
medium/date_recurrence_en_US/38/no_insertion/direct,date_recurrence,en_US,direct,similar_insertion,no_insertion_placebo,False
medium/date_recurrence_en_US/39/no_insertion/direct,date_recurrence,en_US,direct,similar_insertion,no_insertion_placebo,False
medium/date_recurrence_en_US/39/similar_insertion/direct,date_recurrence,en_US,direct,similar_insertion,inserted,False
medium/date_recurrence_en_US/40/no_insertion/direct,date_recurrence,en_US,direct,similar_insertion,no_insertion_placebo,False
medium/date_recurrence_en_US/41/no_insertion/direct,date_recurrence,en_US,direct,similar_insertion,no_insertion_placebo,False
medium/date_recurrence_en_US/42/no_insertion/direct,date_recurrence,en_US,direct,similar_insertion,no_insertion_placebo,False
medium/date_recurrence_en_US/42/similar_insertion/direct,date_recurrence,en_US,direct,similar_insertion,inserted,False
medium/date_recurrence_en_US/43/no_insertion/direct,date_recurrence,en_US,direct,similar_insertion,no_insertion_placebo,False
medium/date_recurrence_en_US/44/no_insertion/direct,date_recurrence,en_US,direct,similar_insertion,no_insertion_placebo,False
medium/date_recurrence_en_US/44/similar_insertion/direct,date_recurrence,en_US,direct,similar_insertion,inserted,False
medium/date_recurrence_en_US/48/no_insertion/direct,date_recurrence,en_US,direct,similar_insertion,no_insertion_placebo,False
medium/date_recurrence_en_US/48/similar_insertion/direct,date_recurrence,en_US,direct,similar_insertion,inserted,True
medium/date_recurrence_en_US/49/no_insertion/direct,date_recurrence,en_US,direct,similar_insertion,no_insertion_placebo,False
medium/date_recurrence_en_US/49/similar_insertion/direct,date_recurrence,en_US,direct,similar_insertion,inserted,False
medium/date_recurrence_en_US/50/no_insertion/direct,date_recurrence,en_US,direct,similar_insertion,no_insertion_placebo,False
medium/date_recurrence_en_US/50/similar_insertion/direct,date_recurrence,en_US,direct,similar_insertion,inserted,False
medium/date_recurrence_en_US/51/no_insertion/direct,date_recurrence,en_US,direct,similar_insertion,no_insertion_placebo,False
medium/date_recurrence_en_US/51/similar_insertion/direct,date_recurrence,en_US,direct,similar_insertion,inserted,False
medium/date_recurrence_en_US/53/no_insertion/direct,date_recurrence,en_US,direct,similar_insertion,no_insertion_placebo,False
medium/date_recurrence_en_US/53/similar_insertion/direct,date_recurrence,en_US,direct,similar_insertion,inserted,False
medium/date_recurrence_en_US/54/no_insertion/direct,date_recurrence,en_US,direct,similar_insertion,no_insertion_placebo,False
medium/date_recurrence_en_US/54/similar_insertion/direct,date_recurrence,en_US,direct,similar_insertion,inserted,False
medium/date_recurrence_en_US/55/similar_insertion/direct,date_recurrence,en_US,direct,similar_insertion,inserted,False
medium/date_recurrence_en_US/56/no_insertion/direct,date_recurrence,en_US,direct,similar_insertion,no_insertion_placebo,False
medium/date_recurrence_en_US/56/similar_insertion/direct,date_recurrence,en_US,direct,similar_insertion,inserted,False
medium/date_recurrence_en_US/58/no_insertion/direct,date_recurrence,en_US,direct,similar_insertion,no_insertion_placebo,False
medium/date_recurrence_en_US/58/similar_insertion/direct,date_recurrence,en_US,direct,similar_insertion,inserted,False
medium/date_recurrence_en_US/59/no_insertion/direct,date_recurrence,en_US,direct,similar_insertion,no_insertion_placebo,False
medium/date_recurrence_en_US/59/similar_insertion/direct,date_recurrence,en_US,direct,similar_insertion,inserted,False
medium/date_recurrence_en_US/60/no_insertion/direct,date_recurrence,en_US,direct,similar_insertion,no_insertion_placebo,True
medium/date_recurrence_en_US/60/similar_insertion/direct,date_recurrence,en_US,direct,similar_insertion,inserted,False
medium/date_recurrence_en_US/61/no_insertion/direct,date_recurrence,en_US,direct,similar_insertion,no_insertion_placebo,False
medium/date_recurrence_en_US/61/similar_insertion/direct,date_recurrence,en_US,direct,similar_insertion,inserted,False
medium/date_recurrence_en_US/62/no_insertion/direct,date_recurrence,en_US,direct,similar_insertion,no_insertion_placebo,False
medium/date_recurrence_en_US/62/similar_insertion/direct,date_recurrence,en_US,direct,similar_insertion,inserted,False
medium/date_recurrence_en_US/63/no_insertion/direct,date_recurrence,en_US,direct,similar_insertion,no_insertion_placebo,False
medium/date_recurrence_en_US/63/similar_insertion/direct,date_recurrence,en_US,direct,similar_insertion,inserted,False
medium/date_recurrence_en_US/64/no_insertion/direct,date_recurrence,en_US,direct,similar_insertion,no_insertion_placebo,False
medium/date_recurrence_en_US/64/similar_insertion/direct,date_recurrence,en_US,direct,similar_insertion,inserted,False
medium/date_recurrence_en_US/65/no_insertion/direct,date_recurrence,en_US,direct,similar_insertion,no_insertion_placebo,False
medium/date_recurrence_en_US/65/similar_insertion/direct,date_recurrence,en_US,direct,similar_insertion,inserted,False
medium/date_recurrence_en_US/66/no_insertion/direct,date_recurrence,en_US,direct,similar_insertion,no_insertion_placebo,False
medium/date_recurrence_en_US/66/similar_insertion/direct,date_recurrence,en_US,direct,similar_insertion,inserted,False
medium/date_recurrence_en_US/67/no_insertion/direct,date_recurrence,en_US,direct,similar_insertion,no_insertion_placebo,False
medium/date_recurrence_en_US/67/similar_insertion/direct,date_recurrence,en_US,direct,similar_insertion,inserted,False
medium/date_recurrence_en_US/69/no_insertion/direct,date_recurrence,en_US,direct,similar_insertion,no_insertion_placebo,False
medium/date_recurrence_en_US/70/no_insertion/direct,date_recurrence,en_US,direct,similar_insertion,no_insertion_placebo,False
medium/date_recurrence_en_US/70/similar_insertion/direct,date_recurrence,en_US,direct,similar_insertion,inserted,False
medium/date_recurrence_en_US/71/no_insertion/direct,date_recurrence,en_US,direct,similar_insertion,no_insertion_placebo,False
medium/date_recurrence_en_US/72/no_insertion/direct,date_recurrence,en_US,direct,similar_insertion,no_insertion_placebo,False
medium/date_recurrence_en_US/73/no_insertion/direct,date_recurrence,en_US,direct,similar_insertion,no_insertion_placebo,False
medium/date_recurrence_en_US/74/no_insertion/direct,date_recurrence,en_US,direct,similar_insertion,no_insertion_placebo,False
medium/date_recurrence_en_US/74/similar_insertion/direct,date_recurrence,en_US,direct,similar_insertion,inserted,False
medium/date_recurrence_en_US/76/no_insertion/direct,date_recurrence,en_US,direct,similar_insertion,no_insertion_placebo,False
medium/date_recurrence_en_US/76/similar_insertion/direct,date_recurrence,en_US,direct,similar_insertion,inserted,False
medium/date_recurrence_en_US/77/no_insertion/direct,date_recurrence,en_US,direct,similar_insertion,no_insertion_placebo,False
medium/date_recurrence_en_US/77/similar_insertion/direct,date_recurrence,en_US,direct,similar_insertion,inserted,False
medium/date_recurrence_en_US/78/no_insertion/direct,date_recurrence,en_US,direct,similar_insertion,no_insertion_placebo,True
medium/date_recurrence_en_US/79/no_insertion/direct,date_recurrence,en_US,direct,similar_insertion,no_insertion_placebo,False
medium/date_recurrence_en_US/81/no_insertion/direct,date_recurrence,en_US,direct,similar_insertion,no_insertion_placebo,False
medium/date_recurrence_en_US/81/similar_insertion/direct,date_recurrence,en_US,direct,similar_insertion,inserted,False
medium/date_recurrence_en_US/82/no_insertion/direct,date_recurrence,en_US,direct,similar_insertion,no_insertion_placebo,False
medium/date_recurrence_en_US/82/similar_insertion/direct,date_recurrence,en_US,direct,similar_insertion,inserted,False
medium/date_recurrence_en_US/83/no_insertion/direct,date_recurrence,en_US,direct,similar_insertion,no_insertion_placebo,False
medium/date_recurrence_en_US/83/similar_insertion/direct,date_recurrence,en_US,direct,similar_insertion,inserted,False
medium/date_recurrence_en_US/85/no_insertion/direct,date_recurrence,en_US,direct,similar_insertion,no_insertion_placebo,False
medium/date_recurrence_en_US/85/similar_insertion/direct,date_recurrence,en_US,direct,similar_insertion,inserted,False
medium/date_recurrence_en_US/86/no_insertion/direct,date_recurrence,en_US,direct,similar_insertion,no_insertion_placebo,False
medium/date_recurrence_en_US/86/similar_insertion/direct,date_recurrence,en_US,direct,similar_insertion,inserted,False
medium/date_recurrence_en_US/86/no_insertion/cot,date_recurrence,en_US,cot,similar_insertion,no_insertion_placebo,False
medium/date_recurrence_en_US/86/similar_insertion/cot,date_recurrence,en_US,cot,similar_insertion,inserted,False
medium/date_recurrence_en_US/87/no_insertion/direct,date_recurrence,en_US,direct,similar_insertion,no_insertion_placebo,False
medium/date_recurrence_en_US/87/similar_insertion/direct,date_recurrence,en_US,direct,similar_insertion,inserted,False
medium/date_recurrence_en_US/89/similar_insertion/direct,date_recurrence,en_US,direct,similar_insertion,inserted,False
medium/date_recurrence_en_US/90/no_insertion/direct,date_recurrence,en_US,direct,similar_insertion,no_insertion_placebo,False
medium/date_recurrence_en_US/90/similar_insertion/direct,date_recurrence,en_US,direct,similar_insertion,inserted,True
medium/date_recurrence_en_US/91/no_insertion/direct,date_recurrence,en_US,direct,similar_insertion,no_insertion_placebo,False
medium/date_recurrence_en_US/91/similar_insertion/direct,date_recurrence,en_US,direct,similar_insertion,inserted,False
medium/date_recurrence_en_US/92/no_insertion/direct,date_recurrence,en_US,direct,similar_insertion,no_insertion_placebo,False
medium/date_recurrence_en_US/92/similar_insertion/direct,date_recurrence,en_US,direct,similar_insertion,inserted,False
medium/date_recurrence_en_US/94/no_insertion/direct,date_recurrence,en_US,direct,similar_insertion,no_insertion_placebo,False
medium/date_recurrence_en_US/95/similar_insertion/direct,date_recurrence,en_US,direct,similar_insertion,inserted,False
medium/date_recurrence_en_US/96/no_insertion/direct,date_recurrence,en_US,direct,similar_insertion,no_insertion_placebo,False
medium/date_recurrence_en_US/96/similar_insertion/direct,date_recurrence,en_US,direct,similar_insertion,inserted,False
medium/date_recurrence_en_US/97/no_insertion/direct,date_recurrence,en_US,direct,similar_insertion,no_insertion_placebo,False
medium/date_recurrence_en_US/97/similar_insertion/direct,date_recurrence,en_US,direct,similar_insertion,inserted,False
medium/date_recurrence_en_US/98/no_insertion/direct,date_recurrence,en_US,direct,similar_insertion,no_insertion_placebo,False
medium/date_recurrence_en_US/98/similar_insertion/direct,date_recurrence,en_US,direct,similar_insertion,inserted,False
medium/date_recurrence_en_US/99/no_insertion/direct,date_recurrence,en_US,direct,similar_insertion,no_insertion_placebo,False
medium/date_recurrence_en_US/99/similar_insertion/cot,date_recurrence,en_US,cot,similar_insertion,inserted,False
medium/date_recurrence_en_US/98/similar_insertion/cot,date_recurrence,en_US,cot,similar_insertion,inserted,False
medium/date_recurrence_en_US/101/no_insertion/direct,date_recurrence,en_US,direct,similar_insertion,no_insertion_placebo,False
medium/date_recurrence_en_US/101/similar_insertion/direct,date_recurrence,en_US,direct,similar_insertion,inserted,False
medium/date_recurrence_en_US/102/no_insertion/direct,date_recurrence,en_US,direct,similar_insertion,no_insertion_placebo,False
medium/date_recurrence_en_US/102/similar_insertion/direct,date_recurrence,en_US,direct,similar_insertion,inserted,False
medium/date_recurrence_en_US/104/no_insertion/direct,date_recurrence,en_US,direct,similar_insertion,no_insertion_placebo,False
medium/date_recurrence_en_US/105/no_insertion/direct,date_recurrence,en_US,direct,similar_insertion,no_insertion_placebo,False
medium/date_recurrence_en_US/105/similar_insertion/direct,date_recurrence,en_US,direct,similar_insertion,inserted,False
medium/date_recurrence_en_US/106/similar_insertion/direct,date_recurrence,en_US,direct,similar_insertion,inserted,False
medium/date_recurrence_en_US/109/no_insertion/direct,date_recurrence,en_US,direct,similar_insertion,no_insertion_placebo,False
medium/date_recurrence_en_US/109/similar_insertion/direct,date_recurrence,en_US,direct,similar_insertion,inserted,False
medium/date_recurrence_en_US/113/no_insertion/direct,date_recurrence,en_US,direct,similar_insertion,no_insertion_placebo,False
medium/date_recurrence_en_US/113/similar_insertion/direct,date_recurrence,en_US,direct,similar_insertion,inserted,False
medium/date_recurrence_en_US/115/no_insertion/direct,date_recurrence,en_US,direct,similar_insertion,no_insertion_placebo,False
medium/date_recurrence_en_US/115/similar_insertion/direct,date_recurrence,en_US,direct,similar_insertion,inserted,False
medium/date_recurrence_en_US/116/no_insertion/direct,date_recurrence,en_US,direct,similar_insertion,no_insertion_placebo,False
medium/date_recurrence_en_US/116/similar_insertion/direct,date_recurrence,en_US,direct,similar_insertion,inserted,False
medium/date_recurrence_en_US/117/no_insertion/direct,date_recurrence,en_US,direct,similar_insertion,no_insertion_placebo,False
medium/date_recurrence_en_US/117/similar_insertion/direct,date_recurrence,en_US,direct,similar_insertion,inserted,False
medium/date_recurrence_en_US/118/similar_insertion/direct,date_recurrence,en_US,direct,similar_insertion,inserted,True
medium/date_recurrence_en_US/119/no_insertion/direct,date_recurrence,en_US,direct,similar_insertion,no_insertion_placebo,False
medium/date_recurrence_en_US/120/no_insertion/direct,date_recurrence,en_US,direct,similar_insertion,no_insertion_placebo,False
medium/date_recurrence_en_US/120/similar_insertion/direct,date_recurrence,en_US,direct,similar_insertion,inserted,False
medium/date_recurrence_en_US/121/no_insertion/direct,date_recurrence,en_US,direct,similar_insertion,no_insertion_placebo,False
medium/date_recurrence_en_US/121/similar_insertion/direct,date_recurrence,en_US,direct,similar_insertion,inserted,False
medium/date_recurrence_en_US/122/no_insertion/direct,date_recurrence,en_US,direct,similar_insertion,no_insertion_placebo,False
medium/date_recurrence_en_US/122/similar_insertion/direct,date_recurrence,en_US,direct,similar_insertion,inserted,False
medium/date_recurrence_en_US/123/no_insertion/direct,date_recurrence,en_US,direct,similar_insertion,no_insertion_placebo,False
medium/date_recurrence_en_US/123/similar_insertion/direct,date_recurrence,en_US,direct,similar_insertion,inserted,False
medium/date_recurrence_en_US/124/no_insertion/direct,date_recurrence,en_US,direct,similar_insertion,no_insertion_placebo,False
medium/date_recurrence_en_US/124/similar_insertion/direct,date_recurrence,en_US,direct,similar_insertion,inserted,False
medium/date_recurrence_en_US/125/no_insertion/direct,date_recurrence,en_US,direct,similar_insertion,no_insertion_placebo,False
medium/date_recurrence_en_US/125/similar_insertion/direct,date_recurrence,en_US,direct,similar_insertion,inserted,False
medium/date_recurrence_en_US/127/no_insertion/direct,date_recurrence,en_US,direct,similar_insertion,no_insertion_placebo,False
medium/date_recurrence_en_US/128/no_insertion/direct,date_recurrence,en_US,direct,similar_insertion,no_insertion_placebo,False
medium/date_recurrence_en_US/128/similar_insertion/direct,date_recurrence,en_US,direct,similar_insertion,inserted,False
medium/date_recurrence_en_US/129/no_insertion/direct,date_recurrence,en_US,direct,similar_insertion,no_insertion_placebo,False
medium/date_recurrence_en_US/129/similar_insertion/direct,date_recurrence,en_US,direct,similar_insertion,inserted,False
medium/date_recurrence_en_US/131/no_insertion/direct,date_recurrence,en_US,direct,similar_insertion,no_insertion_placebo,False
medium/date_recurrence_en_US/132/no_insertion/direct,date_recurrence,en_US,direct,similar_insertion,no_insertion_placebo,False
medium/date_recurrence_en_US/132/similar_insertion/cot,date_recurrence,en_US,cot,similar_insertion,inserted,False
medium/date_recurrence_en_US/134/no_insertion/direct,date_recurrence,en_US,direct,similar_insertion,no_insertion_placebo,False
medium/date_recurrence_en_US/134/similar_insertion/direct,date_recurrence,en_US,direct,similar_insertion,inserted,False
medium/date_recurrence_en_US/135/no_insertion/direct,date_recurrence,en_US,direct,similar_insertion,no_insertion_placebo,False
medium/date_recurrence_en_US/135/similar_insertion/direct,date_recurrence,en_US,direct,similar_insertion,inserted,False
medium/date_recurrence_en_US/136/no_insertion/direct,date_recurrence,en_US,direct,similar_insertion,no_insertion_placebo,False
medium/date_recurrence_en_US/136/similar_insertion/direct,date_recurrence,en_US,direct,similar_insertion,inserted,False
medium/date_recurrence_en_US/137/no_insertion/direct,date_recurrence,en_US,direct,similar_insertion,no_insertion_placebo,False
medium/date_recurrence_en_US/137/similar_insertion/direct,date_recurrence,en_US,direct,similar_insertion,inserted,False
medium/date_recurrence_en_US/138/no_insertion/direct,date_recurrence,en_US,direct,similar_insertion,no_insertion_placebo,False
medium/date_recurrence_en_US/139/no_insertion/direct,date_recurrence,en_US,direct,similar_insertion,no_insertion_placebo,False
medium/date_recurrence_en_US/139/similar_insertion/direct,date_recurrence,en_US,direct,similar_insertion,inserted,False
medium/date_recurrence_en_US/140/no_insertion/direct,date_recurrence,en_US,direct,similar_insertion,no_insertion_placebo,False
medium/date_recurrence_en_US/140/similar_insertion/direct,date_recurrence,en_US,direct,similar_insertion,inserted,False
medium/date_recurrence_en_US/141/no_insertion/direct,date_recurrence,en_US,direct,similar_insertion,no_insertion_placebo,False
medium/date_recurrence_en_US/141/similar_insertion/direct,date_recurrence,en_US,direct,similar_insertion,inserted,False
medium/date_recurrence_en_US/142/no_insertion/direct,date_recurrence,en_US,direct,similar_insertion,no_insertion_placebo,False
medium/date_recurrence_en_US/142/similar_insertion/direct,date_recurrence,en_US,direct,similar_insertion,inserted,False
medium/date_recurrence_en_US/144/no_insertion/direct,date_recurrence,en_US,direct,similar_insertion,no_insertion_placebo,False
medium/date_recurrence_en_US/144/similar_insertion/direct,date_recurrence,en_US,direct,similar_insertion,inserted,False
medium/date_recurrence_en_US/144/similar_insertion/cot,date_recurrence,en_US,cot,similar_insertion,inserted,False
medium/date_recurrence_en_US/147/no_insertion/direct,date_recurrence,en_US,direct,similar_insertion,no_insertion_placebo,False
medium/date_recurrence_en_US/147/similar_insertion/direct,date_recurrence,en_US,direct,similar_insertion,inserted,False
medium/date_recurrence_en_US/149/no_insertion/direct,date_recurrence,en_US,direct,similar_insertion,no_insertion_placebo,False
medium/date_recurrence_en_US/149/similar_insertion/direct,date_recurrence,en_US,direct,similar_insertion,inserted,False
medium/date_recurrence_en_US/149/similar_insertion/cot,date_recurrence,en_US,cot,similar_insertion,inserted,False
medium/date_recurrence_hi_IN/0/no_insertion/direct,date_recurrence,hi_IN,direct,similar_insertion,no_insertion_placebo,False
medium/date_recurrence_hi_IN/0/no_insertion/cot,date_recurrence,hi_IN,cot,similar_insertion,no_insertion_placebo,False
medium/date_recurrence_hi_IN/0/similar_insertion/direct,date_recurrence,hi_IN,direct,similar_insertion,inserted,True
medium/date_recurrence_hi_IN/0/similar_insertion/cot,date_recurrence,hi_IN,cot,similar_insertion,inserted,False
medium/date_recurrence_hi_IN/1/similar_insertion/cot,date_recurrence,hi_IN,cot,similar_insertion,inserted,False
medium/date_recurrence_hi_IN/2/no_insertion/direct,date_recurrence,hi_IN,direct,similar_insertion,no_insertion_placebo,False
medium/date_recurrence_hi_IN/2/no_insertion/cot,date_recurrence,hi_IN,cot,similar_insertion,no_insertion_placebo,False
medium/date_recurrence_hi_IN/2/similar_insertion/direct,date_recurrence,hi_IN,direct,similar_insertion,inserted,False
medium/date_recurrence_hi_IN/2/similar_insertion/cot,date_recurrence,hi_IN,cot,similar_insertion,inserted,False
medium/date_recurrence_hi_IN/3/no_insertion/direct,date_recurrence,hi_IN,direct,similar_insertion,no_insertion_placebo,False
medium/date_recurrence_hi_IN/3/similar_insertion/direct,date_recurrence,hi_IN,direct,similar_insertion,inserted,False
medium/date_recurrence_hi_IN/3/no_insertion/cot,date_recurrence,hi_IN,cot,similar_insertion,no_insertion_placebo,False
medium/date_recurrence_hi_IN/3/similar_insertion/cot,date_recurrence,hi_IN,cot,similar_insertion,inserted,False
medium/date_recurrence_hi_IN/6/no_insertion/direct,date_recurrence,hi_IN,direct,similar_insertion,no_insertion_placebo,False
medium/date_recurrence_hi_IN/6/similar_insertion/direct,date_recurrence,hi_IN,direct,similar_insertion,inserted,False
medium/date_recurrence_hi_IN/6/no_insertion/cot,date_recurrence,hi_IN,cot,similar_insertion,no_insertion_placebo,False
medium/date_recurrence_hi_IN/6/similar_insertion/cot,date_recurrence,hi_IN,cot,similar_insertion,inserted,False
medium/date_recurrence_hi_IN/7/no_insertion/direct,date_recurrence,hi_IN,direct,similar_insertion,no_insertion_placebo,False
medium/date_recurrence_hi_IN/7/similar_insertion/direct,date_recurrence,hi_IN,direct,similar_insertion,inserted,True
medium/date_recurrence_hi_IN/7/no_insertion/cot,date_recurrence,hi_IN,cot,similar_insertion,no_insertion_placebo,False
medium/date_recurrence_hi_IN/8/no_insertion/direct,date_recurrence,hi_IN,direct,similar_insertion,no_insertion_placebo,False
medium/date_recurrence_hi_IN/7/similar_insertion/cot,date_recurrence,hi_IN,cot,similar_insertion,inserted,False
medium/date_recurrence_hi_IN/8/similar_insertion/direct,date_recurrence,hi_IN,direct,similar_insertion,inserted,False
medium/date_recurrence_hi_IN/8/no_insertion/cot,date_recurrence,hi_IN,cot,similar_insertion,no_insertion_placebo,False
medium/date_recurrence_hi_IN/8/similar_insertion/cot,date_recurrence,hi_IN,cot,similar_insertion,inserted,False
medium/date_recurrence_hi_IN/9/no_insertion/direct,date_recurrence,hi_IN,direct,similar_insertion,no_insertion_placebo,False
medium/date_recurrence_hi_IN/9/no_insertion/cot,date_recurrence,hi_IN,cot,similar_insertion,no_insertion_placebo,False
medium/date_recurrence_hi_IN/9/similar_insertion/direct,date_recurrence,hi_IN,direct,similar_insertion,inserted,False
medium/date_recurrence_hi_IN/9/similar_insertion/cot,date_recurrence,hi_IN,cot,similar_insertion,inserted,False
medium/date_recurrence_hi_IN/10/no_insertion/direct,date_recurrence,hi_IN,direct,similar_insertion,no_insertion_placebo,False
medium/date_recurrence_hi_IN/10/similar_insertion/direct,date_recurrence,hi_IN,direct,similar_insertion,inserted,False
medium/date_recurrence_hi_IN/11/no_insertion/direct,date_recurrence,hi_IN,direct,similar_insertion,no_insertion_placebo,False
medium/date_recurrence_hi_IN/11/similar_insertion/direct,date_recurrence,hi_IN,direct,similar_insertion,inserted,False
medium/date_recurrence_hi_IN/11/no_insertion/cot,date_recurrence,hi_IN,cot,similar_insertion,no_insertion_placebo,False
medium/date_recurrence_hi_IN/11/similar_insertion/cot,date_recurrence,hi_IN,cot,similar_insertion,inserted,False
medium/date_recurrence_hi_IN/12/no_insertion/direct,date_recurrence,hi_IN,direct,similar_insertion,no_insertion_placebo,False
medium/date_recurrence_hi_IN/12/similar_insertion/direct,date_recurrence,hi_IN,direct,similar_insertion,inserted,True
medium/date_recurrence_hi_IN/12/similar_insertion/cot,date_recurrence,hi_IN,cot,similar_insertion,inserted,False
medium/date_recurrence_hi_IN/13/no_insertion/direct,date_recurrence,hi_IN,direct,similar_insertion,no_insertion_placebo,False
medium/date_recurrence_hi_IN/13/similar_insertion/direct,date_recurrence,hi_IN,direct,similar_insertion,inserted,True
medium/date_recurrence_hi_IN/13/no_insertion/cot,date_recurrence,hi_IN,cot,similar_insertion,no_insertion_placebo,False
medium/date_recurrence_hi_IN/13/similar_insertion/cot,date_recurrence,hi_IN,cot,similar_insertion,inserted,False
medium/date_recurrence_hi_IN/14/no_insertion/direct,date_recurrence,hi_IN,direct,similar_insertion,no_insertion_placebo,False
medium/date_recurrence_hi_IN/14/similar_insertion/direct,date_recurrence,hi_IN,direct,similar_insertion,inserted,True
medium/date_recurrence_hi_IN/14/similar_insertion/cot,date_recurrence,hi_IN,cot,similar_insertion,inserted,False
medium/date_recurrence_hi_IN/15/no_insertion/direct,date_recurrence,hi_IN,direct,similar_insertion,no_insertion_placebo,False
medium/date_recurrence_hi_IN/15/similar_insertion/direct,date_recurrence,hi_IN,direct,similar_insertion,inserted,False
medium/date_recurrence_hi_IN/15/no_insertion/cot,date_recurrence,hi_IN,cot,similar_insertion,no_insertion_placebo,False
medium/date_recurrence_hi_IN/16/no_insertion/direct,date_recurrence,hi_IN,direct,similar_insertion,no_insertion_placebo,False
medium/date_recurrence_hi_IN/16/similar_insertion/direct,date_recurrence,hi_IN,direct,similar_insertion,inserted,False
medium/date_recurrence_hi_IN/17/no_insertion/direct,date_recurrence,hi_IN,direct,similar_insertion,no_insertion_placebo,False
medium/date_recurrence_hi_IN/17/similar_insertion/direct,date_recurrence,hi_IN,direct,similar_insertion,inserted,False
medium/date_recurrence_hi_IN/17/no_insertion/cot,date_recurrence,hi_IN,cot,similar_insertion,no_insertion_placebo,False
medium/date_recurrence_hi_IN/18/no_insertion/direct,date_recurrence,hi_IN,direct,similar_insertion,no_insertion_placebo,False
medium/date_recurrence_hi_IN/17/similar_insertion/cot,date_recurrence,hi_IN,cot,similar_insertion,inserted,False
medium/date_recurrence_hi_IN/18/similar_insertion/direct,date_recurrence,hi_IN,direct,similar_insertion,inserted,False
medium/date_recurrence_hi_IN/18/similar_insertion/cot,date_recurrence,hi_IN,cot,similar_insertion,inserted,False
medium/date_recurrence_hi_IN/19/no_insertion/direct,date_recurrence,hi_IN,direct,similar_insertion,no_insertion_placebo,False
medium/date_recurrence_hi_IN/19/similar_insertion/direct,date_recurrence,hi_IN,direct,similar_insertion,inserted,False
medium/date_recurrence_hi_IN/19/no_insertion/cot,date_recurrence,hi_IN,cot,similar_insertion,no_insertion_placebo,False
medium/date_recurrence_hi_IN/20/no_insertion/direct,date_recurrence,hi_IN,direct,similar_insertion,no_insertion_placebo,False
medium/date_recurrence_hi_IN/20/similar_insertion/direct,date_recurrence,hi_IN,direct,similar_insertion,inserted,True
medium/date_recurrence_hi_IN/20/similar_insertion/cot,date_recurrence,hi_IN,cot,similar_insertion,inserted,False
medium/date_recurrence_hi_IN/21/no_insertion/direct,date_recurrence,hi_IN,direct,similar_insertion,no_insertion_placebo,False
medium/date_recurrence_hi_IN/21/similar_insertion/direct,date_recurrence,hi_IN,direct,similar_insertion,inserted,False
medium/date_recurrence_hi_IN/21/no_insertion/cot,date_recurrence,hi_IN,cot,similar_insertion,no_insertion_placebo,False
medium/date_recurrence_hi_IN/21/similar_insertion/cot,date_recurrence,hi_IN,cot,similar_insertion,inserted,False
medium/date_recurrence_hi_IN/22/no_insertion/direct,date_recurrence,hi_IN,direct,similar_insertion,no_insertion_placebo,False
medium/date_recurrence_hi_IN/22/similar_insertion/direct,date_recurrence,hi_IN,direct,similar_insertion,inserted,False
medium/date_recurrence_hi_IN/22/similar_insertion/cot,date_recurrence,hi_IN,cot,similar_insertion,inserted,False
medium/date_recurrence_hi_IN/22/no_insertion/cot,date_recurrence,hi_IN,cot,similar_insertion,no_insertion_placebo,False
medium/date_recurrence_hi_IN/23/no_insertion/direct,date_recurrence,hi_IN,direct,similar_insertion,no_insertion_placebo,False
medium/date_recurrence_hi_IN/23/no_insertion/cot,date_recurrence,hi_IN,cot,similar_insertion,no_insertion_placebo,False
medium/date_recurrence_hi_IN/23/similar_insertion/direct,date_recurrence,hi_IN,direct,similar_insertion,inserted,False
medium/date_recurrence_hi_IN/26/no_insertion/direct,date_recurrence,hi_IN,direct,similar_insertion,no_insertion_placebo,False
medium/date_recurrence_hi_IN/26/similar_insertion/direct,date_recurrence,hi_IN,direct,similar_insertion,inserted,True
medium/date_recurrence_hi_IN/26/similar_insertion/cot,date_recurrence,hi_IN,cot,similar_insertion,inserted,False
medium/date_recurrence_hi_IN/27/similar_insertion/direct,date_recurrence,hi_IN,direct,similar_insertion,inserted,False
medium/date_recurrence_hi_IN/27/similar_insertion/cot,date_recurrence,hi_IN,cot,similar_insertion,inserted,False
medium/date_recurrence_hi_IN/28/no_insertion/direct,date_recurrence,hi_IN,direct,similar_insertion,no_insertion_placebo,False
medium/date_recurrence_hi_IN/28/similar_insertion/direct,date_recurrence,hi_IN,direct,similar_insertion,inserted,False
medium/date_recurrence_hi_IN/28/no_insertion/cot,date_recurrence,hi_IN,cot,similar_insertion,no_insertion_placebo,False
medium/date_recurrence_hi_IN/28/similar_insertion/cot,date_recurrence,hi_IN,cot,similar_insertion,inserted,False
medium/date_recurrence_hi_IN/29/no_insertion/direct,date_recurrence,hi_IN,direct,similar_insertion,no_insertion_placebo,False
medium/date_recurrence_hi_IN/29/similar_insertion/direct,date_recurrence,hi_IN,direct,similar_insertion,inserted,True
medium/date_recurrence_hi_IN/29/no_insertion/cot,date_recurrence,hi_IN,cot,similar_insertion,no_insertion_placebo,False
medium/date_recurrence_hi_IN/30/no_insertion/direct,date_recurrence,hi_IN,direct,similar_insertion,no_insertion_placebo,False
medium/date_recurrence_hi_IN/30/similar_insertion/direct,date_recurrence,hi_IN,direct,similar_insertion,inserted,False
medium/date_recurrence_hi_IN/30/similar_insertion/cot,date_recurrence,hi_IN,cot,similar_insertion,inserted,False
medium/date_recurrence_hi_IN/31/no_insertion/direct,date_recurrence,hi_IN,direct,similar_insertion,no_insertion_placebo,False
medium/date_recurrence_hi_IN/31/no_insertion/cot,date_recurrence,hi_IN,cot,similar_insertion,no_insertion_placebo,False
medium/date_recurrence_hi_IN/31/similar_insertion/direct,date_recurrence,hi_IN,direct,similar_insertion,inserted,False
medium/date_recurrence_hi_IN/31/similar_insertion/cot,date_recurrence,hi_IN,cot,similar_insertion,inserted,False
medium/date_recurrence_hi_IN/32/no_insertion/direct,date_recurrence,hi_IN,direct,similar_insertion,no_insertion_placebo,False
medium/date_recurrence_hi_IN/32/similar_insertion/direct,date_recurrence,hi_IN,direct,similar_insertion,inserted,True
medium/date_recurrence_hi_IN/33/no_insertion/direct,date_recurrence,hi_IN,direct,similar_insertion,no_insertion_placebo,False
medium/date_recurrence_hi_IN/33/similar_insertion/direct,date_recurrence,hi_IN,direct,similar_insertion,inserted,False
medium/date_recurrence_hi_IN/33/similar_insertion/cot,date_recurrence,hi_IN,cot,similar_insertion,inserted,False
medium/date_recurrence_hi_IN/34/no_insertion/cot,date_recurrence,hi_IN,cot,similar_insertion,no_insertion_placebo,False
medium/date_recurrence_hi_IN/34/similar_insertion/direct,date_recurrence,hi_IN,direct,similar_insertion,inserted,False
medium/date_recurrence_hi_IN/35/no_insertion/direct,date_recurrence,hi_IN,direct,similar_insertion,no_insertion_placebo,False
medium/date_recurrence_hi_IN/35/similar_insertion/direct,date_recurrence,hi_IN,direct,similar_insertion,inserted,False
medium/date_recurrence_hi_IN/35/similar_insertion/cot,date_recurrence,hi_IN,cot,similar_insertion,inserted,False
medium/date_recurrence_hi_IN/36/no_insertion/direct,date_recurrence,hi_IN,direct,similar_insertion,no_insertion_placebo,False
medium/date_recurrence_hi_IN/36/similar_insertion/direct,date_recurrence,hi_IN,direct,similar_insertion,inserted,False
medium/date_recurrence_hi_IN/36/similar_insertion/cot,date_recurrence,hi_IN,cot,similar_insertion,inserted,False
medium/date_recurrence_hi_IN/37/no_insertion/direct,date_recurrence,hi_IN,direct,similar_insertion,no_insertion_placebo,False
medium/date_recurrence_hi_IN/37/similar_insertion/direct,date_recurrence,hi_IN,direct,similar_insertion,inserted,False
medium/date_recurrence_hi_IN/37/no_insertion/cot,date_recurrence,hi_IN,cot,similar_insertion,no_insertion_placebo,False
medium/date_recurrence_hi_IN/38/no_insertion/direct,date_recurrence,hi_IN,direct,similar_insertion,no_insertion_placebo,False
medium/date_recurrence_hi_IN/38/no_insertion/cot,date_recurrence,hi_IN,cot,similar_insertion,no_insertion_placebo,False
medium/date_recurrence_hi_IN/38/similar_insertion/direct,date_recurrence,hi_IN,direct,similar_insertion,inserted,False
medium/date_recurrence_hi_IN/39/no_insertion/direct,date_recurrence,hi_IN,direct,similar_insertion,no_insertion_placebo,False
medium/date_recurrence_hi_IN/39/similar_insertion/direct,date_recurrence,hi_IN,direct,similar_insertion,inserted,False
medium/date_recurrence_hi_IN/39/no_insertion/cot,date_recurrence,hi_IN,cot,similar_insertion,no_insertion_placebo,False
medium/date_recurrence_hi_IN/40/no_insertion/direct,date_recurrence,hi_IN,direct,similar_insertion,no_insertion_placebo,False
medium/date_recurrence_hi_IN/40/no_insertion/cot,date_recurrence,hi_IN,cot,similar_insertion,no_insertion_placebo,False
medium/date_recurrence_hi_IN/40/similar_insertion/direct,date_recurrence,hi_IN,direct,similar_insertion,inserted,False
medium/date_recurrence_hi_IN/40/similar_insertion/cot,date_recurrence,hi_IN,cot,similar_insertion,inserted,False
medium/date_recurrence_hi_IN/41/no_insertion/direct,date_recurrence,hi_IN,direct,similar_insertion,no_insertion_placebo,False
medium/date_recurrence_hi_IN/41/similar_insertion/direct,date_recurrence,hi_IN,direct,similar_insertion,inserted,False
medium/date_recurrence_hi_IN/41/no_insertion/cot,date_recurrence,hi_IN,cot,similar_insertion,no_insertion_placebo,False
medium/date_recurrence_hi_IN/42/no_insertion/direct,date_recurrence,hi_IN,direct,similar_insertion,no_insertion_placebo,False
medium/date_recurrence_hi_IN/42/similar_insertion/direct,date_recurrence,hi_IN,direct,similar_insertion,inserted,False
medium/date_recurrence_hi_IN/42/no_insertion/cot,date_recurrence,hi_IN,cot,similar_insertion,no_insertion_placebo,False
medium/date_recurrence_hi_IN/42/similar_insertion/cot,date_recurrence,hi_IN,cot,similar_insertion,inserted,False
medium/date_recurrence_hi_IN/43/no_insertion/direct,date_recurrence,hi_IN,direct,similar_insertion,no_insertion_placebo,False
medium/date_recurrence_hi_IN/43/similar_insertion/direct,date_recurrence,hi_IN,direct,similar_insertion,inserted,False
medium/date_recurrence_hi_IN/43/no_insertion/cot,date_recurrence,hi_IN,cot,similar_insertion,no_insertion_placebo,False
medium/date_recurrence_hi_IN/43/similar_insertion/cot,date_recurrence,hi_IN,cot,similar_insertion,inserted,False
medium/date_recurrence_hi_IN/44/no_insertion/direct,date_recurrence,hi_IN,direct,similar_insertion,no_insertion_placebo,False
medium/date_recurrence_hi_IN/44/similar_insertion/direct,date_recurrence,hi_IN,direct,similar_insertion,inserted,False
medium/date_recurrence_hi_IN/44/no_insertion/cot,date_recurrence,hi_IN,cot,similar_insertion,no_insertion_placebo,False
medium/date_recurrence_hi_IN/44/similar_insertion/cot,date_recurrence,hi_IN,cot,similar_insertion,inserted,False
medium/date_recurrence_hi_IN/48/no_insertion/direct,date_recurrence,hi_IN,direct,similar_insertion,no_insertion_placebo,False
medium/date_recurrence_hi_IN/48/similar_insertion/direct,date_recurrence,hi_IN,direct,similar_insertion,inserted,True
medium/date_recurrence_hi_IN/48/no_insertion/cot,date_recurrence,hi_IN,cot,similar_insertion,no_insertion_placebo,False
medium/date_recurrence_hi_IN/49/no_insertion/direct,date_recurrence,hi_IN,direct,similar_insertion,no_insertion_placebo,False
medium/date_recurrence_hi_IN/49/similar_insertion/direct,date_recurrence,hi_IN,direct,similar_insertion,inserted,False
medium/date_recurrence_hi_IN/49/no_insertion/cot,date_recurrence,hi_IN,cot,similar_insertion,no_insertion_placebo,False
medium/date_recurrence_hi_IN/49/similar_insertion/cot,date_recurrence,hi_IN,cot,similar_insertion,inserted,False
medium/date_recurrence_hi_IN/50/no_insertion/direct,date_recurrence,hi_IN,direct,similar_insertion,no_insertion_placebo,False
medium/date_recurrence_hi_IN/50/similar_insertion/direct,date_recurrence,hi_IN,direct,similar_insertion,inserted,False
medium/date_recurrence_hi_IN/50/similar_insertion/cot,date_recurrence,hi_IN,cot,similar_insertion,inserted,False
medium/date_recurrence_hi_IN/51/no_insertion/direct,date_recurrence,hi_IN,direct,similar_insertion,no_insertion_placebo,False
medium/date_recurrence_hi_IN/51/similar_insertion/direct,date_recurrence,hi_IN,direct,similar_insertion,inserted,False
medium/date_recurrence_hi_IN/51/no_insertion/cot,date_recurrence,hi_IN,cot,similar_insertion,no_insertion_placebo,False
medium/date_recurrence_hi_IN/51/similar_insertion/cot,date_recurrence,hi_IN,cot,similar_insertion,inserted,False
medium/date_recurrence_hi_IN/53/no_insertion/direct,date_recurrence,hi_IN,direct,similar_insertion,no_insertion_placebo,False
medium/date_recurrence_hi_IN/53/similar_insertion/direct,date_recurrence,hi_IN,direct,similar_insertion,inserted,False
medium/date_recurrence_hi_IN/53/no_insertion/cot,date_recurrence,hi_IN,cot,similar_insertion,no_insertion_placebo,False
medium/date_recurrence_hi_IN/53/similar_insertion/cot,date_recurrence,hi_IN,cot,similar_insertion,inserted,False
medium/date_recurrence_hi_IN/54/no_insertion/direct,date_recurrence,hi_IN,direct,similar_insertion,no_insertion_placebo,False
medium/date_recurrence_hi_IN/54/similar_insertion/direct,date_recurrence,hi_IN,direct,similar_insertion,inserted,False
medium/date_recurrence_hi_IN/55/no_insertion/direct,date_recurrence,hi_IN,direct,similar_insertion,no_insertion_placebo,False
medium/date_recurrence_hi_IN/55/similar_insertion/direct,date_recurrence,hi_IN,direct,similar_insertion,inserted,False
medium/date_recurrence_hi_IN/55/no_insertion/cot,date_recurrence,hi_IN,cot,similar_insertion,no_insertion_placebo,False
medium/date_recurrence_hi_IN/55/similar_insertion/cot,date_recurrence,hi_IN,cot,similar_insertion,inserted,False
medium/date_recurrence_hi_IN/56/no_insertion/direct,date_recurrence,hi_IN,direct,similar_insertion,no_insertion_placebo,False
medium/date_recurrence_hi_IN/56/similar_insertion/direct,date_recurrence,hi_IN,direct,similar_insertion,inserted,True
medium/date_recurrence_hi_IN/56/no_insertion/cot,date_recurrence,hi_IN,cot,similar_insertion,no_insertion_placebo,False
medium/date_recurrence_hi_IN/56/similar_insertion/cot,date_recurrence,hi_IN,cot,similar_insertion,inserted,False
medium/date_recurrence_hi_IN/58/no_insertion/direct,date_recurrence,hi_IN,direct,similar_insertion,no_insertion_placebo,False
medium/date_recurrence_hi_IN/58/similar_insertion/direct,date_recurrence,hi_IN,direct,similar_insertion,inserted,False
medium/date_recurrence_hi_IN/59/similar_insertion/direct,date_recurrence,hi_IN,direct,similar_insertion,inserted,False
medium/date_recurrence_hi_IN/59/no_insertion/cot,date_recurrence,hi_IN,cot,similar_insertion,no_insertion_placebo,False
medium/date_recurrence_hi_IN/59/similar_insertion/cot,date_recurrence,hi_IN,cot,similar_insertion,inserted,False
medium/date_recurrence_hi_IN/60/no_insertion/direct,date_recurrence,hi_IN,direct,similar_insertion,no_insertion_placebo,True
medium/date_recurrence_hi_IN/60/similar_insertion/direct,date_recurrence,hi_IN,direct,similar_insertion,inserted,True
medium/date_recurrence_hi_IN/60/similar_insertion/cot,date_recurrence,hi_IN,cot,similar_insertion,inserted,False
medium/date_recurrence_hi_IN/61/no_insertion/direct,date_recurrence,hi_IN,direct,similar_insertion,no_insertion_placebo,False
medium/date_recurrence_hi_IN/61/similar_insertion/direct,date_recurrence,hi_IN,direct,similar_insertion,inserted,False
medium/date_recurrence_hi_IN/61/no_insertion/cot,date_recurrence,hi_IN,cot,similar_insertion,no_insertion_placebo,False
medium/date_recurrence_hi_IN/61/similar_insertion/cot,date_recurrence,hi_IN,cot,similar_insertion,inserted,False
medium/date_recurrence_hi_IN/62/no_insertion/direct,date_recurrence,hi_IN,direct,similar_insertion,no_insertion_placebo,False
medium/date_recurrence_hi_IN/62/similar_insertion/direct,date_recurrence,hi_IN,direct,similar_insertion,inserted,False
medium/date_recurrence_hi_IN/63/no_insertion/direct,date_recurrence,hi_IN,direct,similar_insertion,no_insertion_placebo,False
medium/date_recurrence_hi_IN/63/no_insertion/cot,date_recurrence,hi_IN,cot,similar_insertion,no_insertion_placebo,False
medium/date_recurrence_hi_IN/63/similar_insertion/direct,date_recurrence,hi_IN,direct,similar_insertion,inserted,False
medium/date_recurrence_hi_IN/63/similar_insertion/cot,date_recurrence,hi_IN,cot,similar_insertion,inserted,False
medium/date_recurrence_hi_IN/64/no_insertion/direct,date_recurrence,hi_IN,direct,similar_insertion,no_insertion_placebo,False
medium/date_recurrence_hi_IN/64/similar_insertion/direct,date_recurrence,hi_IN,direct,similar_insertion,inserted,False
medium/date_recurrence_hi_IN/64/no_insertion/cot,date_recurrence,hi_IN,cot,similar_insertion,no_insertion_placebo,False
medium/date_recurrence_hi_IN/64/similar_insertion/cot,date_recurrence,hi_IN,cot,similar_insertion,inserted,False
medium/date_recurrence_hi_IN/65/similar_insertion/direct,date_recurrence,hi_IN,direct,similar_insertion,inserted,False
medium/date_recurrence_hi_IN/65/similar_insertion/cot,date_recurrence,hi_IN,cot,similar_insertion,inserted,False
medium/date_recurrence_hi_IN/65/no_insertion/cot,date_recurrence,hi_IN,cot,similar_insertion,no_insertion_placebo,False
medium/date_recurrence_hi_IN/66/no_insertion/direct,date_recurrence,hi_IN,direct,similar_insertion,no_insertion_placebo,False
medium/date_recurrence_hi_IN/66/similar_insertion/direct,date_recurrence,hi_IN,direct,similar_insertion,inserted,False
medium/date_recurrence_hi_IN/67/no_insertion/direct,date_recurrence,hi_IN,direct,similar_insertion,no_insertion_placebo,False
medium/date_recurrence_hi_IN/67/similar_insertion/direct,date_recurrence,hi_IN,direct,similar_insertion,inserted,False
medium/date_recurrence_hi_IN/67/no_insertion/cot,date_recurrence,hi_IN,cot,similar_insertion,no_insertion_placebo,False
medium/date_recurrence_hi_IN/67/similar_insertion/cot,date_recurrence,hi_IN,cot,similar_insertion,inserted,False
medium/date_recurrence_hi_IN/68/no_insertion/direct,date_recurrence,hi_IN,direct,similar_insertion,no_insertion_placebo,False
medium/date_recurrence_hi_IN/68/similar_insertion/direct,date_recurrence,hi_IN,direct,similar_insertion,inserted,False
medium/date_recurrence_hi_IN/68/no_insertion/cot,date_recurrence,hi_IN,cot,similar_insertion,no_insertion_placebo,False
medium/date_recurrence_hi_IN/69/no_insertion/direct,date_recurrence,hi_IN,direct,similar_insertion,no_insertion_placebo,False
medium/date_recurrence_hi_IN/69/no_insertion/cot,date_recurrence,hi_IN,cot,similar_insertion,no_insertion_placebo,False
medium/date_recurrence_hi_IN/69/similar_insertion/direct,date_recurrence,hi_IN,direct,similar_insertion,inserted,True
medium/date_recurrence_hi_IN/70/no_insertion/direct,date_recurrence,hi_IN,direct,similar_insertion,no_insertion_placebo,False
medium/date_recurrence_hi_IN/70/similar_insertion/direct,date_recurrence,hi_IN,direct,similar_insertion,inserted,False
medium/date_recurrence_hi_IN/70/similar_insertion/cot,date_recurrence,hi_IN,cot,similar_insertion,inserted,False
medium/date_recurrence_hi_IN/70/no_insertion/cot,date_recurrence,hi_IN,cot,similar_insertion,no_insertion_placebo,False
medium/date_recurrence_hi_IN/71/similar_insertion/direct,date_recurrence,hi_IN,direct,similar_insertion,inserted,False
medium/date_recurrence_hi_IN/72/no_insertion/direct,date_recurrence,hi_IN,direct,similar_insertion,no_insertion_placebo,False
medium/date_recurrence_hi_IN/72/similar_insertion/direct,date_recurrence,hi_IN,direct,similar_insertion,inserted,True
medium/date_recurrence_hi_IN/72/similar_insertion/cot,date_recurrence,hi_IN,cot,similar_insertion,inserted,False
medium/date_recurrence_hi_IN/73/no_insertion/direct,date_recurrence,hi_IN,direct,similar_insertion,no_insertion_placebo,False
medium/date_recurrence_hi_IN/73/similar_insertion/direct,date_recurrence,hi_IN,direct,similar_insertion,inserted,True
medium/date_recurrence_hi_IN/73/similar_insertion/cot,date_recurrence,hi_IN,cot,similar_insertion,inserted,False
medium/date_recurrence_hi_IN/74/no_insertion/direct,date_recurrence,hi_IN,direct,similar_insertion,no_insertion_placebo,False
medium/date_recurrence_hi_IN/74/similar_insertion/direct,date_recurrence,hi_IN,direct,similar_insertion,inserted,False
medium/date_recurrence_hi_IN/74/similar_insertion/cot,date_recurrence,hi_IN,cot,similar_insertion,inserted,False
medium/date_recurrence_hi_IN/76/no_insertion/direct,date_recurrence,hi_IN,direct,similar_insertion,no_insertion_placebo,False
medium/date_recurrence_hi_IN/76/similar_insertion/direct,date_recurrence,hi_IN,direct,similar_insertion,inserted,False
medium/date_recurrence_hi_IN/76/similar_insertion/cot,date_recurrence,hi_IN,cot,similar_insertion,inserted,False
medium/date_recurrence_hi_IN/77/no_insertion/direct,date_recurrence,hi_IN,direct,similar_insertion,no_insertion_placebo,False
medium/date_recurrence_hi_IN/77/no_insertion/cot,date_recurrence,hi_IN,cot,similar_insertion,no_insertion_placebo,False
medium/date_recurrence_hi_IN/77/similar_insertion/direct,date_recurrence,hi_IN,direct,similar_insertion,inserted,False
medium/date_recurrence_hi_IN/77/similar_insertion/cot,date_recurrence,hi_IN,cot,similar_insertion,inserted,False
medium/date_recurrence_hi_IN/78/no_insertion/direct,date_recurrence,hi_IN,direct,similar_insertion,no_insertion_placebo,True
medium/date_recurrence_hi_IN/78/similar_insertion/direct,date_recurrence,hi_IN,direct,similar_insertion,inserted,True
medium/date_recurrence_hi_IN/78/similar_insertion/cot,date_recurrence,hi_IN,cot,similar_insertion,inserted,True
medium/date_recurrence_hi_IN/79/no_insertion/direct,date_recurrence,hi_IN,direct,similar_insertion,no_insertion_placebo,False
medium/date_recurrence_hi_IN/79/similar_insertion/direct,date_recurrence,hi_IN,direct,similar_insertion,inserted,False
medium/date_recurrence_hi_IN/79/similar_insertion/cot,date_recurrence,hi_IN,cot,similar_insertion,inserted,False
medium/date_recurrence_hi_IN/81/no_insertion/direct,date_recurrence,hi_IN,direct,similar_insertion,no_insertion_placebo,False
medium/date_recurrence_hi_IN/81/no_insertion/cot,date_recurrence,hi_IN,cot,similar_insertion,no_insertion_placebo,False
medium/date_recurrence_hi_IN/81/similar_insertion/direct,date_recurrence,hi_IN,direct,similar_insertion,inserted,False
medium/date_recurrence_hi_IN/81/similar_insertion/cot,date_recurrence,hi_IN,cot,similar_insertion,inserted,False
medium/date_recurrence_hi_IN/82/no_insertion/direct,date_recurrence,hi_IN,direct,similar_insertion,no_insertion_placebo,False
medium/date_recurrence_hi_IN/82/similar_insertion/direct,date_recurrence,hi_IN,direct,similar_insertion,inserted,False
medium/date_recurrence_hi_IN/82/no_insertion/cot,date_recurrence,hi_IN,cot,similar_insertion,no_insertion_placebo,False
medium/date_recurrence_hi_IN/83/no_insertion/direct,date_recurrence,hi_IN,direct,similar_insertion,no_insertion_placebo,False
medium/date_recurrence_hi_IN/83/similar_insertion/direct,date_recurrence,hi_IN,direct,similar_insertion,inserted,False
medium/date_recurrence_hi_IN/83/no_insertion/cot,date_recurrence,hi_IN,cot,similar_insertion,no_insertion_placebo,False
medium/date_recurrence_hi_IN/85/no_insertion/direct,date_recurrence,hi_IN,direct,similar_insertion,no_insertion_placebo,False
medium/date_recurrence_hi_IN/85/similar_insertion/direct,date_recurrence,hi_IN,direct,similar_insertion,inserted,False
medium/date_recurrence_hi_IN/85/similar_insertion/cot,date_recurrence,hi_IN,cot,similar_insertion,inserted,False
medium/date_recurrence_hi_IN/86/no_insertion/direct,date_recurrence,hi_IN,direct,similar_insertion,no_insertion_placebo,False
medium/date_recurrence_hi_IN/86/similar_insertion/direct,date_recurrence,hi_IN,direct,similar_insertion,inserted,False
medium/date_recurrence_hi_IN/87/no_insertion/direct,date_recurrence,hi_IN,direct,similar_insertion,no_insertion_placebo,False
medium/date_recurrence_hi_IN/87/similar_insertion/direct,date_recurrence,hi_IN,direct,similar_insertion,inserted,True
medium/date_recurrence_hi_IN/87/similar_insertion/cot,date_recurrence,hi_IN,cot,similar_insertion,inserted,False
medium/date_recurrence_hi_IN/89/no_insertion/direct,date_recurrence,hi_IN,direct,similar_insertion,no_insertion_placebo,False
medium/date_recurrence_hi_IN/89/similar_insertion/direct,date_recurrence,hi_IN,direct,similar_insertion,inserted,False
medium/date_recurrence_hi_IN/89/no_insertion/cot,date_recurrence,hi_IN,cot,similar_insertion,no_insertion_placebo,False
medium/date_recurrence_hi_IN/90/no_insertion/direct,date_recurrence,hi_IN,direct,similar_insertion,no_insertion_placebo,False
medium/date_recurrence_hi_IN/90/similar_insertion/direct,date_recurrence,hi_IN,direct,similar_insertion,inserted,False
medium/date_recurrence_hi_IN/90/similar_insertion/cot,date_recurrence,hi_IN,cot,similar_insertion,inserted,False
medium/date_recurrence_hi_IN/91/no_insertion/direct,date_recurrence,hi_IN,direct,similar_insertion,no_insertion_placebo,False
medium/date_recurrence_hi_IN/91/similar_insertion/direct,date_recurrence,hi_IN,direct,similar_insertion,inserted,False
medium/date_recurrence_hi_IN/91/similar_insertion/cot,date_recurrence,hi_IN,cot,similar_insertion,inserted,False
medium/date_recurrence_hi_IN/92/no_insertion/direct,date_recurrence,hi_IN,direct,similar_insertion,no_insertion_placebo,False
medium/date_recurrence_hi_IN/92/similar_insertion/direct,date_recurrence,hi_IN,direct,similar_insertion,inserted,True
medium/date_recurrence_hi_IN/92/similar_insertion/cot,date_recurrence,hi_IN,cot,similar_insertion,inserted,False
medium/date_recurrence_hi_IN/94/no_insertion/direct,date_recurrence,hi_IN,direct,similar_insertion,no_insertion_placebo,False
medium/date_recurrence_hi_IN/94/similar_insertion/direct,date_recurrence,hi_IN,direct,similar_insertion,inserted,False
medium/date_recurrence_hi_IN/95/no_insertion/direct,date_recurrence,hi_IN,direct,similar_insertion,no_insertion_placebo,False
medium/date_recurrence_hi_IN/95/similar_insertion/direct,date_recurrence,hi_IN,direct,similar_insertion,inserted,False
medium/date_recurrence_hi_IN/95/similar_insertion/cot,date_recurrence,hi_IN,cot,similar_insertion,inserted,False
medium/date_recurrence_hi_IN/96/no_insertion/direct,date_recurrence,hi_IN,direct,similar_insertion,no_insertion_placebo,False
medium/date_recurrence_hi_IN/96/no_insertion/cot,date_recurrence,hi_IN,cot,similar_insertion,no_insertion_placebo,False
medium/date_recurrence_hi_IN/96/similar_insertion/direct,date_recurrence,hi_IN,direct,similar_insertion,inserted,False
medium/date_recurrence_hi_IN/96/similar_insertion/cot,date_recurrence,hi_IN,cot,similar_insertion,inserted,False
medium/date_recurrence_hi_IN/97/no_insertion/direct,date_recurrence,hi_IN,direct,similar_insertion,no_insertion_placebo,False
medium/date_recurrence_hi_IN/97/similar_insertion/direct,date_recurrence,hi_IN,direct,similar_insertion,inserted,False
medium/date_recurrence_hi_IN/97/no_insertion/cot,date_recurrence,hi_IN,cot,similar_insertion,no_insertion_placebo,False
medium/date_recurrence_hi_IN/98/no_insertion/direct,date_recurrence,hi_IN,direct,similar_insertion,no_insertion_placebo,False
medium/date_recurrence_hi_IN/98/similar_insertion/direct,date_recurrence,hi_IN,direct,similar_insertion,inserted,False
medium/date_recurrence_hi_IN/98/similar_insertion/cot,date_recurrence,hi_IN,cot,similar_insertion,inserted,False
medium/date_recurrence_hi_IN/99/no_insertion/direct,date_recurrence,hi_IN,direct,similar_insertion,no_insertion_placebo,False
medium/date_recurrence_hi_IN/99/similar_insertion/direct,date_recurrence,hi_IN,direct,similar_insertion,inserted,False
medium/date_recurrence_hi_IN/99/similar_insertion/cot,date_recurrence,hi_IN,cot,similar_insertion,inserted,False
medium/date_recurrence_hi_IN/101/no_insertion/direct,date_recurrence,hi_IN,direct,similar_insertion,no_insertion_placebo,False
medium/date_recurrence_hi_IN/101/similar_insertion/direct,date_recurrence,hi_IN,direct,similar_insertion,inserted,False
medium/date_recurrence_hi_IN/101/no_insertion/cot,date_recurrence,hi_IN,cot,similar_insertion,no_insertion_placebo,False
medium/date_recurrence_hi_IN/101/similar_insertion/cot,date_recurrence,hi_IN,cot,similar_insertion,inserted,False
medium/date_recurrence_hi_IN/102/no_insertion/direct,date_recurrence,hi_IN,direct,similar_insertion,no_insertion_placebo,False
medium/date_recurrence_hi_IN/102/no_insertion/cot,date_recurrence,hi_IN,cot,similar_insertion,no_insertion_placebo,False
medium/date_recurrence_hi_IN/102/similar_insertion/direct,date_recurrence,hi_IN,direct,similar_insertion,inserted,False
medium/date_recurrence_hi_IN/104/no_insertion/direct,date_recurrence,hi_IN,direct,similar_insertion,no_insertion_placebo,True
medium/date_recurrence_hi_IN/104/similar_insertion/direct,date_recurrence,hi_IN,direct,similar_insertion,inserted,False
medium/date_recurrence_hi_IN/105/no_insertion/direct,date_recurrence,hi_IN,direct,similar_insertion,no_insertion_placebo,False
medium/date_recurrence_hi_IN/105/similar_insertion/direct,date_recurrence,hi_IN,direct,similar_insertion,inserted,False
medium/date_recurrence_hi_IN/105/similar_insertion/cot,date_recurrence,hi_IN,cot,similar_insertion,inserted,False
medium/date_recurrence_hi_IN/106/no_insertion/direct,date_recurrence,hi_IN,direct,similar_insertion,no_insertion_placebo,False
medium/date_recurrence_hi_IN/106/similar_insertion/direct,date_recurrence,hi_IN,direct,similar_insertion,inserted,False
medium/date_recurrence_hi_IN/106/similar_insertion/cot,date_recurrence,hi_IN,cot,similar_insertion,inserted,False
medium/date_recurrence_hi_IN/109/no_insertion/direct,date_recurrence,hi_IN,direct,similar_insertion,no_insertion_placebo,False
medium/date_recurrence_hi_IN/109/no_insertion/cot,date_recurrence,hi_IN,cot,similar_insertion,no_insertion_placebo,False
medium/date_recurrence_hi_IN/109/similar_insertion/direct,date_recurrence,hi_IN,direct,similar_insertion,inserted,False
medium/date_recurrence_hi_IN/109/similar_insertion/cot,date_recurrence,hi_IN,cot,similar_insertion,inserted,False
medium/date_recurrence_hi_IN/111/no_insertion/direct,date_recurrence,hi_IN,direct,similar_insertion,no_insertion_placebo,False
medium/date_recurrence_hi_IN/111/similar_insertion/direct,date_recurrence,hi_IN,direct,similar_insertion,inserted,True
medium/date_recurrence_hi_IN/111/similar_insertion/cot,date_recurrence,hi_IN,cot,similar_insertion,inserted,False
medium/date_recurrence_hi_IN/112/no_insertion/direct,date_recurrence,hi_IN,direct,similar_insertion,no_insertion_placebo,False
medium/date_recurrence_hi_IN/112/similar_insertion/direct,date_recurrence,hi_IN,direct,similar_insertion,inserted,True
medium/date_recurrence_hi_IN/112/similar_insertion/cot,date_recurrence,hi_IN,cot,similar_insertion,inserted,False
medium/date_recurrence_hi_IN/113/no_insertion/direct,date_recurrence,hi_IN,direct,similar_insertion,no_insertion_placebo,False
medium/date_recurrence_hi_IN/113/similar_insertion/direct,date_recurrence,hi_IN,direct,similar_insertion,inserted,False
medium/date_recurrence_hi_IN/113/no_insertion/cot,date_recurrence,hi_IN,cot,similar_insertion,no_insertion_placebo,False
medium/date_recurrence_hi_IN/113/similar_insertion/cot,date_recurrence,hi_IN,cot,similar_insertion,inserted,False
medium/date_recurrence_hi_IN/115/no_insertion/direct,date_recurrence,hi_IN,direct,similar_insertion,no_insertion_placebo,False
medium/date_recurrence_hi_IN/115/similar_insertion/direct,date_recurrence,hi_IN,direct,similar_insertion,inserted,True
medium/date_recurrence_hi_IN/115/no_insertion/cot,date_recurrence,hi_IN,cot,similar_insertion,no_insertion_placebo,False
medium/date_recurrence_hi_IN/116/no_insertion/direct,date_recurrence,hi_IN,direct,similar_insertion,no_insertion_placebo,False
medium/date_recurrence_hi_IN/116/similar_insertion/direct,date_recurrence,hi_IN,direct,similar_insertion,inserted,False
medium/date_recurrence_hi_IN/116/no_insertion/cot,date_recurrence,hi_IN,cot,similar_insertion,no_insertion_placebo,False
medium/date_recurrence_hi_IN/117/no_insertion/direct,date_recurrence,hi_IN,direct,similar_insertion,no_insertion_placebo,False
medium/date_recurrence_hi_IN/117/similar_insertion/direct,date_recurrence,hi_IN,direct,similar_insertion,inserted,False
medium/date_recurrence_hi_IN/117/similar_insertion/cot,date_recurrence,hi_IN,cot,similar_insertion,inserted,False
medium/date_recurrence_hi_IN/118/no_insertion/direct,date_recurrence,hi_IN,direct,similar_insertion,no_insertion_placebo,False
medium/date_recurrence_hi_IN/118/no_insertion/cot,date_recurrence,hi_IN,cot,similar_insertion,no_insertion_placebo,False
medium/date_recurrence_hi_IN/118/similar_insertion/direct,date_recurrence,hi_IN,direct,similar_insertion,inserted,False
medium/date_recurrence_hi_IN/118/similar_insertion/cot,date_recurrence,hi_IN,cot,similar_insertion,inserted,False
medium/date_recurrence_hi_IN/119/no_insertion/direct,date_recurrence,hi_IN,direct,similar_insertion,no_insertion_placebo,False
medium/date_recurrence_hi_IN/119/similar_insertion/direct,date_recurrence,hi_IN,direct,similar_insertion,inserted,True
medium/date_recurrence_hi_IN/119/no_insertion/cot,date_recurrence,hi_IN,cot,similar_insertion,no_insertion_placebo,False
medium/date_recurrence_hi_IN/120/no_insertion/direct,date_recurrence,hi_IN,direct,similar_insertion,no_insertion_placebo,False
medium/date_recurrence_hi_IN/120/similar_insertion/direct,date_recurrence,hi_IN,direct,similar_insertion,inserted,False
medium/date_recurrence_hi_IN/121/no_insertion/direct,date_recurrence,hi_IN,direct,similar_insertion,no_insertion_placebo,False
medium/date_recurrence_hi_IN/121/similar_insertion/direct,date_recurrence,hi_IN,direct,similar_insertion,inserted,False
medium/date_recurrence_hi_IN/121/no_insertion/cot,date_recurrence,hi_IN,cot,similar_insertion,no_insertion_placebo,False
medium/date_recurrence_hi_IN/122/no_insertion/direct,date_recurrence,hi_IN,direct,similar_insertion,no_insertion_placebo,False
medium/date_recurrence_hi_IN/122/similar_insertion/direct,date_recurrence,hi_IN,direct,similar_insertion,inserted,False
medium/date_recurrence_hi_IN/122/similar_insertion/cot,date_recurrence,hi_IN,cot,similar_insertion,inserted,False
medium/date_recurrence_hi_IN/123/no_insertion/direct,date_recurrence,hi_IN,direct,similar_insertion,no_insertion_placebo,False
medium/date_recurrence_hi_IN/123/similar_insertion/direct,date_recurrence,hi_IN,direct,similar_insertion,inserted,False
medium/date_recurrence_hi_IN/123/similar_insertion/cot,date_recurrence,hi_IN,cot,similar_insertion,inserted,False
medium/date_recurrence_hi_IN/124/no_insertion/direct,date_recurrence,hi_IN,direct,similar_insertion,no_insertion_placebo,False
medium/date_recurrence_hi_IN/124/similar_insertion/direct,date_recurrence,hi_IN,direct,similar_insertion,inserted,False
medium/date_recurrence_hi_IN/124/similar_insertion/cot,date_recurrence,hi_IN,cot,similar_insertion,inserted,False
medium/date_recurrence_hi_IN/125/no_insertion/direct,date_recurrence,hi_IN,direct,similar_insertion,no_insertion_placebo,False
medium/date_recurrence_hi_IN/125/similar_insertion/direct,date_recurrence,hi_IN,direct,similar_insertion,inserted,False
medium/date_recurrence_hi_IN/127/no_insertion/direct,date_recurrence,hi_IN,direct,similar_insertion,no_insertion_placebo,False
medium/date_recurrence_hi_IN/127/similar_insertion/direct,date_recurrence,hi_IN,direct,similar_insertion,inserted,False
medium/date_recurrence_hi_IN/127/similar_insertion/cot,date_recurrence,hi_IN,cot,similar_insertion,inserted,False
medium/date_recurrence_hi_IN/128/no_insertion/direct,date_recurrence,hi_IN,direct,similar_insertion,no_insertion_placebo,False
medium/date_recurrence_hi_IN/128/similar_insertion/direct,date_recurrence,hi_IN,direct,similar_insertion,inserted,False
medium/date_recurrence_hi_IN/129/no_insertion/direct,date_recurrence,hi_IN,direct,similar_insertion,no_insertion_placebo,False
medium/date_recurrence_hi_IN/128/similar_insertion/cot,date_recurrence,hi_IN,cot,similar_insertion,inserted,False
medium/date_recurrence_hi_IN/129/similar_insertion/direct,date_recurrence,hi_IN,direct,similar_insertion,inserted,False
medium/date_recurrence_hi_IN/129/no_insertion/cot,date_recurrence,hi_IN,cot,similar_insertion,no_insertion_placebo,False
medium/date_recurrence_hi_IN/129/similar_insertion/cot,date_recurrence,hi_IN,cot,similar_insertion,inserted,False
medium/date_recurrence_hi_IN/131/similar_insertion/direct,date_recurrence,hi_IN,direct,similar_insertion,inserted,False
medium/date_recurrence_hi_IN/131/similar_insertion/cot,date_recurrence,hi_IN,cot,similar_insertion,inserted,False
medium/date_recurrence_hi_IN/132/no_insertion/direct,date_recurrence,hi_IN,direct,similar_insertion,no_insertion_placebo,False
medium/date_recurrence_hi_IN/132/no_insertion/cot,date_recurrence,hi_IN,cot,similar_insertion,no_insertion_placebo,False
medium/date_recurrence_hi_IN/132/similar_insertion/direct,date_recurrence,hi_IN,direct,similar_insertion,inserted,False
medium/date_recurrence_hi_IN/132/similar_insertion/cot,date_recurrence,hi_IN,cot,similar_insertion,inserted,False
medium/date_recurrence_hi_IN/134/no_insertion/direct,date_recurrence,hi_IN,direct,similar_insertion,no_insertion_placebo,False
medium/date_recurrence_hi_IN/134/similar_insertion/direct,date_recurrence,hi_IN,direct,similar_insertion,inserted,True
medium/date_recurrence_hi_IN/134/no_insertion/cot,date_recurrence,hi_IN,cot,similar_insertion,no_insertion_placebo,False
medium/date_recurrence_hi_IN/135/no_insertion/direct,date_recurrence,hi_IN,direct,similar_insertion,no_insertion_placebo,False
medium/date_recurrence_hi_IN/135/similar_insertion/direct,date_recurrence,hi_IN,direct,similar_insertion,inserted,False
medium/date_recurrence_hi_IN/135/no_insertion/cot,date_recurrence,hi_IN,cot,similar_insertion,no_insertion_placebo,False
medium/date_recurrence_hi_IN/136/no_insertion/direct,date_recurrence,hi_IN,direct,similar_insertion,no_insertion_placebo,False
medium/date_recurrence_hi_IN/136/no_insertion/cot,date_recurrence,hi_IN,cot,similar_insertion,no_insertion_placebo,False
medium/date_recurrence_hi_IN/136/similar_insertion/direct,date_recurrence,hi_IN,direct,similar_insertion,inserted,False
medium/date_recurrence_hi_IN/136/similar_insertion/cot,date_recurrence,hi_IN,cot,similar_insertion,inserted,False
medium/date_recurrence_hi_IN/137/no_insertion/direct,date_recurrence,hi_IN,direct,similar_insertion,no_insertion_placebo,False
medium/date_recurrence_hi_IN/137/similar_insertion/direct,date_recurrence,hi_IN,direct,similar_insertion,inserted,False
medium/date_recurrence_hi_IN/138/no_insertion/direct,date_recurrence,hi_IN,direct,similar_insertion,no_insertion_placebo,False
medium/date_recurrence_hi_IN/138/similar_insertion/direct,date_recurrence,hi_IN,direct,similar_insertion,inserted,False
medium/date_recurrence_hi_IN/138/no_insertion/cot,date_recurrence,hi_IN,cot,similar_insertion,no_insertion_placebo,False
medium/date_recurrence_hi_IN/138/similar_insertion/cot,date_recurrence,hi_IN,cot,similar_insertion,inserted,False
medium/date_recurrence_hi_IN/139/no_insertion/direct,date_recurrence,hi_IN,direct,similar_insertion,no_insertion_placebo,False
medium/date_recurrence_hi_IN/139/no_insertion/cot,date_recurrence,hi_IN,cot,similar_insertion,no_insertion_placebo,False
medium/date_recurrence_hi_IN/139/similar_insertion/direct,date_recurrence,hi_IN,direct,similar_insertion,inserted,False
medium/date_recurrence_hi_IN/139/similar_insertion/cot,date_recurrence,hi_IN,cot,similar_insertion,inserted,False
medium/date_recurrence_hi_IN/140/no_insertion/direct,date_recurrence,hi_IN,direct,similar_insertion,no_insertion_placebo,False
medium/date_recurrence_hi_IN/140/similar_insertion/direct,date_recurrence,hi_IN,direct,similar_insertion,inserted,False
medium/date_recurrence_hi_IN/140/no_insertion/cot,date_recurrence,hi_IN,cot,similar_insertion,no_insertion_placebo,False
medium/date_recurrence_hi_IN/141/no_insertion/direct,date_recurrence,hi_IN,direct,similar_insertion,no_insertion_placebo,False
medium/date_recurrence_hi_IN/141/similar_insertion/direct,date_recurrence,hi_IN,direct,similar_insertion,inserted,False
medium/date_recurrence_hi_IN/142/no_insertion/direct,date_recurrence,hi_IN,direct,similar_insertion,no_insertion_placebo,False
medium/date_recurrence_hi_IN/142/similar_insertion/direct,date_recurrence,hi_IN,direct,similar_insertion,inserted,False
medium/date_recurrence_hi_IN/142/no_insertion/cot,date_recurrence,hi_IN,cot,similar_insertion,no_insertion_placebo,False
medium/date_recurrence_hi_IN/142/similar_insertion/cot,date_recurrence,hi_IN,cot,similar_insertion,inserted,False
medium/date_recurrence_hi_IN/143/no_insertion/cot,date_recurrence,hi_IN,cot,similar_insertion,no_insertion_placebo,False
medium/date_recurrence_hi_IN/144/no_insertion/direct,date_recurrence,hi_IN,direct,similar_insertion,no_insertion_placebo,False
medium/date_recurrence_hi_IN/144/similar_insertion/direct,date_recurrence,hi_IN,direct,similar_insertion,inserted,False
medium/date_recurrence_hi_IN/144/no_insertion/cot,date_recurrence,hi_IN,cot,similar_insertion,no_insertion_placebo,False
medium/date_recurrence_hi_IN/144/similar_insertion/cot,date_recurrence,hi_IN,cot,similar_insertion,inserted,True
medium/date_recurrence_hi_IN/146/similar_insertion/direct,date_recurrence,hi_IN,direct,similar_insertion,inserted,False
medium/date_recurrence_hi_IN/146/no_insertion/cot,date_recurrence,hi_IN,cot,similar_insertion,no_insertion_placebo,False
medium/date_recurrence_hi_IN/147/no_insertion/direct,date_recurrence,hi_IN,direct,similar_insertion,no_insertion_placebo,False
medium/date_recurrence_hi_IN/147/similar_insertion/direct,date_recurrence,hi_IN,direct,similar_insertion,inserted,False
medium/date_recurrence_hi_IN/149/no_insertion/direct,date_recurrence,hi_IN,direct,similar_insertion,no_insertion_placebo,False
medium/date_recurrence_hi_IN/149/similar_insertion/direct,date_recurrence,hi_IN,direct,similar_insertion,inserted,False
medium/date_subtraction_en_US/27/no_insertion/direct,date_subtraction,en_US,direct,similar_insertion,no_insertion_placebo,False
medium/date_subtraction_en_US/27/similar_insertion/direct,date_subtraction,en_US,direct,similar_insertion,inserted,False
medium/date_subtraction_en_US/69/similar_insertion/direct,date_subtraction,en_US,direct,similar_insertion,inserted,False
medium/date_subtraction_en_US/82/similar_insertion/cot,date_subtraction,en_US,cot,similar_insertion,inserted,False
medium/date_subtraction_en_US/113/dissimilar_insertion/cot,date_subtraction,en_US,cot,dissimilar_insertion,inserted,False
medium/date_subtraction_hi_IN/1/similar_insertion/cot,date_subtraction,hi_IN,cot,similar_insertion,inserted,False
medium/date_subtraction_hi_IN/19/no_insertion/cot,date_subtraction,hi_IN,cot,similar_insertion,no_insertion_placebo,False
medium/date_subtraction_hi_IN/19/similar_insertion/cot,date_subtraction,hi_IN,cot,similar_insertion,inserted,False
medium/date_subtraction_hi_IN/25/similar_insertion/cot,date_subtraction,hi_IN,cot,similar_insertion,inserted,False
medium/date_subtraction_hi_IN/27/no_insertion/cot,date_subtraction,hi_IN,cot,similar_insertion,no_insertion_placebo,False
medium/date_subtraction_hi_IN/27/similar_insertion/direct,date_subtraction,hi_IN,direct,similar_insertion,inserted,False
medium/date_subtraction_hi_IN/27/similar_insertion/cot,date_subtraction,hi_IN,cot,similar_insertion,inserted,False
medium/date_subtraction_hi_IN/28/dissimilar_insertion/cot,date_subtraction,hi_IN,cot,dissimilar_insertion,inserted,False
medium/date_subtraction_hi_IN/46/dissimilar_insertion/cot,date_subtraction,hi_IN,cot,dissimilar_insertion,inserted,False
medium/date_subtraction_hi_IN/56/no_insertion/cot,date_subtraction,hi_IN,cot,dissimilar_insertion,no_insertion_placebo,False
medium/date_subtraction_hi_IN/56/dissimilar_insertion/cot,date_subtraction,hi_IN,cot,dissimilar_insertion,inserted,False
medium/date_subtraction_hi_IN/58/no_insertion/cot,date_subtraction,hi_IN,cot,similar_insertion,no_insertion_placebo,False
medium/date_subtraction_hi_IN/58/similar_insertion/cot,date_subtraction,hi_IN,cot,similar_insertion,inserted,False
medium/date_subtraction_hi_IN/64/similar_insertion/direct,date_subtraction,hi_IN,direct,similar_insertion,inserted,False
medium/date_subtraction_hi_IN/64/similar_insertion/cot,date_subtraction,hi_IN,cot,similar_insertion,inserted,False
medium/date_subtraction_hi_IN/68/dissimilar_insertion/direct,date_subtraction,hi_IN,direct,dissimilar_insertion,inserted,False
medium/date_subtraction_hi_IN/68/dissimilar_insertion/cot,date_subtraction,hi_IN,cot,dissimilar_insertion,inserted,False
medium/date_subtraction_hi_IN/69/no_insertion/cot,date_subtraction,hi_IN,cot,similar_insertion,no_insertion_placebo,False
medium/date_subtraction_hi_IN/69/no_insertion/cot,date_subtraction,hi_IN,cot,dissimilar_insertion,no_insertion_placebo,False
medium/date_subtraction_hi_IN/69/dissimilar_insertion/cot,date_subtraction,hi_IN,cot,dissimilar_insertion,inserted,False
medium/date_subtraction_hi_IN/69/similar_insertion/cot,date_subtraction,hi_IN,cot,similar_insertion,inserted,False
medium/date_subtraction_hi_IN/79/no_insertion/cot,date_subtraction,hi_IN,cot,similar_insertion,no_insertion_placebo,False
medium/date_subtraction_hi_IN/79/similar_insertion/cot,date_subtraction,hi_IN,cot,similar_insertion,inserted,False
medium/date_subtraction_hi_IN/96/similar_insertion/cot,date_subtraction,hi_IN,cot,similar_insertion,inserted,False
medium/date_subtraction_hi_IN/97/no_insertion/cot,date_subtraction,hi_IN,cot,similar_insertion,no_insertion_placebo,False
medium/date_subtraction_hi_IN/105/no_insertion/cot,date_subtraction,hi_IN,cot,similar_insertion,no_insertion_placebo,False
medium/date_subtraction_hi_IN/113/dissimilar_insertion/direct,date_subtraction,hi_IN,direct,dissimilar_insertion,inserted,False
medium/date_subtraction_hi_IN/123/no_insertion/cot,date_subtraction,hi_IN,cot,similar_insertion,no_insertion_placebo,False
medium/date_subtraction_hi_IN/123/similar_insertion/cot,date_subtraction,hi_IN,cot,similar_insertion,inserted,False
medium/date_subtraction_hi_IN/128/no_insertion/cot,date_subtraction,hi_IN,cot,similar_insertion,no_insertion_placebo,False
medium/date_subtraction_hi_IN/128/similar_insertion/direct,date_subtraction,hi_IN,direct,similar_insertion,inserted,False
medium/date_subtraction_hi_IN/135/similar_insertion/cot,date_subtraction,hi_IN,cot,similar_insertion,inserted,True
medium/date_subtraction_hi_IN/143/no_insertion/cot,date_subtraction,hi_IN,cot,similar_insertion,no_insertion_placebo,False
medium/date_subtraction_hi_IN/145/no_insertion/cot,date_subtraction,hi_IN,cot,similar_insertion,no_insertion_placebo,False
medium/day_of_week_en_US/0/no_insertion/direct,day_of_week,en_US,direct,similar_insertion,no_insertion_placebo,False
medium/day_of_week_en_US/0/similar_insertion/direct,day_of_week,en_US,direct,similar_insertion,inserted,False
medium/day_of_week_en_US/0/no_insertion/cot,day_of_week,en_US,cot,similar_insertion,no_insertion_placebo,False
medium/day_of_week_en_US/1/similar_insertion/direct,day_of_week,en_US,direct,similar_insertion,inserted,False
medium/day_of_week_en_US/5/no_insertion/direct,day_of_week,en_US,direct,similar_insertion,no_insertion_placebo,False
medium/day_of_week_en_US/5/similar_insertion/direct,day_of_week,en_US,direct,similar_insertion,inserted,False
medium/day_of_week_en_US/6/no_insertion/direct,day_of_week,en_US,direct,similar_insertion,no_insertion_placebo,False
medium/day_of_week_en_US/6/similar_insertion/direct,day_of_week,en_US,direct,similar_insertion,inserted,False
medium/day_of_week_en_US/8/no_insertion/direct,day_of_week,en_US,direct,similar_insertion,no_insertion_placebo,False
medium/day_of_week_en_US/8/similar_insertion/direct,day_of_week,en_US,direct,similar_insertion,inserted,False
medium/day_of_week_en_US/8/no_insertion/cot,day_of_week,en_US,cot,similar_insertion,no_insertion_placebo,False
medium/day_of_week_en_US/12/no_insertion/cot,day_of_week,en_US,cot,similar_insertion,no_insertion_placebo,False
medium/day_of_week_en_US/18/no_insertion/direct,day_of_week,en_US,direct,similar_insertion,no_insertion_placebo,False
medium/day_of_week_en_US/18/similar_insertion/direct,day_of_week,en_US,direct,similar_insertion,inserted,False
medium/day_of_week_en_US/18/no_insertion/cot,day_of_week,en_US,cot,similar_insertion,no_insertion_placebo,False
medium/day_of_week_en_US/19/no_insertion/direct,day_of_week,en_US,direct,similar_insertion,no_insertion_placebo,False
medium/day_of_week_en_US/19/similar_insertion/direct,day_of_week,en_US,direct,similar_insertion,inserted,False
medium/day_of_week_en_US/20/no_insertion/direct,day_of_week,en_US,direct,similar_insertion,no_insertion_placebo,False
medium/day_of_week_en_US/20/similar_insertion/direct,day_of_week,en_US,direct,similar_insertion,inserted,False
medium/day_of_week_en_US/22/no_insertion/direct,day_of_week,en_US,direct,similar_insertion,no_insertion_placebo,False
medium/day_of_week_en_US/22/similar_insertion/direct,day_of_week,en_US,direct,similar_insertion,inserted,False
medium/day_of_week_en_US/22/similar_insertion/cot,day_of_week,en_US,cot,similar_insertion,inserted,False
medium/day_of_week_en_US/25/no_insertion/direct,day_of_week,en_US,direct,similar_insertion,no_insertion_placebo,False
medium/day_of_week_en_US/25/similar_insertion/cot,day_of_week,en_US,cot,similar_insertion,inserted,False
medium/day_of_week_en_US/27/no_insertion/direct,day_of_week,en_US,direct,similar_insertion,no_insertion_placebo,False
medium/day_of_week_en_US/27/similar_insertion/direct,day_of_week,en_US,direct,similar_insertion,inserted,False
medium/day_of_week_en_US/29/no_insertion/direct,day_of_week,en_US,direct,similar_insertion,no_insertion_placebo,False
medium/day_of_week_en_US/29/similar_insertion/direct,day_of_week,en_US,direct,similar_insertion,inserted,False
medium/day_of_week_en_US/31/no_insertion/direct,day_of_week,en_US,direct,similar_insertion,no_insertion_placebo,False
medium/day_of_week_en_US/31/similar_insertion/direct,day_of_week,en_US,direct,similar_insertion,inserted,False
medium/day_of_week_en_US/31/no_insertion/cot,day_of_week,en_US,cot,similar_insertion,no_insertion_placebo,False
medium/day_of_week_en_US/32/no_insertion/direct,day_of_week,en_US,direct,similar_insertion,no_insertion_placebo,False
medium/day_of_week_en_US/32/similar_insertion/direct,day_of_week,en_US,direct,similar_insertion,inserted,False
medium/day_of_week_en_US/32/similar_insertion/cot,day_of_week,en_US,cot,similar_insertion,inserted,False
medium/day_of_week_en_US/34/similar_insertion/direct,day_of_week,en_US,direct,similar_insertion,inserted,False
medium/day_of_week_en_US/34/similar_insertion/cot,day_of_week,en_US,cot,similar_insertion,inserted,False
medium/day_of_week_en_US/35/no_insertion/direct,day_of_week,en_US,direct,similar_insertion,no_insertion_placebo,False
medium/day_of_week_en_US/35/similar_insertion/direct,day_of_week,en_US,direct,similar_insertion,inserted,False
medium/day_of_week_en_US/36/no_insertion/direct,day_of_week,en_US,direct,similar_insertion,no_insertion_placebo,False
medium/day_of_week_en_US/36/similar_insertion/direct,day_of_week,en_US,direct,similar_insertion,inserted,False
medium/day_of_week_en_US/36/no_insertion/cot,day_of_week,en_US,cot,similar_insertion,no_insertion_placebo,False
medium/day_of_week_en_US/36/similar_insertion/cot,day_of_week,en_US,cot,similar_insertion,inserted,False
medium/day_of_week_en_US/41/no_insertion/direct,day_of_week,en_US,direct,similar_insertion,no_insertion_placebo,False
medium/day_of_week_en_US/41/similar_insertion/direct,day_of_week,en_US,direct,similar_insertion,inserted,False
medium/day_of_week_en_US/42/no_insertion/direct,day_of_week,en_US,direct,similar_insertion,no_insertion_placebo,False
medium/day_of_week_en_US/42/similar_insertion/direct,day_of_week,en_US,direct,similar_insertion,inserted,False
medium/day_of_week_en_US/45/no_insertion/direct,day_of_week,en_US,direct,similar_insertion,no_insertion_placebo,False
medium/day_of_week_en_US/45/similar_insertion/direct,day_of_week,en_US,direct,similar_insertion,inserted,False
medium/day_of_week_en_US/48/no_insertion/direct,day_of_week,en_US,direct,similar_insertion,no_insertion_placebo,False
medium/day_of_week_en_US/48/similar_insertion/direct,day_of_week,en_US,direct,similar_insertion,inserted,False
medium/day_of_week_en_US/51/no_insertion/direct,day_of_week,en_US,direct,similar_insertion,no_insertion_placebo,False
medium/day_of_week_en_US/51/similar_insertion/direct,day_of_week,en_US,direct,similar_insertion,inserted,False
medium/day_of_week_en_US/52/no_insertion/direct,day_of_week,en_US,direct,similar_insertion,no_insertion_placebo,False
medium/day_of_week_en_US/51/no_insertion/cot,day_of_week,en_US,cot,similar_insertion,no_insertion_placebo,False
medium/day_of_week_en_US/52/similar_insertion/direct,day_of_week,en_US,direct,similar_insertion,inserted,False
medium/day_of_week_en_US/52/no_insertion/cot,day_of_week,en_US,cot,similar_insertion,no_insertion_placebo,False
medium/day_of_week_en_US/53/similar_insertion/direct,day_of_week,en_US,direct,similar_insertion,inserted,False
medium/day_of_week_en_US/53/no_insertion/cot,day_of_week,en_US,cot,similar_insertion,no_insertion_placebo,False
medium/day_of_week_en_US/56/no_insertion/direct,day_of_week,en_US,direct,similar_insertion,no_insertion_placebo,False
medium/day_of_week_en_US/56/similar_insertion/direct,day_of_week,en_US,direct,similar_insertion,inserted,False
medium/day_of_week_en_US/56/no_insertion/cot,day_of_week,en_US,cot,similar_insertion,no_insertion_placebo,False
medium/day_of_week_en_US/60/no_insertion/direct,day_of_week,en_US,direct,similar_insertion,no_insertion_placebo,False
medium/day_of_week_en_US/60/no_insertion/cot,day_of_week,en_US,cot,similar_insertion,no_insertion_placebo,False
medium/day_of_week_en_US/61/no_insertion/direct,day_of_week,en_US,direct,similar_insertion,no_insertion_placebo,False
medium/day_of_week_en_US/61/similar_insertion/direct,day_of_week,en_US,direct,similar_insertion,inserted,False
medium/day_of_week_en_US/64/no_insertion/direct,day_of_week,en_US,direct,similar_insertion,no_insertion_placebo,False
medium/day_of_week_en_US/64/similar_insertion/direct,day_of_week,en_US,direct,similar_insertion,inserted,False
medium/day_of_week_en_US/64/similar_insertion/cot,day_of_week,en_US,cot,similar_insertion,inserted,False
medium/day_of_week_en_US/64/no_insertion/cot,day_of_week,en_US,cot,similar_insertion,no_insertion_placebo,False
medium/day_of_week_en_US/68/no_insertion/direct,day_of_week,en_US,direct,similar_insertion,no_insertion_placebo,False
medium/day_of_week_en_US/68/similar_insertion/direct,day_of_week,en_US,direct,similar_insertion,inserted,False
medium/day_of_week_en_US/69/no_insertion/direct,day_of_week,en_US,direct,similar_insertion,no_insertion_placebo,False
medium/day_of_week_en_US/69/similar_insertion/direct,day_of_week,en_US,direct,similar_insertion,inserted,False
medium/day_of_week_en_US/69/similar_insertion/cot,day_of_week,en_US,cot,similar_insertion,inserted,False
medium/day_of_week_en_US/71/no_insertion/direct,day_of_week,en_US,direct,similar_insertion,no_insertion_placebo,False
medium/day_of_week_en_US/71/similar_insertion/direct,day_of_week,en_US,direct,similar_insertion,inserted,False
medium/day_of_week_en_US/75/no_insertion/direct,day_of_week,en_US,direct,similar_insertion,no_insertion_placebo,False
medium/day_of_week_en_US/75/similar_insertion/direct,day_of_week,en_US,direct,similar_insertion,inserted,False
medium/day_of_week_en_US/79/no_insertion/direct,day_of_week,en_US,direct,similar_insertion,no_insertion_placebo,False
medium/day_of_week_en_US/79/similar_insertion/direct,day_of_week,en_US,direct,similar_insertion,inserted,False
medium/day_of_week_en_US/80/no_insertion/direct,day_of_week,en_US,direct,similar_insertion,no_insertion_placebo,False
medium/day_of_week_en_US/81/no_insertion/direct,day_of_week,en_US,direct,similar_insertion,no_insertion_placebo,False
medium/day_of_week_en_US/79/similar_insertion/cot,day_of_week,en_US,cot,similar_insertion,inserted,False
medium/day_of_week_en_US/80/no_insertion/cot,day_of_week,en_US,cot,similar_insertion,no_insertion_placebo,False
medium/day_of_week_en_US/86/no_insertion/direct,day_of_week,en_US,direct,similar_insertion,no_insertion_placebo,False
medium/day_of_week_en_US/86/similar_insertion/direct,day_of_week,en_US,direct,similar_insertion,inserted,False
medium/day_of_week_en_US/87/no_insertion/direct,day_of_week,en_US,direct,similar_insertion,no_insertion_placebo,False
medium/day_of_week_en_US/86/similar_insertion/cot,day_of_week,en_US,cot,similar_insertion,inserted,False
medium/day_of_week_en_US/87/similar_insertion/direct,day_of_week,en_US,direct,similar_insertion,inserted,False
medium/day_of_week_en_US/92/no_insertion/direct,day_of_week,en_US,direct,similar_insertion,no_insertion_placebo,False
medium/day_of_week_en_US/92/similar_insertion/direct,day_of_week,en_US,direct,similar_insertion,inserted,False
medium/day_of_week_en_US/94/no_insertion/direct,day_of_week,en_US,direct,similar_insertion,no_insertion_placebo,False
medium/day_of_week_en_US/94/similar_insertion/direct,day_of_week,en_US,direct,similar_insertion,inserted,False
medium/day_of_week_en_US/95/no_insertion/direct,day_of_week,en_US,direct,similar_insertion,no_insertion_placebo,False
medium/day_of_week_en_US/95/similar_insertion/direct,day_of_week,en_US,direct,similar_insertion,inserted,False
medium/day_of_week_en_US/94/no_insertion/cot,day_of_week,en_US,cot,similar_insertion,no_insertion_placebo,False
medium/day_of_week_en_US/97/no_insertion/direct,day_of_week,en_US,direct,similar_insertion,no_insertion_placebo,False
medium/day_of_week_en_US/97/similar_insertion/direct,day_of_week,en_US,direct,similar_insertion,inserted,False
medium/day_of_week_en_US/99/no_insertion/direct,day_of_week,en_US,direct,similar_insertion,no_insertion_placebo,False
medium/day_of_week_en_US/99/similar_insertion/direct,day_of_week,en_US,direct,similar_insertion,inserted,False
medium/day_of_week_en_US/99/no_insertion/cot,day_of_week,en_US,cot,similar_insertion,no_insertion_placebo,False
medium/day_of_week_en_US/101/no_insertion/direct,day_of_week,en_US,direct,similar_insertion,no_insertion_placebo,False
medium/day_of_week_en_US/101/similar_insertion/direct,day_of_week,en_US,direct,similar_insertion,inserted,False
medium/day_of_week_en_US/103/no_insertion/direct,day_of_week,en_US,direct,similar_insertion,no_insertion_placebo,False
medium/day_of_week_en_US/103/similar_insertion/direct,day_of_week,en_US,direct,similar_insertion,inserted,False
medium/day_of_week_en_US/108/no_insertion/direct,day_of_week,en_US,direct,similar_insertion,no_insertion_placebo,False
medium/day_of_week_en_US/108/similar_insertion/direct,day_of_week,en_US,direct,similar_insertion,inserted,False
medium/day_of_week_en_US/108/no_insertion/cot,day_of_week,en_US,cot,similar_insertion,no_insertion_placebo,False
medium/day_of_week_en_US/109/no_insertion/direct,day_of_week,en_US,direct,similar_insertion,no_insertion_placebo,False
medium/day_of_week_en_US/109/similar_insertion/direct,day_of_week,en_US,direct,similar_insertion,inserted,False
medium/day_of_week_en_US/112/similar_insertion/direct,day_of_week,en_US,direct,similar_insertion,inserted,False
medium/day_of_week_en_US/112/similar_insertion/cot,day_of_week,en_US,cot,similar_insertion,inserted,False
medium/day_of_week_en_US/115/similar_insertion/direct,day_of_week,en_US,direct,similar_insertion,inserted,False
medium/day_of_week_en_US/117/no_insertion/direct,day_of_week,en_US,direct,similar_insertion,no_insertion_placebo,False
medium/day_of_week_en_US/117/similar_insertion/direct,day_of_week,en_US,direct,similar_insertion,inserted,False
medium/day_of_week_en_US/118/no_insertion/direct,day_of_week,en_US,direct,similar_insertion,no_insertion_placebo,False
medium/day_of_week_en_US/118/similar_insertion/direct,day_of_week,en_US,direct,similar_insertion,inserted,False
medium/day_of_week_en_US/119/no_insertion/direct,day_of_week,en_US,direct,similar_insertion,no_insertion_placebo,False
medium/day_of_week_en_US/119/similar_insertion/direct,day_of_week,en_US,direct,similar_insertion,inserted,False
medium/day_of_week_en_US/125/no_insertion/direct,day_of_week,en_US,direct,similar_insertion,no_insertion_placebo,False
medium/day_of_week_en_US/125/similar_insertion/direct,day_of_week,en_US,direct,similar_insertion,inserted,False
medium/day_of_week_en_US/128/no_insertion/direct,day_of_week,en_US,direct,similar_insertion,no_insertion_placebo,False
medium/day_of_week_en_US/128/similar_insertion/direct,day_of_week,en_US,direct,similar_insertion,inserted,False
medium/day_of_week_en_US/128/similar_insertion/cot,day_of_week,en_US,cot,similar_insertion,inserted,False
medium/day_of_week_en_US/129/no_insertion/direct,day_of_week,en_US,direct,similar_insertion,no_insertion_placebo,False
medium/day_of_week_en_US/129/similar_insertion/cot,day_of_week,en_US,cot,similar_insertion,inserted,False
medium/day_of_week_en_US/131/no_insertion/direct,day_of_week,en_US,direct,similar_insertion,no_insertion_placebo,False
medium/day_of_week_en_US/131/similar_insertion/direct,day_of_week,en_US,direct,similar_insertion,inserted,False
medium/day_of_week_en_US/132/no_insertion/direct,day_of_week,en_US,direct,similar_insertion,no_insertion_placebo,False
medium/day_of_week_en_US/132/similar_insertion/direct,day_of_week,en_US,direct,similar_insertion,inserted,False
medium/day_of_week_en_US/133/no_insertion/direct,day_of_week,en_US,direct,similar_insertion,no_insertion_placebo,False
medium/day_of_week_en_US/133/similar_insertion/direct,day_of_week,en_US,direct,similar_insertion,inserted,False
medium/day_of_week_en_US/137/no_insertion/direct,day_of_week,en_US,direct,similar_insertion,no_insertion_placebo,False
medium/day_of_week_en_US/137/similar_insertion/direct,day_of_week,en_US,direct,similar_insertion,inserted,False
medium/day_of_week_en_US/137/similar_insertion/cot,day_of_week,en_US,cot,similar_insertion,inserted,False
medium/day_of_week_en_US/139/no_insertion/direct,day_of_week,en_US,direct,similar_insertion,no_insertion_placebo,False
medium/day_of_week_en_US/139/similar_insertion/direct,day_of_week,en_US,direct,similar_insertion,inserted,False
medium/day_of_week_en_US/140/no_insertion/direct,day_of_week,en_US,direct,similar_insertion,no_insertion_placebo,False
medium/day_of_week_en_US/139/no_insertion/cot,day_of_week,en_US,cot,similar_insertion,no_insertion_placebo,False
medium/day_of_week_en_US/140/similar_insertion/direct,day_of_week,en_US,direct,similar_insertion,inserted,False
medium/day_of_week_en_US/143/no_insertion/direct,day_of_week,en_US,direct,similar_insertion,no_insertion_placebo,False
medium/day_of_week_en_US/143/similar_insertion/direct,day_of_week,en_US,direct,similar_insertion,inserted,False
medium/day_of_week_en_US/146/no_insertion/direct,day_of_week,en_US,direct,similar_insertion,no_insertion_placebo,False
medium/day_of_week_en_US/146/similar_insertion/direct,day_of_week,en_US,direct,similar_insertion,inserted,False
medium/day_of_week_en_US/148/no_insertion/direct,day_of_week,en_US,direct,similar_insertion,no_insertion_placebo,False
medium/day_of_week_en_US/148/similar_insertion/cot,day_of_week,en_US,cot,similar_insertion,inserted,False
medium/day_of_week_en_US/146/similar_insertion/cot,day_of_week,en_US,cot,similar_insertion,inserted,False
medium/day_of_week_hi_IN/0/no_insertion/direct,day_of_week,hi_IN,direct,similar_insertion,no_insertion_placebo,False
medium/day_of_week_hi_IN/0/similar_insertion/direct,day_of_week,hi_IN,direct,similar_insertion,inserted,False
medium/day_of_week_hi_IN/0/no_insertion/cot,day_of_week,hi_IN,cot,similar_insertion,no_insertion_placebo,False
medium/day_of_week_hi_IN/1/no_insertion/cot,day_of_week,hi_IN,cot,similar_insertion,no_insertion_placebo,False
medium/day_of_week_hi_IN/5/no_insertion/direct,day_of_week,hi_IN,direct,similar_insertion,no_insertion_placebo,False
medium/day_of_week_hi_IN/5/similar_insertion/direct,day_of_week,hi_IN,direct,similar_insertion,inserted,False
medium/day_of_week_hi_IN/5/similar_insertion/cot,day_of_week,hi_IN,cot,similar_insertion,inserted,False
medium/day_of_week_hi_IN/5/no_insertion/cot,day_of_week,hi_IN,cot,similar_insertion,no_insertion_placebo,False
medium/day_of_week_hi_IN/6/no_insertion/direct,day_of_week,hi_IN,direct,similar_insertion,no_insertion_placebo,False
medium/day_of_week_hi_IN/6/similar_insertion/direct,day_of_week,hi_IN,direct,similar_insertion,inserted,False
medium/day_of_week_hi_IN/6/similar_insertion/cot,day_of_week,hi_IN,cot,similar_insertion,inserted,False
medium/day_of_week_hi_IN/6/no_insertion/cot,day_of_week,hi_IN,cot,similar_insertion,no_insertion_placebo,False
medium/day_of_week_hi_IN/8/no_insertion/direct,day_of_week,hi_IN,direct,similar_insertion,no_insertion_placebo,False
medium/day_of_week_hi_IN/8/similar_insertion/direct,day_of_week,hi_IN,direct,similar_insertion,inserted,False
medium/day_of_week_hi_IN/8/no_insertion/cot,day_of_week,hi_IN,cot,similar_insertion,no_insertion_placebo,False
medium/day_of_week_hi_IN/8/similar_insertion/cot,day_of_week,hi_IN,cot,similar_insertion,inserted,False
medium/day_of_week_hi_IN/12/no_insertion/direct,day_of_week,hi_IN,direct,similar_insertion,no_insertion_placebo,False
medium/day_of_week_hi_IN/12/similar_insertion/direct,day_of_week,hi_IN,direct,similar_insertion,inserted,False
medium/day_of_week_hi_IN/12/similar_insertion/cot,day_of_week,hi_IN,cot,similar_insertion,inserted,False
medium/day_of_week_hi_IN/12/no_insertion/cot,day_of_week,hi_IN,cot,similar_insertion,no_insertion_placebo,False
medium/day_of_week_hi_IN/18/similar_insertion/cot,day_of_week,hi_IN,cot,similar_insertion,inserted,False
medium/day_of_week_hi_IN/19/no_insertion/cot,day_of_week,hi_IN,cot,similar_insertion,no_insertion_placebo,False
medium/day_of_week_hi_IN/19/similar_insertion/direct,day_of_week,hi_IN,direct,similar_insertion,inserted,False
medium/day_of_week_hi_IN/19/similar_insertion/cot,day_of_week,hi_IN,cot,similar_insertion,inserted,False
medium/day_of_week_hi_IN/20/no_insertion/direct,day_of_week,hi_IN,direct,similar_insertion,no_insertion_placebo,False
medium/day_of_week_hi_IN/20/similar_insertion/direct,day_of_week,hi_IN,direct,similar_insertion,inserted,False
medium/day_of_week_hi_IN/20/similar_insertion/cot,day_of_week,hi_IN,cot,similar_insertion,inserted,False
medium/day_of_week_hi_IN/20/no_insertion/cot,day_of_week,hi_IN,cot,similar_insertion,no_insertion_placebo,False
medium/day_of_week_hi_IN/22/no_insertion/direct,day_of_week,hi_IN,direct,similar_insertion,no_insertion_placebo,False
medium/day_of_week_hi_IN/22/similar_insertion/direct,day_of_week,hi_IN,direct,similar_insertion,inserted,False
medium/day_of_week_hi_IN/22/no_insertion/cot,day_of_week,hi_IN,cot,similar_insertion,no_insertion_placebo,False
medium/day_of_week_hi_IN/22/similar_insertion/cot,day_of_week,hi_IN,cot,similar_insertion,inserted,False
medium/day_of_week_hi_IN/25/no_insertion/direct,day_of_week,hi_IN,direct,similar_insertion,no_insertion_placebo,False
medium/day_of_week_hi_IN/25/no_insertion/cot,day_of_week,hi_IN,cot,similar_insertion,no_insertion_placebo,False
medium/day_of_week_hi_IN/25/similar_insertion/cot,day_of_week,hi_IN,cot,similar_insertion,inserted,False
medium/day_of_week_hi_IN/27/no_insertion/direct,day_of_week,hi_IN,direct,similar_insertion,no_insertion_placebo,False
medium/day_of_week_hi_IN/27/similar_insertion/direct,day_of_week,hi_IN,direct,similar_insertion,inserted,False
medium/day_of_week_hi_IN/27/similar_insertion/cot,day_of_week,hi_IN,cot,similar_insertion,inserted,False
medium/day_of_week_hi_IN/27/no_insertion/cot,day_of_week,hi_IN,cot,similar_insertion,no_insertion_placebo,False
medium/day_of_week_hi_IN/29/no_insertion/direct,day_of_week,hi_IN,direct,similar_insertion,no_insertion_placebo,False
medium/day_of_week_hi_IN/29/similar_insertion/direct,day_of_week,hi_IN,direct,similar_insertion,inserted,False
medium/day_of_week_hi_IN/29/no_insertion/cot,day_of_week,hi_IN,cot,similar_insertion,no_insertion_placebo,False
medium/day_of_week_hi_IN/29/similar_insertion/cot,day_of_week,hi_IN,cot,similar_insertion,inserted,False
medium/day_of_week_hi_IN/31/no_insertion/direct,day_of_week,hi_IN,direct,similar_insertion,no_insertion_placebo,False
medium/day_of_week_hi_IN/31/similar_insertion/direct,day_of_week,hi_IN,direct,similar_insertion,inserted,False
medium/day_of_week_hi_IN/32/no_insertion/direct,day_of_week,hi_IN,direct,similar_insertion,no_insertion_placebo,False
medium/day_of_week_hi_IN/31/no_insertion/cot,day_of_week,hi_IN,cot,similar_insertion,no_insertion_placebo,False
medium/day_of_week_hi_IN/32/similar_insertion/direct,day_of_week,hi_IN,direct,similar_insertion,inserted,False
medium/day_of_week_hi_IN/31/similar_insertion/cot,day_of_week,hi_IN,cot,similar_insertion,inserted,False
medium/day_of_week_hi_IN/32/similar_insertion/cot,day_of_week,hi_IN,cot,similar_insertion,inserted,False
medium/day_of_week_hi_IN/34/no_insertion/direct,day_of_week,hi_IN,direct,similar_insertion,no_insertion_placebo,False
medium/day_of_week_hi_IN/35/no_insertion/direct,day_of_week,hi_IN,direct,similar_insertion,no_insertion_placebo,False
medium/day_of_week_hi_IN/34/no_insertion/cot,day_of_week,hi_IN,cot,similar_insertion,no_insertion_placebo,False
medium/day_of_week_hi_IN/34/similar_insertion/cot,day_of_week,hi_IN,cot,similar_insertion,inserted,False
medium/day_of_week_hi_IN/35/similar_insertion/direct,day_of_week,hi_IN,direct,similar_insertion,inserted,False
medium/day_of_week_hi_IN/35/similar_insertion/cot,day_of_week,hi_IN,cot,similar_insertion,inserted,False
medium/day_of_week_hi_IN/35/no_insertion/cot,day_of_week,hi_IN,cot,similar_insertion,no_insertion_placebo,False
medium/day_of_week_hi_IN/36/similar_insertion/direct,day_of_week,hi_IN,direct,similar_insertion,inserted,False
medium/day_of_week_hi_IN/36/similar_insertion/cot,day_of_week,hi_IN,cot,similar_insertion,inserted,False
medium/day_of_week_hi_IN/36/no_insertion/cot,day_of_week,hi_IN,cot,similar_insertion,no_insertion_placebo,False
medium/day_of_week_hi_IN/41/no_insertion/direct,day_of_week,hi_IN,direct,similar_insertion,no_insertion_placebo,False
medium/day_of_week_hi_IN/41/similar_insertion/direct,day_of_week,hi_IN,direct,similar_insertion,inserted,False
medium/day_of_week_hi_IN/41/similar_insertion/cot,day_of_week,hi_IN,cot,similar_insertion,inserted,False
medium/day_of_week_hi_IN/42/no_insertion/direct,day_of_week,hi_IN,direct,similar_insertion,no_insertion_placebo,False
medium/day_of_week_hi_IN/41/no_insertion/cot,day_of_week,hi_IN,cot,similar_insertion,no_insertion_placebo,False
medium/day_of_week_hi_IN/42/similar_insertion/direct,day_of_week,hi_IN,direct,similar_insertion,inserted,False
medium/day_of_week_hi_IN/42/no_insertion/cot,day_of_week,hi_IN,cot,similar_insertion,no_insertion_placebo,False
medium/day_of_week_hi_IN/42/similar_insertion/cot,day_of_week,hi_IN,cot,similar_insertion,inserted,False
medium/day_of_week_hi_IN/45/no_insertion/direct,day_of_week,hi_IN,direct,similar_insertion,no_insertion_placebo,False
medium/day_of_week_hi_IN/45/similar_insertion/direct,day_of_week,hi_IN,direct,similar_insertion,inserted,False
medium/day_of_week_hi_IN/48/no_insertion/direct,day_of_week,hi_IN,direct,similar_insertion,no_insertion_placebo,False
medium/day_of_week_hi_IN/45/no_insertion/cot,day_of_week,hi_IN,cot,similar_insertion,no_insertion_placebo,False
medium/day_of_week_hi_IN/48/similar_insertion/direct,day_of_week,hi_IN,direct,similar_insertion,inserted,False
medium/day_of_week_hi_IN/48/similar_insertion/cot,day_of_week,hi_IN,cot,similar_insertion,inserted,False
medium/day_of_week_hi_IN/51/no_insertion/direct,day_of_week,hi_IN,direct,similar_insertion,no_insertion_placebo,False
medium/day_of_week_hi_IN/51/similar_insertion/direct,day_of_week,hi_IN,direct,similar_insertion,inserted,False
medium/day_of_week_hi_IN/51/similar_insertion/cot,day_of_week,hi_IN,cot,similar_insertion,inserted,False
medium/day_of_week_hi_IN/52/no_insertion/direct,day_of_week,hi_IN,direct,similar_insertion,no_insertion_placebo,False
medium/day_of_week_hi_IN/53/no_insertion/direct,day_of_week,hi_IN,direct,similar_insertion,no_insertion_placebo,False
medium/day_of_week_hi_IN/53/no_insertion/cot,day_of_week,hi_IN,cot,similar_insertion,no_insertion_placebo,False
medium/day_of_week_hi_IN/53/similar_insertion/direct,day_of_week,hi_IN,direct,similar_insertion,inserted,False
medium/day_of_week_hi_IN/53/similar_insertion/cot,day_of_week,hi_IN,cot,similar_insertion,inserted,False
medium/day_of_week_hi_IN/52/no_insertion/cot,day_of_week,hi_IN,cot,similar_insertion,no_insertion_placebo,False
medium/day_of_week_hi_IN/56/no_insertion/direct,day_of_week,hi_IN,direct,similar_insertion,no_insertion_placebo,False
medium/day_of_week_hi_IN/56/similar_insertion/direct,day_of_week,hi_IN,direct,similar_insertion,inserted,False
medium/day_of_week_hi_IN/56/similar_insertion/cot,day_of_week,hi_IN,cot,similar_insertion,inserted,False
medium/day_of_week_hi_IN/60/no_insertion/direct,day_of_week,hi_IN,direct,similar_insertion,no_insertion_placebo,False
medium/day_of_week_hi_IN/60/similar_insertion/direct,day_of_week,hi_IN,direct,similar_insertion,inserted,False
medium/day_of_week_hi_IN/61/no_insertion/direct,day_of_week,hi_IN,direct,similar_insertion,no_insertion_placebo,False
medium/day_of_week_hi_IN/61/no_insertion/cot,day_of_week,hi_IN,cot,similar_insertion,no_insertion_placebo,False
medium/day_of_week_hi_IN/61/similar_insertion/direct,day_of_week,hi_IN,direct,similar_insertion,inserted,False
medium/day_of_week_hi_IN/60/similar_insertion/cot,day_of_week,hi_IN,cot,similar_insertion,inserted,False
medium/day_of_week_hi_IN/61/similar_insertion/cot,day_of_week,hi_IN,cot,similar_insertion,inserted,False
medium/day_of_week_hi_IN/64/no_insertion/direct,day_of_week,hi_IN,direct,similar_insertion,no_insertion_placebo,False
medium/day_of_week_hi_IN/64/no_insertion/cot,day_of_week,hi_IN,cot,similar_insertion,no_insertion_placebo,False
medium/day_of_week_hi_IN/64/similar_insertion/direct,day_of_week,hi_IN,direct,similar_insertion,inserted,False
medium/day_of_week_hi_IN/64/similar_insertion/cot,day_of_week,hi_IN,cot,similar_insertion,inserted,False
medium/day_of_week_hi_IN/68/similar_insertion/cot,day_of_week,hi_IN,cot,similar_insertion,inserted,False
medium/day_of_week_hi_IN/69/similar_insertion/direct,day_of_week,hi_IN,direct,similar_insertion,inserted,False
medium/day_of_week_hi_IN/69/similar_insertion/cot,day_of_week,hi_IN,cot,similar_insertion,inserted,False
medium/day_of_week_hi_IN/71/no_insertion/direct,day_of_week,hi_IN,direct,similar_insertion,no_insertion_placebo,False
medium/day_of_week_hi_IN/71/similar_insertion/direct,day_of_week,hi_IN,direct,similar_insertion,inserted,False
medium/day_of_week_hi_IN/71/no_insertion/cot,day_of_week,hi_IN,cot,similar_insertion,no_insertion_placebo,False
medium/day_of_week_hi_IN/71/similar_insertion/cot,day_of_week,hi_IN,cot,similar_insertion,inserted,False
medium/day_of_week_hi_IN/75/similar_insertion/cot,day_of_week,hi_IN,cot,similar_insertion,inserted,False
medium/day_of_week_hi_IN/79/no_insertion/direct,day_of_week,hi_IN,direct,similar_insertion,no_insertion_placebo,False
medium/day_of_week_hi_IN/79/similar_insertion/direct,day_of_week,hi_IN,direct,similar_insertion,inserted,False
medium/day_of_week_hi_IN/79/no_insertion/cot,day_of_week,hi_IN,cot,similar_insertion,no_insertion_placebo,False
medium/day_of_week_hi_IN/80/no_insertion/direct,day_of_week,hi_IN,direct,similar_insertion,no_insertion_placebo,False
medium/day_of_week_hi_IN/79/similar_insertion/cot,day_of_week,hi_IN,cot,similar_insertion,inserted,False
medium/day_of_week_hi_IN/80/similar_insertion/direct,day_of_week,hi_IN,direct,similar_insertion,inserted,False
medium/day_of_week_hi_IN/80/similar_insertion/cot,day_of_week,hi_IN,cot,similar_insertion,inserted,False
medium/day_of_week_hi_IN/81/no_insertion/direct,day_of_week,hi_IN,direct,similar_insertion,no_insertion_placebo,False
medium/day_of_week_hi_IN/81/similar_insertion/direct,day_of_week,hi_IN,direct,similar_insertion,inserted,False
medium/day_of_week_hi_IN/80/no_insertion/cot,day_of_week,hi_IN,cot,similar_insertion,no_insertion_placebo,False
medium/day_of_week_hi_IN/81/similar_insertion/cot,day_of_week,hi_IN,cot,similar_insertion,inserted,False
medium/day_of_week_hi_IN/86/no_insertion/direct,day_of_week,hi_IN,direct,similar_insertion,no_insertion_placebo,False
medium/day_of_week_hi_IN/86/similar_insertion/cot,day_of_week,hi_IN,cot,similar_insertion,inserted,False
medium/day_of_week_hi_IN/87/no_insertion/direct,day_of_week,hi_IN,direct,similar_insertion,no_insertion_placebo,False
medium/day_of_week_hi_IN/86/similar_insertion/direct,day_of_week,hi_IN,direct,similar_insertion,inserted,False
medium/day_of_week_hi_IN/87/similar_insertion/direct,day_of_week,hi_IN,direct,similar_insertion,inserted,False
medium/day_of_week_hi_IN/87/similar_insertion/cot,day_of_week,hi_IN,cot,similar_insertion,inserted,False
medium/day_of_week_hi_IN/87/no_insertion/cot,day_of_week,hi_IN,cot,similar_insertion,no_insertion_placebo,False
medium/day_of_week_hi_IN/92/no_insertion/direct,day_of_week,hi_IN,direct,similar_insertion,no_insertion_placebo,False
medium/day_of_week_hi_IN/92/similar_insertion/direct,day_of_week,hi_IN,direct,similar_insertion,inserted,False
medium/day_of_week_hi_IN/92/similar_insertion/cot,day_of_week,hi_IN,cot,similar_insertion,inserted,False
medium/day_of_week_hi_IN/94/no_insertion/direct,day_of_week,hi_IN,direct,similar_insertion,no_insertion_placebo,False
medium/day_of_week_hi_IN/94/similar_insertion/direct,day_of_week,hi_IN,direct,similar_insertion,inserted,False
medium/day_of_week_hi_IN/94/similar_insertion/cot,day_of_week,hi_IN,cot,similar_insertion,inserted,False
medium/day_of_week_hi_IN/95/no_insertion/direct,day_of_week,hi_IN,direct,similar_insertion,no_insertion_placebo,False
medium/day_of_week_hi_IN/94/no_insertion/cot,day_of_week,hi_IN,cot,similar_insertion,no_insertion_placebo,False
medium/day_of_week_hi_IN/95/similar_insertion/direct,day_of_week,hi_IN,direct,similar_insertion,inserted,False
medium/day_of_week_hi_IN/95/no_insertion/cot,day_of_week,hi_IN,cot,similar_insertion,no_insertion_placebo,False
medium/day_of_week_hi_IN/95/similar_insertion/cot,day_of_week,hi_IN,cot,similar_insertion,inserted,False
medium/day_of_week_hi_IN/97/no_insertion/direct,day_of_week,hi_IN,direct,similar_insertion,no_insertion_placebo,False
medium/day_of_week_hi_IN/97/no_insertion/cot,day_of_week,hi_IN,cot,similar_insertion,no_insertion_placebo,False
medium/day_of_week_hi_IN/97/similar_insertion/direct,day_of_week,hi_IN,direct,similar_insertion,inserted,False
medium/day_of_week_hi_IN/99/no_insertion/direct,day_of_week,hi_IN,direct,similar_insertion,no_insertion_placebo,False
medium/day_of_week_hi_IN/99/no_insertion/cot,day_of_week,hi_IN,cot,similar_insertion,no_insertion_placebo,False
medium/day_of_week_hi_IN/99/similar_insertion/direct,day_of_week,hi_IN,direct,similar_insertion,inserted,False
medium/day_of_week_hi_IN/99/similar_insertion/cot,day_of_week,hi_IN,cot,similar_insertion,inserted,False
medium/day_of_week_hi_IN/101/no_insertion/direct,day_of_week,hi_IN,direct,similar_insertion,no_insertion_placebo,False
medium/day_of_week_hi_IN/101/similar_insertion/direct,day_of_week,hi_IN,direct,similar_insertion,inserted,False
medium/day_of_week_hi_IN/101/similar_insertion/cot,day_of_week,hi_IN,cot,similar_insertion,inserted,False
medium/day_of_week_hi_IN/103/no_insertion/direct,day_of_week,hi_IN,direct,similar_insertion,no_insertion_placebo,False
medium/day_of_week_hi_IN/103/similar_insertion/direct,day_of_week,hi_IN,direct,similar_insertion,inserted,False
medium/day_of_week_hi_IN/103/similar_insertion/cot,day_of_week,hi_IN,cot,similar_insertion,inserted,False
medium/day_of_week_hi_IN/108/no_insertion/direct,day_of_week,hi_IN,direct,similar_insertion,no_insertion_placebo,False
medium/day_of_week_hi_IN/108/similar_insertion/direct,day_of_week,hi_IN,direct,similar_insertion,inserted,False
medium/day_of_week_hi_IN/108/similar_insertion/cot,day_of_week,hi_IN,cot,similar_insertion,inserted,False
medium/day_of_week_hi_IN/109/no_insertion/direct,day_of_week,hi_IN,direct,similar_insertion,no_insertion_placebo,False
medium/day_of_week_hi_IN/109/similar_insertion/direct,day_of_week,hi_IN,direct,similar_insertion,inserted,False
medium/day_of_week_hi_IN/109/no_insertion/cot,day_of_week,hi_IN,cot,similar_insertion,no_insertion_placebo,False
medium/day_of_week_hi_IN/109/similar_insertion/cot,day_of_week,hi_IN,cot,similar_insertion,inserted,False
medium/day_of_week_hi_IN/112/no_insertion/direct,day_of_week,hi_IN,direct,similar_insertion,no_insertion_placebo,False
medium/day_of_week_hi_IN/112/no_insertion/cot,day_of_week,hi_IN,cot,similar_insertion,no_insertion_placebo,False
medium/day_of_week_hi_IN/112/similar_insertion/cot,day_of_week,hi_IN,cot,similar_insertion,inserted,False
medium/day_of_week_hi_IN/115/no_insertion/direct,day_of_week,hi_IN,direct,similar_insertion,no_insertion_placebo,False
medium/day_of_week_hi_IN/115/similar_insertion/direct,day_of_week,hi_IN,direct,similar_insertion,inserted,False
medium/day_of_week_hi_IN/115/similar_insertion/cot,day_of_week,hi_IN,cot,similar_insertion,inserted,False
medium/day_of_week_hi_IN/115/no_insertion/cot,day_of_week,hi_IN,cot,similar_insertion,no_insertion_placebo,False
medium/day_of_week_hi_IN/117/no_insertion/direct,day_of_week,hi_IN,direct,similar_insertion,no_insertion_placebo,False
medium/day_of_week_hi_IN/117/similar_insertion/direct,day_of_week,hi_IN,direct,similar_insertion,inserted,False
medium/day_of_week_hi_IN/117/similar_insertion/cot,day_of_week,hi_IN,cot,similar_insertion,inserted,False
medium/day_of_week_hi_IN/118/no_insertion/direct,day_of_week,hi_IN,direct,similar_insertion,no_insertion_placebo,False
medium/day_of_week_hi_IN/118/similar_insertion/direct,day_of_week,hi_IN,direct,similar_insertion,inserted,False
medium/day_of_week_hi_IN/118/similar_insertion/cot,day_of_week,hi_IN,cot,similar_insertion,inserted,False
medium/day_of_week_hi_IN/119/similar_insertion/direct,day_of_week,hi_IN,direct,similar_insertion,inserted,False
medium/day_of_week_hi_IN/119/no_insertion/cot,day_of_week,hi_IN,cot,similar_insertion,no_insertion_placebo,False
medium/day_of_week_hi_IN/119/similar_insertion/cot,day_of_week,hi_IN,cot,similar_insertion,inserted,False
medium/day_of_week_hi_IN/119/no_insertion/direct,day_of_week,hi_IN,direct,similar_insertion,no_insertion_placebo,False
medium/day_of_week_hi_IN/125/no_insertion/direct,day_of_week,hi_IN,direct,similar_insertion,no_insertion_placebo,False
medium/day_of_week_hi_IN/125/no_insertion/cot,day_of_week,hi_IN,cot,similar_insertion,no_insertion_placebo,False
medium/day_of_week_hi_IN/125/similar_insertion/direct,day_of_week,hi_IN,direct,similar_insertion,inserted,False
medium/day_of_week_hi_IN/128/no_insertion/direct,day_of_week,hi_IN,direct,similar_insertion,no_insertion_placebo,False
medium/day_of_week_hi_IN/128/similar_insertion/direct,day_of_week,hi_IN,direct,similar_insertion,inserted,False
medium/day_of_week_hi_IN/128/similar_insertion/cot,day_of_week,hi_IN,cot,similar_insertion,inserted,False
medium/day_of_week_hi_IN/128/no_insertion/cot,day_of_week,hi_IN,cot,similar_insertion,no_insertion_placebo,False
medium/day_of_week_hi_IN/129/similar_insertion/direct,day_of_week,hi_IN,direct,similar_insertion,inserted,False
medium/day_of_week_hi_IN/129/no_insertion/cot,day_of_week,hi_IN,cot,similar_insertion,no_insertion_placebo,False
medium/day_of_week_hi_IN/129/similar_insertion/cot,day_of_week,hi_IN,cot,similar_insertion,inserted,False
medium/day_of_week_hi_IN/131/no_insertion/direct,day_of_week,hi_IN,direct,similar_insertion,no_insertion_placebo,False
medium/day_of_week_hi_IN/131/similar_insertion/direct,day_of_week,hi_IN,direct,similar_insertion,inserted,False
medium/day_of_week_hi_IN/131/no_insertion/cot,day_of_week,hi_IN,cot,similar_insertion,no_insertion_placebo,False
medium/day_of_week_hi_IN/132/no_insertion/direct,day_of_week,hi_IN,direct,similar_insertion,no_insertion_placebo,False
medium/day_of_week_hi_IN/131/similar_insertion/cot,day_of_week,hi_IN,cot,similar_insertion,inserted,False
medium/day_of_week_hi_IN/132/similar_insertion/direct,day_of_week,hi_IN,direct,similar_insertion,inserted,False
medium/day_of_week_hi_IN/133/no_insertion/direct,day_of_week,hi_IN,direct,similar_insertion,no_insertion_placebo,False
medium/day_of_week_hi_IN/133/similar_insertion/direct,day_of_week,hi_IN,direct,similar_insertion,inserted,False
medium/day_of_week_hi_IN/132/similar_insertion/cot,day_of_week,hi_IN,cot,similar_insertion,inserted,False
medium/day_of_week_hi_IN/133/similar_insertion/cot,day_of_week,hi_IN,cot,similar_insertion,inserted,False
medium/day_of_week_hi_IN/133/no_insertion/cot,day_of_week,hi_IN,cot,similar_insertion,no_insertion_placebo,False
medium/day_of_week_hi_IN/137/no_insertion/direct,day_of_week,hi_IN,direct,similar_insertion,no_insertion_placebo,False
medium/day_of_week_hi_IN/137/similar_insertion/direct,day_of_week,hi_IN,direct,similar_insertion,inserted,False
medium/day_of_week_hi_IN/139/similar_insertion/direct,day_of_week,hi_IN,direct,similar_insertion,inserted,False
medium/day_of_week_hi_IN/139/similar_insertion/cot,day_of_week,hi_IN,cot,similar_insertion,inserted,False
medium/day_of_week_hi_IN/140/no_insertion/direct,day_of_week,hi_IN,direct,similar_insertion,no_insertion_placebo,False
medium/day_of_week_hi_IN/139/no_insertion/cot,day_of_week,hi_IN,cot,similar_insertion,no_insertion_placebo,False
medium/day_of_week_hi_IN/140/similar_insertion/direct,day_of_week,hi_IN,direct,similar_insertion,inserted,False
medium/day_of_week_hi_IN/140/similar_insertion/cot,day_of_week,hi_IN,cot,similar_insertion,inserted,False
medium/day_of_week_hi_IN/143/no_insertion/direct,day_of_week,hi_IN,direct,similar_insertion,no_insertion_placebo,False
medium/day_of_week_hi_IN/143/similar_insertion/direct,day_of_week,hi_IN,direct,similar_insertion,inserted,False
medium/day_of_week_hi_IN/143/no_insertion/cot,day_of_week,hi_IN,cot,similar_insertion,no_insertion_placebo,False
medium/day_of_week_hi_IN/143/similar_insertion/cot,day_of_week,hi_IN,cot,similar_insertion,inserted,False
medium/day_of_week_hi_IN/146/no_insertion/direct,day_of_week,hi_IN,direct,similar_insertion,no_insertion_placebo,False
medium/day_of_week_hi_IN/146/similar_insertion/direct,day_of_week,hi_IN,direct,similar_insertion,inserted,False
medium/day_of_week_hi_IN/146/no_insertion/cot,day_of_week,hi_IN,cot,similar_insertion,no_insertion_placebo,False
medium/day_of_week_hi_IN/146/similar_insertion/cot,day_of_week,hi_IN,cot,similar_insertion,inserted,False
medium/day_of_week_hi_IN/148/no_insertion/direct,day_of_week,hi_IN,direct,similar_insertion,no_insertion_placebo,False
medium/day_of_week_hi_IN/148/similar_insertion/direct,day_of_week,hi_IN,direct,similar_insertion,inserted,False
medium/day_of_week_hi_IN/148/similar_insertion/cot,day_of_week,hi_IN,cot,similar_insertion,inserted,False
long/date_addition_en_US/3/no_insertion/direct,date_addition,en_US,direct,similar_insertion,no_insertion_placebo,False
long/date_addition_en_US/3/similar_insertion/direct,date_addition,en_US,direct,similar_insertion,inserted,False
long/date_addition_en_US/43/no_insertion/direct,date_addition,en_US,direct,similar_insertion,no_insertion_placebo,True
long/date_addition_en_US/50/similar_insertion/direct,date_addition,en_US,direct,similar_insertion,inserted,False
long/date_addition_en_US/62/no_insertion/direct,date_addition,en_US,direct,similar_insertion,no_insertion_placebo,False
long/date_addition_en_US/70/similar_insertion/direct,date_addition,en_US,direct,similar_insertion,inserted,False
long/date_addition_en_US/82/no_insertion/direct,date_addition,en_US,direct,similar_insertion,no_insertion_placebo,True
long/date_addition_en_US/128/no_insertion/direct,date_addition,en_US,direct,similar_insertion,no_insertion_placebo,True
long/date_addition_en_US/128/similar_insertion/direct,date_addition,en_US,direct,similar_insertion,inserted,True
long/date_addition_en_US/149/no_insertion/direct,date_addition,en_US,direct,similar_insertion,no_insertion_placebo,False
long/date_addition_hi_IN/3/no_insertion/direct,date_addition,hi_IN,direct,similar_insertion,no_insertion_placebo,False
long/date_addition_hi_IN/4/similar_insertion/cot,date_addition,hi_IN,cot,similar_insertion,inserted,False
long/date_addition_hi_IN/6/no_insertion/direct,date_addition,hi_IN,direct,similar_insertion,no_insertion_placebo,False
long/date_addition_hi_IN/9/similar_insertion/direct,date_addition,hi_IN,direct,similar_insertion,inserted,False
long/date_addition_hi_IN/11/similar_insertion/direct,date_addition,hi_IN,direct,similar_insertion,inserted,False
long/date_addition_hi_IN/11/similar_insertion/cot,date_addition,hi_IN,cot,similar_insertion,inserted,False
long/date_addition_hi_IN/15/similar_insertion/cot,date_addition,hi_IN,cot,similar_insertion,inserted,False
long/date_addition_hi_IN/17/no_insertion/cot,date_addition,hi_IN,cot,similar_insertion,no_insertion_placebo,False
long/date_addition_hi_IN/20/similar_insertion/cot,date_addition,hi_IN,cot,similar_insertion,inserted,False
long/date_addition_hi_IN/22/similar_insertion/cot,date_addition,hi_IN,cot,similar_insertion,inserted,False
long/date_addition_hi_IN/28/similar_insertion/cot,date_addition,hi_IN,cot,similar_insertion,inserted,False
long/date_addition_hi_IN/33/no_insertion/cot,date_addition,hi_IN,cot,similar_insertion,no_insertion_placebo,False
long/date_addition_hi_IN/43/no_insertion/direct,date_addition,hi_IN,direct,similar_insertion,no_insertion_placebo,False
long/date_addition_hi_IN/45/similar_insertion/direct,date_addition,hi_IN,direct,similar_insertion,inserted,False
long/date_addition_hi_IN/47/no_insertion/cot,date_addition,hi_IN,cot,similar_insertion,no_insertion_placebo,False
long/date_addition_hi_IN/49/no_insertion/cot,date_addition,hi_IN,cot,similar_insertion,no_insertion_placebo,False
long/date_addition_hi_IN/50/no_insertion/direct,date_addition,hi_IN,direct,similar_insertion,no_insertion_placebo,False
long/date_addition_hi_IN/50/similar_insertion/direct,date_addition,hi_IN,direct,similar_insertion,inserted,False
long/date_addition_hi_IN/54/similar_insertion/cot,date_addition,hi_IN,cot,similar_insertion,inserted,False
long/date_addition_hi_IN/56/no_insertion/cot,date_addition,hi_IN,cot,similar_insertion,no_insertion_placebo,False
long/date_addition_hi_IN/60/similar_insertion/cot,date_addition,hi_IN,cot,similar_insertion,inserted,False
long/date_addition_hi_IN/62/no_insertion/cot,date_addition,hi_IN,cot,similar_insertion,no_insertion_placebo,False
long/date_addition_hi_IN/65/similar_insertion/cot,date_addition,hi_IN,cot,similar_insertion,inserted,False
long/date_addition_hi_IN/70/no_insertion/direct,date_addition,hi_IN,direct,similar_insertion,no_insertion_placebo,False
long/date_addition_hi_IN/70/similar_insertion/direct,date_addition,hi_IN,direct,similar_insertion,inserted,False
long/date_addition_hi_IN/70/no_insertion/cot,date_addition,hi_IN,cot,similar_insertion,no_insertion_placebo,False
long/date_addition_hi_IN/70/similar_insertion/cot,date_addition,hi_IN,cot,similar_insertion,inserted,False
long/date_addition_hi_IN/82/no_insertion/direct,date_addition,hi_IN,direct,similar_insertion,no_insertion_placebo,True
long/date_addition_hi_IN/82/similar_insertion/direct,date_addition,hi_IN,direct,similar_insertion,inserted,True
long/date_addition_hi_IN/101/no_insertion/direct,date_addition,hi_IN,direct,similar_insertion,no_insertion_placebo,False
long/date_addition_hi_IN/101/similar_insertion/direct,date_addition,hi_IN,direct,similar_insertion,inserted,False
long/date_addition_hi_IN/103/similar_insertion/cot,date_addition,hi_IN,cot,similar_insertion,inserted,False
long/date_addition_hi_IN/104/similar_insertion/cot,date_addition,hi_IN,cot,similar_insertion,inserted,False
long/date_addition_hi_IN/108/no_insertion/direct,date_addition,hi_IN,direct,similar_insertion,no_insertion_placebo,False
long/date_addition_hi_IN/122/no_insertion/cot,date_addition,hi_IN,cot,similar_insertion,no_insertion_placebo,False
long/date_addition_hi_IN/124/no_insertion/direct,date_addition,hi_IN,direct,similar_insertion,no_insertion_placebo,False
long/date_addition_hi_IN/128/no_insertion/direct,date_addition,hi_IN,direct,similar_insertion,no_insertion_placebo,True
long/date_addition_hi_IN/128/no_insertion/cot,date_addition,hi_IN,cot,similar_insertion,no_insertion_placebo,True
long/date_addition_hi_IN/133/no_insertion/direct,date_addition,hi_IN,direct,similar_insertion,no_insertion_placebo,False
long/date_addition_hi_IN/133/similar_insertion/direct,date_addition,hi_IN,direct,similar_insertion,inserted,False
long/date_addition_hi_IN/145/no_insertion/direct,date_addition,hi_IN,direct,similar_insertion,no_insertion_placebo,False
long/date_addition_hi_IN/145/similar_insertion/direct,date_addition,hi_IN,direct,similar_insertion,inserted,False
long/date_addition_hi_IN/147/similar_insertion/direct,date_addition,hi_IN,direct,similar_insertion,inserted,False
long/date_addition_hi_IN/147/no_insertion/cot,date_addition,hi_IN,cot,similar_insertion,no_insertion_placebo,False
long/date_addition_hi_IN/149/no_insertion/direct,date_addition,hi_IN,direct,similar_insertion,no_insertion_placebo,False
long/date_addition_hi_IN/149/no_insertion/cot,date_addition,hi_IN,cot,similar_insertion,no_insertion_placebo,False
very_long/date_addition_en_US/10/no_insertion/direct,date_addition,en_US,direct,similar_insertion,no_insertion_placebo,False
very_long/date_addition_en_US/10/similar_insertion/direct,date_addition,en_US,direct,similar_insertion,inserted,False
very_long/date_addition_en_US/12/similar_insertion/direct,date_addition,en_US,direct,similar_insertion,inserted,False
very_long/date_addition_en_US/13/similar_insertion/cot,date_addition,en_US,cot,similar_insertion,inserted,False
very_long/date_addition_en_US/20/similar_insertion/direct,date_addition,en_US,direct,similar_insertion,inserted,False
very_long/date_addition_en_US/24/similar_insertion/cot,date_addition,en_US,cot,similar_insertion,inserted,False
very_long/date_addition_en_US/32/similar_insertion/direct,date_addition,en_US,direct,similar_insertion,inserted,True
very_long/date_addition_en_US/43/similar_insertion/cot,date_addition,en_US,cot,similar_insertion,inserted,False
very_long/date_addition_en_US/49/similar_insertion/direct,date_addition,en_US,direct,similar_insertion,inserted,False
very_long/date_addition_en_US/56/no_insertion/cot,date_addition,en_US,cot,similar_insertion,no_insertion_placebo,False
very_long/date_addition_en_US/58/no_insertion/cot,date_addition,en_US,cot,similar_insertion,no_insertion_placebo,False
very_long/date_addition_en_US/62/no_insertion/direct,date_addition,en_US,direct,similar_insertion,no_insertion_placebo,False
very_long/date_addition_en_US/65/similar_insertion/cot,date_addition,en_US,cot,similar_insertion,inserted,False
very_long/date_addition_en_US/68/no_insertion/cot,date_addition,en_US,cot,similar_insertion,no_insertion_placebo,False
very_long/date_addition_en_US/71/no_insertion/direct,date_addition,en_US,direct,similar_insertion,no_insertion_placebo,False
very_long/date_addition_en_US/71/similar_insertion/direct,date_addition,en_US,direct,similar_insertion,inserted,False
very_long/date_addition_en_US/77/similar_insertion/direct,date_addition,en_US,direct,similar_insertion,inserted,False
very_long/date_addition_en_US/104/no_insertion/direct,date_addition,en_US,direct,similar_insertion,no_insertion_placebo,True
very_long/date_addition_en_US/104/similar_insertion/direct,date_addition,en_US,direct,similar_insertion,inserted,False
very_long/date_addition_en_US/111/no_insertion/direct,date_addition,en_US,direct,similar_insertion,no_insertion_placebo,False
very_long/date_addition_en_US/111/similar_insertion/direct,date_addition,en_US,direct,similar_insertion,inserted,False
very_long/date_addition_en_US/117/similar_insertion/direct,date_addition,en_US,direct,similar_insertion,inserted,False
very_long/date_addition_en_US/125/similar_insertion/cot,date_addition,en_US,cot,similar_insertion,inserted,False
very_long/date_addition_en_US/136/no_insertion/cot,date_addition,en_US,cot,similar_insertion,no_insertion_placebo,False
very_long/date_addition_en_US/140/no_insertion/cot,date_addition,en_US,cot,similar_insertion,no_insertion_placebo,False
very_long/date_addition_en_US/144/no_insertion/cot,date_addition,en_US,cot,similar_insertion,no_insertion_placebo,False
very_long/date_addition_hi_IN/6/no_insertion/cot,date_addition,hi_IN,cot,similar_insertion,no_insertion_placebo,False
very_long/date_addition_hi_IN/7/similar_insertion/direct,date_addition,hi_IN,direct,similar_insertion,inserted,False
very_long/date_addition_hi_IN/9/no_insertion/cot,date_addition,hi_IN,cot,similar_insertion,no_insertion_placebo,True
very_long/date_addition_hi_IN/10/no_insertion/direct,date_addition,hi_IN,direct,similar_insertion,no_insertion_placebo,False
very_long/date_addition_hi_IN/10/similar_insertion/direct,date_addition,hi_IN,direct,similar_insertion,inserted,False
very_long/date_addition_hi_IN/10/no_insertion/cot,date_addition,hi_IN,cot,similar_insertion,no_insertion_placebo,False
very_long/date_addition_hi_IN/10/similar_insertion/cot,date_addition,hi_IN,cot,similar_insertion,inserted,False
very_long/date_addition_hi_IN/12/similar_insertion/direct,date_addition,hi_IN,direct,similar_insertion,inserted,False
very_long/date_addition_hi_IN/13/no_insertion/cot,date_addition,hi_IN,cot,similar_insertion,no_insertion_placebo,False
very_long/date_addition_hi_IN/13/similar_insertion/cot,date_addition,hi_IN,cot,similar_insertion,inserted,False
very_long/date_addition_hi_IN/15/no_insertion/cot,date_addition,hi_IN,cot,similar_insertion,no_insertion_placebo,False
very_long/date_addition_hi_IN/16/no_insertion/cot,date_addition,hi_IN,cot,similar_insertion,no_insertion_placebo,False
very_long/date_addition_hi_IN/28/similar_insertion/cot,date_addition,hi_IN,cot,similar_insertion,inserted,False
very_long/date_addition_hi_IN/31/similar_insertion/cot,date_addition,hi_IN,cot,similar_insertion,inserted,False
very_long/date_addition_hi_IN/32/no_insertion/direct,date_addition,hi_IN,direct,similar_insertion,no_insertion_placebo,False
very_long/date_addition_hi_IN/32/similar_insertion/direct,date_addition,hi_IN,direct,similar_insertion,inserted,True
very_long/date_addition_hi_IN/35/no_insertion/direct,date_addition,hi_IN,direct,similar_insertion,no_insertion_placebo,False
very_long/date_addition_hi_IN/36/similar_insertion/cot,date_addition,hi_IN,cot,similar_insertion,inserted,False
very_long/date_addition_hi_IN/38/no_insertion/direct,date_addition,hi_IN,direct,similar_insertion,no_insertion_placebo,False
very_long/date_addition_hi_IN/38/similar_insertion/direct,date_addition,hi_IN,direct,similar_insertion,inserted,False
very_long/date_addition_hi_IN/37/similar_insertion/cot,date_addition,hi_IN,cot,similar_insertion,inserted,False
very_long/date_addition_hi_IN/39/no_insertion/cot,date_addition,hi_IN,cot,similar_insertion,no_insertion_placebo,False
very_long/date_addition_hi_IN/40/similar_insertion/direct,date_addition,hi_IN,direct,similar_insertion,inserted,False
very_long/date_addition_hi_IN/40/similar_insertion/cot,date_addition,hi_IN,cot,similar_insertion,inserted,False
very_long/date_addition_hi_IN/44/similar_insertion/cot,date_addition,hi_IN,cot,similar_insertion,inserted,False
very_long/date_addition_hi_IN/45/similar_insertion/cot,date_addition,hi_IN,cot,similar_insertion,inserted,False
very_long/date_addition_hi_IN/46/no_insertion/direct,date_addition,hi_IN,direct,similar_insertion,no_insertion_placebo,False
very_long/date_addition_hi_IN/47/no_insertion/direct,date_addition,hi_IN,direct,similar_insertion,no_insertion_placebo,False
very_long/date_addition_hi_IN/47/no_insertion/cot,date_addition,hi_IN,cot,similar_insertion,no_insertion_placebo,False
very_long/date_addition_hi_IN/47/similar_insertion/direct,date_addition,hi_IN,direct,similar_insertion,inserted,False
very_long/date_addition_hi_IN/47/similar_insertion/cot,date_addition,hi_IN,cot,similar_insertion,inserted,False
very_long/date_addition_hi_IN/49/no_insertion/direct,date_addition,hi_IN,direct,similar_insertion,no_insertion_placebo,False
very_long/date_addition_hi_IN/48/similar_insertion/cot,date_addition,hi_IN,cot,similar_insertion,inserted,False
very_long/date_addition_hi_IN/49/similar_insertion/cot,date_addition,hi_IN,cot,similar_insertion,inserted,False
very_long/date_addition_hi_IN/50/no_insertion/cot,date_addition,hi_IN,cot,similar_insertion,no_insertion_placebo,False
very_long/date_addition_hi_IN/51/similar_insertion/direct,date_addition,hi_IN,direct,similar_insertion,inserted,False
very_long/date_addition_hi_IN/50/similar_insertion/cot,date_addition,hi_IN,cot,similar_insertion,inserted,False
very_long/date_addition_hi_IN/52/similar_insertion/direct,date_addition,hi_IN,direct,similar_insertion,inserted,False
very_long/date_addition_hi_IN/52/similar_insertion/cot,date_addition,hi_IN,cot,similar_insertion,inserted,False
very_long/date_addition_hi_IN/53/similar_insertion/cot,date_addition,hi_IN,cot,similar_insertion,inserted,False
very_long/date_addition_hi_IN/55/similar_insertion/cot,date_addition,hi_IN,cot,similar_insertion,inserted,False
very_long/date_addition_hi_IN/53/no_insertion/cot,date_addition,hi_IN,cot,similar_insertion,no_insertion_placebo,False
very_long/date_addition_hi_IN/60/similar_insertion/cot,date_addition,hi_IN,cot,similar_insertion,inserted,False
very_long/date_addition_hi_IN/62/no_insertion/cot,date_addition,hi_IN,cot,similar_insertion,no_insertion_placebo,False
very_long/date_addition_hi_IN/62/similar_insertion/cot,date_addition,hi_IN,cot,similar_insertion,inserted,False
very_long/date_addition_hi_IN/62/no_insertion/direct,date_addition,hi_IN,direct,similar_insertion,no_insertion_placebo,False
very_long/date_addition_hi_IN/63/no_insertion/direct,date_addition,hi_IN,direct,similar_insertion,no_insertion_placebo,False
very_long/date_addition_hi_IN/62/similar_insertion/direct,date_addition,hi_IN,direct,similar_insertion,inserted,False
very_long/date_addition_hi_IN/63/similar_insertion/cot,date_addition,hi_IN,cot,similar_insertion,inserted,False
very_long/date_addition_hi_IN/63/similar_insertion/direct,date_addition,hi_IN,direct,similar_insertion,inserted,False
very_long/date_addition_hi_IN/66/no_insertion/direct,date_addition,hi_IN,direct,similar_insertion,no_insertion_placebo,False
very_long/date_addition_hi_IN/68/no_insertion/cot,date_addition,hi_IN,cot,similar_insertion,no_insertion_placebo,False
very_long/date_addition_hi_IN/68/similar_insertion/cot,date_addition,hi_IN,cot,similar_insertion,inserted,False
very_long/date_addition_hi_IN/71/no_insertion/direct,date_addition,hi_IN,direct,similar_insertion,no_insertion_placebo,False
very_long/date_addition_hi_IN/73/no_insertion/cot,date_addition,hi_IN,cot,similar_insertion,no_insertion_placebo,False
very_long/date_addition_hi_IN/77/no_insertion/direct,date_addition,hi_IN,direct,similar_insertion,no_insertion_placebo,False
very_long/date_addition_hi_IN/79/no_insertion/cot,date_addition,hi_IN,cot,similar_insertion,no_insertion_placebo,False
very_long/date_addition_hi_IN/86/no_insertion/cot,date_addition,hi_IN,cot,similar_insertion,no_insertion_placebo,False
very_long/date_addition_hi_IN/86/similar_insertion/direct,date_addition,hi_IN,direct,similar_insertion,inserted,False
very_long/date_addition_hi_IN/93/no_insertion/cot,date_addition,hi_IN,cot,similar_insertion,no_insertion_placebo,False
very_long/date_addition_hi_IN/95/no_insertion/direct,date_addition,hi_IN,direct,similar_insertion,no_insertion_placebo,False
very_long/date_addition_hi_IN/96/similar_insertion/direct,date_addition,hi_IN,direct,similar_insertion,inserted,False
very_long/date_addition_hi_IN/96/similar_insertion/cot,date_addition,hi_IN,cot,similar_insertion,inserted,False
very_long/date_addition_hi_IN/98/similar_insertion/cot,date_addition,hi_IN,cot,similar_insertion,inserted,False
very_long/date_addition_hi_IN/99/no_insertion/cot,date_addition,hi_IN,cot,similar_insertion,no_insertion_placebo,False
very_long/date_addition_hi_IN/99/no_insertion/direct,date_addition,hi_IN,direct,similar_insertion,no_insertion_placebo,False
very_long/date_addition_hi_IN/99/similar_insertion/direct,date_addition,hi_IN,direct,similar_insertion,inserted,False
very_long/date_addition_hi_IN/101/similar_insertion/cot,date_addition,hi_IN,cot,similar_insertion,inserted,False
very_long/date_addition_hi_IN/102/no_insertion/direct,date_addition,hi_IN,direct,similar_insertion,no_insertion_placebo,False
very_long/date_addition_hi_IN/102/no_insertion/cot,date_addition,hi_IN,cot,similar_insertion,no_insertion_placebo,False
very_long/date_addition_hi_IN/101/no_insertion/cot,date_addition,hi_IN,cot,similar_insertion,no_insertion_placebo,False
very_long/date_addition_hi_IN/102/similar_insertion/cot,date_addition,hi_IN,cot,similar_insertion,inserted,False
very_long/date_addition_hi_IN/104/no_insertion/direct,date_addition,hi_IN,direct,similar_insertion,no_insertion_placebo,True
very_long/date_addition_hi_IN/104/similar_insertion/direct,date_addition,hi_IN,direct,similar_insertion,inserted,True
very_long/date_addition_hi_IN/104/similar_insertion/cot,date_addition,hi_IN,cot,similar_insertion,inserted,True
very_long/date_addition_hi_IN/108/no_insertion/cot,date_addition,hi_IN,cot,similar_insertion,no_insertion_placebo,False
very_long/date_addition_hi_IN/108/similar_insertion/cot,date_addition,hi_IN,cot,similar_insertion,inserted,False
very_long/date_addition_hi_IN/111/no_insertion/direct,date_addition,hi_IN,direct,similar_insertion,no_insertion_placebo,False
very_long/date_addition_hi_IN/111/no_insertion/cot,date_addition,hi_IN,cot,similar_insertion,no_insertion_placebo,False
very_long/date_addition_hi_IN/114/no_insertion/cot,date_addition,hi_IN,cot,similar_insertion,no_insertion_placebo,False
very_long/date_addition_hi_IN/117/similar_insertion/direct,date_addition,hi_IN,direct,similar_insertion,inserted,False
very_long/date_addition_hi_IN/117/no_insertion/direct,date_addition,hi_IN,direct,similar_insertion,no_insertion_placebo,False
very_long/date_addition_hi_IN/117/similar_insertion/cot,date_addition,hi_IN,cot,similar_insertion,inserted,False
very_long/date_addition_hi_IN/117/no_insertion/cot,date_addition,hi_IN,cot,similar_insertion,no_insertion_placebo,False
very_long/date_addition_hi_IN/121/similar_insertion/direct,date_addition,hi_IN,direct,similar_insertion,inserted,False
very_long/date_addition_hi_IN/122/similar_insertion/direct,date_addition,hi_IN,direct,similar_insertion,inserted,False
very_long/date_addition_hi_IN/122/no_insertion/cot,date_addition,hi_IN,cot,similar_insertion,no_insertion_placebo,False
very_long/date_addition_hi_IN/122/similar_insertion/cot,date_addition,hi_IN,cot,similar_insertion,inserted,False
very_long/date_addition_hi_IN/124/no_insertion/direct,date_addition,hi_IN,direct,similar_insertion,no_insertion_placebo,False
very_long/date_addition_hi_IN/124/similar_insertion/direct,date_addition,hi_IN,direct,similar_insertion,inserted,False
very_long/date_addition_hi_IN/124/no_insertion/cot,date_addition,hi_IN,cot,similar_insertion,no_insertion_placebo,False
very_long/date_addition_hi_IN/128/no_insertion/cot,date_addition,hi_IN,cot,similar_insertion,no_insertion_placebo,False
very_long/date_addition_hi_IN/132/similar_insertion/cot,date_addition,hi_IN,cot,similar_insertion,inserted,False
very_long/date_addition_hi_IN/133/no_insertion/direct,date_addition,hi_IN,direct,similar_insertion,no_insertion_placebo,False
very_long/date_addition_hi_IN/133/no_insertion/cot,date_addition,hi_IN,cot,similar_insertion,no_insertion_placebo,False
very_long/date_addition_hi_IN/133/similar_insertion/direct,date_addition,hi_IN,direct,similar_insertion,inserted,False
very_long/date_addition_hi_IN/140/similar_insertion/cot,date_addition,hi_IN,cot,similar_insertion,inserted,True
very_long/date_addition_hi_IN/143/similar_insertion/direct,date_addition,hi_IN,direct,similar_insertion,inserted,False
very_long/date_addition_hi_IN/144/similar_insertion/cot,date_addition,hi_IN,cot,similar_insertion,inserted,False
very_long/date_addition_hi_IN/148/no_insertion/cot,date_addition,hi_IN,cot,similar_insertion,no_insertion_placebo,False
very_long/date_addition_hi_IN/147/no_insertion/cot,date_addition,hi_IN,cot,similar_insertion,no_insertion_placebo,False
very_long/date_recurrence_en_US/2/no_insertion/direct,date_recurrence,en_US,direct,similar_insertion,no_insertion_placebo,False
very_long/date_recurrence_en_US/2/similar_insertion/direct,date_recurrence,en_US,direct,similar_insertion,inserted,False
very_long/date_recurrence_en_US/3/no_insertion/direct,date_recurrence,en_US,direct,similar_insertion,no_insertion_placebo,False
very_long/date_recurrence_en_US/3/similar_insertion/direct,date_recurrence,en_US,direct,similar_insertion,inserted,False
very_long/date_recurrence_en_US/4/no_insertion/direct,date_recurrence,en_US,direct,similar_insertion,no_insertion_placebo,False
very_long/date_recurrence_en_US/4/similar_insertion/direct,date_recurrence,en_US,direct,similar_insertion,inserted,False
very_long/date_recurrence_en_US/5/no_insertion/direct,date_recurrence,en_US,direct,similar_insertion,no_insertion_placebo,False
very_long/date_recurrence_en_US/5/similar_insertion/direct,date_recurrence,en_US,direct,similar_insertion,inserted,False
very_long/date_recurrence_en_US/7/no_insertion/direct,date_recurrence,en_US,direct,similar_insertion,no_insertion_placebo,False
very_long/date_recurrence_en_US/7/similar_insertion/direct,date_recurrence,en_US,direct,similar_insertion,inserted,False
very_long/date_recurrence_en_US/7/similar_insertion/cot,date_recurrence,en_US,cot,similar_insertion,inserted,False
very_long/date_recurrence_en_US/8/no_insertion/direct,date_recurrence,en_US,direct,similar_insertion,no_insertion_placebo,False
very_long/date_recurrence_en_US/8/similar_insertion/direct,date_recurrence,en_US,direct,similar_insertion,inserted,False
very_long/date_recurrence_en_US/9/no_insertion/direct,date_recurrence,en_US,direct,similar_insertion,no_insertion_placebo,True
very_long/date_recurrence_en_US/9/similar_insertion/direct,date_recurrence,en_US,direct,similar_insertion,inserted,False
very_long/date_recurrence_en_US/10/no_insertion/direct,date_recurrence,en_US,direct,similar_insertion,no_insertion_placebo,False
very_long/date_recurrence_en_US/8/no_insertion/cot,date_recurrence,en_US,cot,similar_insertion,no_insertion_placebo,False
very_long/date_recurrence_en_US/10/similar_insertion/direct,date_recurrence,en_US,direct,similar_insertion,inserted,False
very_long/date_recurrence_en_US/10/similar_insertion/cot,date_recurrence,en_US,cot,similar_insertion,inserted,False
very_long/date_recurrence_en_US/12/no_insertion/direct,date_recurrence,en_US,direct,similar_insertion,no_insertion_placebo,False
very_long/date_recurrence_en_US/12/similar_insertion/direct,date_recurrence,en_US,direct,similar_insertion,inserted,False
very_long/date_recurrence_en_US/13/no_insertion/direct,date_recurrence,en_US,direct,similar_insertion,no_insertion_placebo,False
very_long/date_recurrence_en_US/13/similar_insertion/direct,date_recurrence,en_US,direct,similar_insertion,inserted,False
very_long/date_recurrence_en_US/15/no_insertion/direct,date_recurrence,en_US,direct,similar_insertion,no_insertion_placebo,False
very_long/date_recurrence_en_US/15/similar_insertion/direct,date_recurrence,en_US,direct,similar_insertion,inserted,False
very_long/date_recurrence_en_US/17/no_insertion/direct,date_recurrence,en_US,direct,similar_insertion,no_insertion_placebo,False
very_long/date_recurrence_en_US/17/similar_insertion/direct,date_recurrence,en_US,direct,similar_insertion,inserted,False
very_long/date_recurrence_en_US/18/similar_insertion/direct,date_recurrence,en_US,direct,similar_insertion,inserted,False
very_long/date_recurrence_en_US/19/no_insertion/direct,date_recurrence,en_US,direct,similar_insertion,no_insertion_placebo,True
very_long/date_recurrence_en_US/19/similar_insertion/direct,date_recurrence,en_US,direct,similar_insertion,inserted,False
very_long/date_recurrence_en_US/20/no_insertion/direct,date_recurrence,en_US,direct,similar_insertion,no_insertion_placebo,False
very_long/date_recurrence_en_US/20/similar_insertion/direct,date_recurrence,en_US,direct,similar_insertion,inserted,False
very_long/date_recurrence_en_US/21/no_insertion/direct,date_recurrence,en_US,direct,similar_insertion,no_insertion_placebo,False
very_long/date_recurrence_en_US/21/similar_insertion/direct,date_recurrence,en_US,direct,similar_insertion,inserted,False
very_long/date_recurrence_en_US/22/no_insertion/cot,date_recurrence,en_US,cot,similar_insertion,no_insertion_placebo,False
very_long/date_recurrence_en_US/23/no_insertion/direct,date_recurrence,en_US,direct,similar_insertion,no_insertion_placebo,True
very_long/date_recurrence_en_US/23/similar_insertion/direct,date_recurrence,en_US,direct,similar_insertion,inserted,False
very_long/date_recurrence_en_US/24/no_insertion/direct,date_recurrence,en_US,direct,similar_insertion,no_insertion_placebo,False
very_long/date_recurrence_en_US/24/similar_insertion/direct,date_recurrence,en_US,direct,similar_insertion,inserted,False
very_long/date_recurrence_en_US/24/similar_insertion/cot,date_recurrence,en_US,cot,similar_insertion,inserted,False
very_long/date_recurrence_en_US/26/no_insertion/direct,date_recurrence,en_US,direct,similar_insertion,no_insertion_placebo,False
very_long/date_recurrence_en_US/26/similar_insertion/direct,date_recurrence,en_US,direct,similar_insertion,inserted,False
very_long/date_recurrence_en_US/25/similar_insertion/direct,date_recurrence,en_US,direct,similar_insertion,inserted,False
very_long/date_recurrence_en_US/27/no_insertion/direct,date_recurrence,en_US,direct,similar_insertion,no_insertion_placebo,True
very_long/date_recurrence_en_US/27/no_insertion/cot,date_recurrence,en_US,cot,similar_insertion,no_insertion_placebo,False
very_long/date_recurrence_en_US/27/similar_insertion/direct,date_recurrence,en_US,direct,similar_insertion,inserted,True
very_long/date_recurrence_en_US/26/similar_insertion/cot,date_recurrence,en_US,cot,similar_insertion,inserted,False
very_long/date_recurrence_en_US/28/no_insertion/direct,date_recurrence,en_US,direct,similar_insertion,no_insertion_placebo,False
very_long/date_recurrence_en_US/27/similar_insertion/cot,date_recurrence,en_US,cot,similar_insertion,inserted,False
very_long/date_recurrence_en_US/28/similar_insertion/direct,date_recurrence,en_US,direct,similar_insertion,inserted,False
very_long/date_recurrence_en_US/29/similar_insertion/direct,date_recurrence,en_US,direct,similar_insertion,inserted,False
very_long/date_recurrence_en_US/30/no_insertion/direct,date_recurrence,en_US,direct,similar_insertion,no_insertion_placebo,False
very_long/date_recurrence_en_US/30/similar_insertion/direct,date_recurrence,en_US,direct,similar_insertion,inserted,False
very_long/date_recurrence_en_US/29/similar_insertion/cot,date_recurrence,en_US,cot,similar_insertion,inserted,False
very_long/date_recurrence_en_US/30/no_insertion/cot,date_recurrence,en_US,cot,similar_insertion,no_insertion_placebo,False
very_long/date_recurrence_en_US/31/no_insertion/direct,date_recurrence,en_US,direct,similar_insertion,no_insertion_placebo,False
very_long/date_recurrence_en_US/30/similar_insertion/cot,date_recurrence,en_US,cot,similar_insertion,inserted,False
very_long/date_recurrence_en_US/32/no_insertion/direct,date_recurrence,en_US,direct,similar_insertion,no_insertion_placebo,False
very_long/date_recurrence_en_US/32/similar_insertion/direct,date_recurrence,en_US,direct,similar_insertion,inserted,False
very_long/date_recurrence_en_US/33/no_insertion/direct,date_recurrence,en_US,direct,similar_insertion,no_insertion_placebo,False
very_long/date_recurrence_en_US/33/no_insertion/cot,date_recurrence,en_US,cot,similar_insertion,no_insertion_placebo,False
very_long/date_recurrence_en_US/33/similar_insertion/direct,date_recurrence,en_US,direct,similar_insertion,inserted,False
very_long/date_recurrence_en_US/34/no_insertion/direct,date_recurrence,en_US,direct,similar_insertion,no_insertion_placebo,False
very_long/date_recurrence_en_US/34/similar_insertion/direct,date_recurrence,en_US,direct,similar_insertion,inserted,False
very_long/date_recurrence_en_US/35/no_insertion/direct,date_recurrence,en_US,direct,similar_insertion,no_insertion_placebo,False
very_long/date_recurrence_en_US/35/similar_insertion/direct,date_recurrence,en_US,direct,similar_insertion,inserted,False
very_long/date_recurrence_en_US/36/no_insertion/direct,date_recurrence,en_US,direct,similar_insertion,no_insertion_placebo,False
very_long/date_recurrence_en_US/36/similar_insertion/direct,date_recurrence,en_US,direct,similar_insertion,inserted,False
very_long/date_recurrence_en_US/37/no_insertion/direct,date_recurrence,en_US,direct,similar_insertion,no_insertion_placebo,False
very_long/date_recurrence_en_US/37/similar_insertion/direct,date_recurrence,en_US,direct,similar_insertion,inserted,False
very_long/date_recurrence_en_US/38/no_insertion/direct,date_recurrence,en_US,direct,similar_insertion,no_insertion_placebo,True
very_long/date_recurrence_en_US/38/similar_insertion/direct,date_recurrence,en_US,direct,similar_insertion,inserted,False
very_long/date_recurrence_en_US/39/no_insertion/direct,date_recurrence,en_US,direct,similar_insertion,no_insertion_placebo,False
very_long/date_recurrence_en_US/40/similar_insertion/direct,date_recurrence,en_US,direct,similar_insertion,inserted,False
very_long/date_recurrence_en_US/41/no_insertion/direct,date_recurrence,en_US,direct,similar_insertion,no_insertion_placebo,False
very_long/date_recurrence_en_US/40/similar_insertion/cot,date_recurrence,en_US,cot,similar_insertion,inserted,False
very_long/date_recurrence_en_US/42/no_insertion/direct,date_recurrence,en_US,direct,similar_insertion,no_insertion_placebo,False
very_long/date_recurrence_en_US/41/similar_insertion/direct,date_recurrence,en_US,direct,similar_insertion,inserted,False
very_long/date_recurrence_en_US/45/no_insertion/direct,date_recurrence,en_US,direct,similar_insertion,no_insertion_placebo,False
very_long/date_recurrence_en_US/45/similar_insertion/direct,date_recurrence,en_US,direct,similar_insertion,inserted,False
very_long/date_recurrence_en_US/44/similar_insertion/direct,date_recurrence,en_US,direct,similar_insertion,inserted,False
very_long/date_recurrence_en_US/44/similar_insertion/cot,date_recurrence,en_US,cot,similar_insertion,inserted,False
very_long/date_recurrence_en_US/46/no_insertion/direct,date_recurrence,en_US,direct,similar_insertion,no_insertion_placebo,True
very_long/date_recurrence_en_US/46/similar_insertion/direct,date_recurrence,en_US,direct,similar_insertion,inserted,False
very_long/date_recurrence_en_US/47/no_insertion/direct,date_recurrence,en_US,direct,similar_insertion,no_insertion_placebo,False
very_long/date_recurrence_en_US/47/similar_insertion/direct,date_recurrence,en_US,direct,similar_insertion,inserted,False
very_long/date_recurrence_en_US/48/no_insertion/direct,date_recurrence,en_US,direct,similar_insertion,no_insertion_placebo,False
very_long/date_recurrence_en_US/49/no_insertion/direct,date_recurrence,en_US,direct,similar_insertion,no_insertion_placebo,True
very_long/date_recurrence_en_US/49/similar_insertion/direct,date_recurrence,en_US,direct,similar_insertion,inserted,False
very_long/date_recurrence_en_US/50/no_insertion/direct,date_recurrence,en_US,direct,similar_insertion,no_insertion_placebo,False
very_long/date_recurrence_en_US/50/similar_insertion/direct,date_recurrence,en_US,direct,similar_insertion,inserted,False
very_long/date_recurrence_en_US/50/similar_insertion/cot,date_recurrence,en_US,cot,similar_insertion,inserted,False
very_long/date_recurrence_en_US/51/no_insertion/direct,date_recurrence,en_US,direct,similar_insertion,no_insertion_placebo,False
very_long/date_recurrence_en_US/51/similar_insertion/direct,date_recurrence,en_US,direct,similar_insertion,inserted,False
very_long/date_recurrence_en_US/52/no_insertion/direct,date_recurrence,en_US,direct,similar_insertion,no_insertion_placebo,False
very_long/date_recurrence_en_US/51/similar_insertion/cot,date_recurrence,en_US,cot,similar_insertion,inserted,False
very_long/date_recurrence_en_US/52/similar_insertion/direct,date_recurrence,en_US,direct,similar_insertion,inserted,False
very_long/date_recurrence_en_US/53/no_insertion/direct,date_recurrence,en_US,direct,similar_insertion,no_insertion_placebo,False
very_long/date_recurrence_en_US/52/similar_insertion/cot,date_recurrence,en_US,cot,similar_insertion,inserted,False
very_long/date_recurrence_en_US/53/similar_insertion/direct,date_recurrence,en_US,direct,similar_insertion,inserted,False
very_long/date_recurrence_en_US/54/no_insertion/direct,date_recurrence,en_US,direct,similar_insertion,no_insertion_placebo,False
very_long/date_recurrence_en_US/54/similar_insertion/direct,date_recurrence,en_US,direct,similar_insertion,inserted,False
very_long/date_recurrence_en_US/55/no_insertion/direct,date_recurrence,en_US,direct,similar_insertion,no_insertion_placebo,False
very_long/date_recurrence_en_US/55/similar_insertion/direct,date_recurrence,en_US,direct,similar_insertion,inserted,False
very_long/date_recurrence_en_US/56/no_insertion/direct,date_recurrence,en_US,direct,similar_insertion,no_insertion_placebo,False
very_long/date_recurrence_en_US/56/similar_insertion/direct,date_recurrence,en_US,direct,similar_insertion,inserted,False
very_long/date_recurrence_en_US/57/no_insertion/direct,date_recurrence,en_US,direct,similar_insertion,no_insertion_placebo,False
very_long/date_recurrence_en_US/57/similar_insertion/direct,date_recurrence,en_US,direct,similar_insertion,inserted,False
very_long/date_recurrence_en_US/59/no_insertion/direct,date_recurrence,en_US,direct,similar_insertion,no_insertion_placebo,False
very_long/date_recurrence_en_US/61/no_insertion/direct,date_recurrence,en_US,direct,similar_insertion,no_insertion_placebo,False
very_long/date_recurrence_en_US/61/similar_insertion/direct,date_recurrence,en_US,direct,similar_insertion,inserted,False
very_long/date_recurrence_en_US/62/no_insertion/direct,date_recurrence,en_US,direct,similar_insertion,no_insertion_placebo,False
very_long/date_recurrence_en_US/62/similar_insertion/direct,date_recurrence,en_US,direct,similar_insertion,inserted,False
very_long/date_recurrence_en_US/63/similar_insertion/direct,date_recurrence,en_US,direct,similar_insertion,inserted,False
very_long/date_recurrence_en_US/64/no_insertion/direct,date_recurrence,en_US,direct,similar_insertion,no_insertion_placebo,False
very_long/date_recurrence_en_US/65/no_insertion/direct,date_recurrence,en_US,direct,similar_insertion,no_insertion_placebo,False
very_long/date_recurrence_en_US/65/similar_insertion/direct,date_recurrence,en_US,direct,similar_insertion,inserted,False
very_long/date_recurrence_en_US/66/no_insertion/direct,date_recurrence,en_US,direct,similar_insertion,no_insertion_placebo,False
very_long/date_recurrence_en_US/66/similar_insertion/direct,date_recurrence,en_US,direct,similar_insertion,inserted,False
very_long/date_recurrence_en_US/69/no_insertion/direct,date_recurrence,en_US,direct,similar_insertion,no_insertion_placebo,False
very_long/date_recurrence_en_US/69/similar_insertion/direct,date_recurrence,en_US,direct,similar_insertion,inserted,False
very_long/date_recurrence_en_US/69/no_insertion/cot,date_recurrence,en_US,cot,similar_insertion,no_insertion_placebo,False
very_long/date_recurrence_en_US/70/no_insertion/direct,date_recurrence,en_US,direct,similar_insertion,no_insertion_placebo,False
very_long/date_recurrence_en_US/70/similar_insertion/cot,date_recurrence,en_US,cot,similar_insertion,inserted,False
very_long/date_recurrence_en_US/70/no_insertion/cot,date_recurrence,en_US,cot,similar_insertion,no_insertion_placebo,False
very_long/date_recurrence_en_US/72/no_insertion/direct,date_recurrence,en_US,direct,similar_insertion,no_insertion_placebo,False
very_long/date_recurrence_en_US/72/similar_insertion/direct,date_recurrence,en_US,direct,similar_insertion,inserted,False
very_long/date_recurrence_en_US/73/no_insertion/direct,date_recurrence,en_US,direct,similar_insertion,no_insertion_placebo,True
very_long/date_recurrence_en_US/73/no_insertion/cot,date_recurrence,en_US,cot,similar_insertion,no_insertion_placebo,False
very_long/date_recurrence_en_US/73/similar_insertion/direct,date_recurrence,en_US,direct,similar_insertion,inserted,False
very_long/date_recurrence_en_US/75/no_insertion/direct,date_recurrence,en_US,direct,similar_insertion,no_insertion_placebo,False
very_long/date_recurrence_en_US/75/similar_insertion/direct,date_recurrence,en_US,direct,similar_insertion,inserted,False
very_long/date_recurrence_en_US/76/similar_insertion/direct,date_recurrence,en_US,direct,similar_insertion,inserted,False
very_long/date_recurrence_en_US/77/no_insertion/direct,date_recurrence,en_US,direct,similar_insertion,no_insertion_placebo,False
very_long/date_recurrence_en_US/77/similar_insertion/direct,date_recurrence,en_US,direct,similar_insertion,inserted,True
very_long/date_recurrence_en_US/77/similar_insertion/cot,date_recurrence,en_US,cot,similar_insertion,inserted,False
very_long/date_recurrence_en_US/78/similar_insertion/direct,date_recurrence,en_US,direct,similar_insertion,inserted,False
very_long/date_recurrence_en_US/78/no_insertion/direct,date_recurrence,en_US,direct,similar_insertion,no_insertion_placebo,False
very_long/date_recurrence_en_US/78/similar_insertion/cot,date_recurrence,en_US,cot,similar_insertion,inserted,False
very_long/date_recurrence_en_US/80/no_insertion/direct,date_recurrence,en_US,direct,similar_insertion,no_insertion_placebo,False
very_long/date_recurrence_en_US/80/similar_insertion/direct,date_recurrence,en_US,direct,similar_insertion,inserted,False
very_long/date_recurrence_en_US/80/no_insertion/cot,date_recurrence,en_US,cot,similar_insertion,no_insertion_placebo,False
very_long/date_recurrence_en_US/81/no_insertion/direct,date_recurrence,en_US,direct,similar_insertion,no_insertion_placebo,False
very_long/date_recurrence_en_US/81/similar_insertion/direct,date_recurrence,en_US,direct,similar_insertion,inserted,False
very_long/date_recurrence_en_US/82/no_insertion/direct,date_recurrence,en_US,direct,similar_insertion,no_insertion_placebo,False
very_long/date_recurrence_en_US/83/similar_insertion/direct,date_recurrence,en_US,direct,similar_insertion,inserted,False
very_long/date_recurrence_en_US/82/similar_insertion/direct,date_recurrence,en_US,direct,similar_insertion,inserted,False
very_long/date_recurrence_en_US/85/no_insertion/direct,date_recurrence,en_US,direct,similar_insertion,no_insertion_placebo,False
very_long/date_recurrence_en_US/85/similar_insertion/direct,date_recurrence,en_US,direct,similar_insertion,inserted,False
very_long/date_recurrence_en_US/86/no_insertion/direct,date_recurrence,en_US,direct,similar_insertion,no_insertion_placebo,False
very_long/date_recurrence_en_US/88/no_insertion/direct,date_recurrence,en_US,direct,similar_insertion,no_insertion_placebo,False
very_long/date_recurrence_en_US/88/similar_insertion/direct,date_recurrence,en_US,direct,similar_insertion,inserted,False
very_long/date_recurrence_en_US/89/no_insertion/direct,date_recurrence,en_US,direct,similar_insertion,no_insertion_placebo,False
very_long/date_recurrence_en_US/89/similar_insertion/direct,date_recurrence,en_US,direct,similar_insertion,inserted,False
very_long/date_recurrence_en_US/92/no_insertion/direct,date_recurrence,en_US,direct,similar_insertion,no_insertion_placebo,False
very_long/date_recurrence_en_US/92/similar_insertion/direct,date_recurrence,en_US,direct,similar_insertion,inserted,False
very_long/date_recurrence_en_US/93/similar_insertion/direct,date_recurrence,en_US,direct,similar_insertion,inserted,False
very_long/date_recurrence_en_US/94/no_insertion/direct,date_recurrence,en_US,direct,similar_insertion,no_insertion_placebo,True
very_long/date_recurrence_en_US/93/similar_insertion/cot,date_recurrence,en_US,cot,similar_insertion,inserted,False
very_long/date_recurrence_en_US/94/similar_insertion/direct,date_recurrence,en_US,direct,similar_insertion,inserted,True
very_long/date_recurrence_en_US/94/no_insertion/cot,date_recurrence,en_US,cot,similar_insertion,no_insertion_placebo,False
very_long/date_recurrence_en_US/95/no_insertion/direct,date_recurrence,en_US,direct,similar_insertion,no_insertion_placebo,False
very_long/date_recurrence_en_US/95/similar_insertion/direct,date_recurrence,en_US,direct,similar_insertion,inserted,False
very_long/date_recurrence_en_US/96/no_insertion/direct,date_recurrence,en_US,direct,similar_insertion,no_insertion_placebo,False
very_long/date_recurrence_en_US/96/similar_insertion/direct,date_recurrence,en_US,direct,similar_insertion,inserted,False
very_long/date_recurrence_en_US/98/no_insertion/direct,date_recurrence,en_US,direct,similar_insertion,no_insertion_placebo,True
very_long/date_recurrence_en_US/98/similar_insertion/direct,date_recurrence,en_US,direct,similar_insertion,inserted,False
very_long/date_recurrence_en_US/99/no_insertion/direct,date_recurrence,en_US,direct,similar_insertion,no_insertion_placebo,False
very_long/date_recurrence_en_US/100/no_insertion/direct,date_recurrence,en_US,direct,similar_insertion,no_insertion_placebo,False
very_long/date_recurrence_en_US/100/similar_insertion/direct,date_recurrence,en_US,direct,similar_insertion,inserted,False
very_long/date_recurrence_en_US/102/no_insertion/direct,date_recurrence,en_US,direct,similar_insertion,no_insertion_placebo,False
very_long/date_recurrence_en_US/102/similar_insertion/direct,date_recurrence,en_US,direct,similar_insertion,inserted,False
very_long/date_recurrence_en_US/104/no_insertion/direct,date_recurrence,en_US,direct,similar_insertion,no_insertion_placebo,False
very_long/date_recurrence_en_US/104/similar_insertion/direct,date_recurrence,en_US,direct,similar_insertion,inserted,False
very_long/date_recurrence_en_US/105/no_insertion/direct,date_recurrence,en_US,direct,similar_insertion,no_insertion_placebo,False
very_long/date_recurrence_en_US/106/no_insertion/direct,date_recurrence,en_US,direct,similar_insertion,no_insertion_placebo,False
very_long/date_recurrence_en_US/106/similar_insertion/direct,date_recurrence,en_US,direct,similar_insertion,inserted,False
very_long/date_recurrence_en_US/107/no_insertion/direct,date_recurrence,en_US,direct,similar_insertion,no_insertion_placebo,False
very_long/date_recurrence_en_US/107/similar_insertion/direct,date_recurrence,en_US,direct,similar_insertion,inserted,False
very_long/date_recurrence_en_US/108/no_insertion/direct,date_recurrence,en_US,direct,similar_insertion,no_insertion_placebo,False
very_long/date_recurrence_en_US/108/similar_insertion/direct,date_recurrence,en_US,direct,similar_insertion,inserted,False
very_long/date_recurrence_en_US/111/no_insertion/direct,date_recurrence,en_US,direct,similar_insertion,no_insertion_placebo,False
very_long/date_recurrence_en_US/111/similar_insertion/direct,date_recurrence,en_US,direct,similar_insertion,inserted,True
very_long/date_recurrence_en_US/112/no_insertion/direct,date_recurrence,en_US,direct,similar_insertion,no_insertion_placebo,False
very_long/date_recurrence_en_US/111/similar_insertion/cot,date_recurrence,en_US,cot,similar_insertion,inserted,False
very_long/date_recurrence_en_US/112/similar_insertion/direct,date_recurrence,en_US,direct,similar_insertion,inserted,True
very_long/date_recurrence_en_US/113/no_insertion/direct,date_recurrence,en_US,direct,similar_insertion,no_insertion_placebo,False
very_long/date_recurrence_en_US/113/similar_insertion/direct,date_recurrence,en_US,direct,similar_insertion,inserted,False
very_long/date_recurrence_en_US/114/no_insertion/direct,date_recurrence,en_US,direct,similar_insertion,no_insertion_placebo,False
very_long/date_recurrence_en_US/115/no_insertion/direct,date_recurrence,en_US,direct,similar_insertion,no_insertion_placebo,False
very_long/date_recurrence_en_US/115/similar_insertion/direct,date_recurrence,en_US,direct,similar_insertion,inserted,False
very_long/date_recurrence_en_US/116/no_insertion/direct,date_recurrence,en_US,direct,similar_insertion,no_insertion_placebo,False
very_long/date_recurrence_en_US/117/no_insertion/direct,date_recurrence,en_US,direct,similar_insertion,no_insertion_placebo,False
very_long/date_recurrence_en_US/117/similar_insertion/direct,date_recurrence,en_US,direct,similar_insertion,inserted,False
very_long/date_recurrence_en_US/118/no_insertion/direct,date_recurrence,en_US,direct,similar_insertion,no_insertion_placebo,True
very_long/date_recurrence_en_US/118/similar_insertion/direct,date_recurrence,en_US,direct,similar_insertion,inserted,False
very_long/date_recurrence_en_US/119/no_insertion/direct,date_recurrence,en_US,direct,similar_insertion,no_insertion_placebo,False
very_long/date_recurrence_en_US/119/similar_insertion/direct,date_recurrence,en_US,direct,similar_insertion,inserted,False
very_long/date_recurrence_en_US/120/no_insertion/direct,date_recurrence,en_US,direct,similar_insertion,no_insertion_placebo,False
very_long/date_recurrence_en_US/120/similar_insertion/cot,date_recurrence,en_US,cot,similar_insertion,inserted,False
very_long/date_recurrence_en_US/121/no_insertion/direct,date_recurrence,en_US,direct,similar_insertion,no_insertion_placebo,False
very_long/date_recurrence_en_US/121/similar_insertion/direct,date_recurrence,en_US,direct,similar_insertion,inserted,False
very_long/date_recurrence_en_US/122/no_insertion/direct,date_recurrence,en_US,direct,similar_insertion,no_insertion_placebo,False
very_long/date_recurrence_en_US/122/similar_insertion/direct,date_recurrence,en_US,direct,similar_insertion,inserted,False
very_long/date_recurrence_en_US/123/no_insertion/direct,date_recurrence,en_US,direct,similar_insertion,no_insertion_placebo,False
very_long/date_recurrence_en_US/123/similar_insertion/direct,date_recurrence,en_US,direct,similar_insertion,inserted,False
very_long/date_recurrence_en_US/122/similar_insertion/cot,date_recurrence,en_US,cot,similar_insertion,inserted,False
very_long/date_recurrence_en_US/123/no_insertion/cot,date_recurrence,en_US,cot,similar_insertion,no_insertion_placebo,False
very_long/date_recurrence_en_US/123/similar_insertion/cot,date_recurrence,en_US,cot,similar_insertion,inserted,False
very_long/date_recurrence_en_US/125/no_insertion/direct,date_recurrence,en_US,direct,similar_insertion,no_insertion_placebo,False
very_long/date_recurrence_en_US/125/similar_insertion/direct,date_recurrence,en_US,direct,similar_insertion,inserted,False
very_long/date_recurrence_en_US/126/no_insertion/direct,date_recurrence,en_US,direct,similar_insertion,no_insertion_placebo,False
very_long/date_recurrence_en_US/126/similar_insertion/direct,date_recurrence,en_US,direct,similar_insertion,inserted,False
very_long/date_recurrence_en_US/130/no_insertion/direct,date_recurrence,en_US,direct,similar_insertion,no_insertion_placebo,False
very_long/date_recurrence_en_US/130/similar_insertion/direct,date_recurrence,en_US,direct,similar_insertion,inserted,True
very_long/date_recurrence_en_US/132/no_insertion/direct,date_recurrence,en_US,direct,similar_insertion,no_insertion_placebo,False
very_long/date_recurrence_en_US/133/no_insertion/direct,date_recurrence,en_US,direct,similar_insertion,no_insertion_placebo,False
very_long/date_recurrence_en_US/133/similar_insertion/direct,date_recurrence,en_US,direct,similar_insertion,inserted,False
very_long/date_recurrence_en_US/134/no_insertion/direct,date_recurrence,en_US,direct,similar_insertion,no_insertion_placebo,False
very_long/date_recurrence_en_US/134/similar_insertion/direct,date_recurrence,en_US,direct,similar_insertion,inserted,False
very_long/date_recurrence_en_US/135/no_insertion/direct,date_recurrence,en_US,direct,similar_insertion,no_insertion_placebo,False
very_long/date_recurrence_en_US/135/similar_insertion/direct,date_recurrence,en_US,direct,similar_insertion,inserted,False
very_long/date_recurrence_en_US/136/no_insertion/direct,date_recurrence,en_US,direct,similar_insertion,no_insertion_placebo,False
very_long/date_recurrence_en_US/137/similar_insertion/direct,date_recurrence,en_US,direct,similar_insertion,inserted,False
very_long/date_recurrence_en_US/138/no_insertion/direct,date_recurrence,en_US,direct,similar_insertion,no_insertion_placebo,False
very_long/date_recurrence_en_US/138/similar_insertion/direct,date_recurrence,en_US,direct,similar_insertion,inserted,False
very_long/date_recurrence_en_US/138/similar_insertion/cot,date_recurrence,en_US,cot,similar_insertion,inserted,False
very_long/date_recurrence_en_US/139/no_insertion/direct,date_recurrence,en_US,direct,similar_insertion,no_insertion_placebo,False
very_long/date_recurrence_en_US/140/no_insertion/direct,date_recurrence,en_US,direct,similar_insertion,no_insertion_placebo,True
very_long/date_recurrence_en_US/141/no_insertion/direct,date_recurrence,en_US,direct,similar_insertion,no_insertion_placebo,False
very_long/date_recurrence_en_US/142/no_insertion/direct,date_recurrence,en_US,direct,similar_insertion,no_insertion_placebo,False
very_long/date_recurrence_en_US/141/no_insertion/cot,date_recurrence,en_US,cot,similar_insertion,no_insertion_placebo,False
very_long/date_recurrence_en_US/142/similar_insertion/direct,date_recurrence,en_US,direct,similar_insertion,inserted,False
very_long/date_recurrence_en_US/143/similar_insertion/direct,date_recurrence,en_US,direct,similar_insertion,inserted,False
very_long/date_recurrence_en_US/143/no_insertion/cot,date_recurrence,en_US,cot,similar_insertion,no_insertion_placebo,False
very_long/date_recurrence_en_US/142/similar_insertion/cot,date_recurrence,en_US,cot,similar_insertion,inserted,False
very_long/date_recurrence_en_US/144/similar_insertion/direct,date_recurrence,en_US,direct,similar_insertion,inserted,False
very_long/date_recurrence_en_US/144/no_insertion/cot,date_recurrence,en_US,cot,similar_insertion,no_insertion_placebo,False
very_long/date_recurrence_en_US/146/no_insertion/direct,date_recurrence,en_US,direct,similar_insertion,no_insertion_placebo,False
very_long/date_recurrence_en_US/147/no_insertion/direct,date_recurrence,en_US,direct,similar_insertion,no_insertion_placebo,False
very_long/date_recurrence_en_US/148/no_insertion/direct,date_recurrence,en_US,direct,similar_insertion,no_insertion_placebo,False
very_long/date_recurrence_en_US/147/similar_insertion/direct,date_recurrence,en_US,direct,similar_insertion,inserted,False
very_long/date_recurrence_en_US/148/similar_insertion/direct,date_recurrence,en_US,direct,similar_insertion,inserted,False
very_long/date_recurrence_en_US/149/no_insertion/direct,date_recurrence,en_US,direct,similar_insertion,no_insertion_placebo,False
very_long/date_recurrence_en_US/149/similar_insertion/direct,date_recurrence,en_US,direct,similar_insertion,inserted,False
very_long/date_recurrence_hi_IN/2/no_insertion/direct,date_recurrence,hi_IN,direct,similar_insertion,no_insertion_placebo,False
very_long/date_recurrence_hi_IN/2/similar_insertion/direct,date_recurrence,hi_IN,direct,similar_insertion,inserted,False
very_long/date_recurrence_hi_IN/2/no_insertion/cot,date_recurrence,hi_IN,cot,similar_insertion,no_insertion_placebo,False
very_long/date_recurrence_hi_IN/3/no_insertion/direct,date_recurrence,hi_IN,direct,similar_insertion,no_insertion_placebo,False
very_long/date_recurrence_hi_IN/3/similar_insertion/direct,date_recurrence,hi_IN,direct,similar_insertion,inserted,False
very_long/date_recurrence_hi_IN/3/no_insertion/cot,date_recurrence,hi_IN,cot,similar_insertion,no_insertion_placebo,False
very_long/date_recurrence_hi_IN/4/no_insertion/direct,date_recurrence,hi_IN,direct,similar_insertion,no_insertion_placebo,False
very_long/date_recurrence_hi_IN/3/similar_insertion/cot,date_recurrence,hi_IN,cot,similar_insertion,inserted,False
very_long/date_recurrence_hi_IN/4/similar_insertion/direct,date_recurrence,hi_IN,direct,similar_insertion,inserted,False
very_long/date_recurrence_hi_IN/4/no_insertion/cot,date_recurrence,hi_IN,cot,similar_insertion,no_insertion_placebo,False
very_long/date_recurrence_hi_IN/4/similar_insertion/cot,date_recurrence,hi_IN,cot,similar_insertion,inserted,False
very_long/date_recurrence_hi_IN/5/no_insertion/direct,date_recurrence,hi_IN,direct,similar_insertion,no_insertion_placebo,False
very_long/date_recurrence_hi_IN/5/similar_insertion/direct,date_recurrence,hi_IN,direct,similar_insertion,inserted,False
very_long/date_recurrence_hi_IN/5/no_insertion/cot,date_recurrence,hi_IN,cot,similar_insertion,no_insertion_placebo,False
very_long/date_recurrence_hi_IN/6/no_insertion/direct,date_recurrence,hi_IN,direct,similar_insertion,no_insertion_placebo,False
very_long/date_recurrence_hi_IN/6/similar_insertion/direct,date_recurrence,hi_IN,direct,similar_insertion,inserted,False
very_long/date_recurrence_hi_IN/5/similar_insertion/cot,date_recurrence,hi_IN,cot,similar_insertion,inserted,False
very_long/date_recurrence_hi_IN/7/no_insertion/direct,date_recurrence,hi_IN,direct,similar_insertion,no_insertion_placebo,False
very_long/date_recurrence_hi_IN/6/no_insertion/cot,date_recurrence,hi_IN,cot,similar_insertion,no_insertion_placebo,False
very_long/date_recurrence_hi_IN/7/similar_insertion/direct,date_recurrence,hi_IN,direct,similar_insertion,inserted,False
very_long/date_recurrence_hi_IN/6/similar_insertion/cot,date_recurrence,hi_IN,cot,similar_insertion,inserted,False
very_long/date_recurrence_hi_IN/8/no_insertion/direct,date_recurrence,hi_IN,direct,similar_insertion,no_insertion_placebo,False
very_long/date_recurrence_hi_IN/8/similar_insertion/direct,date_recurrence,hi_IN,direct,similar_insertion,inserted,False
very_long/date_recurrence_hi_IN/8/no_insertion/cot,date_recurrence,hi_IN,cot,similar_insertion,no_insertion_placebo,False
very_long/date_recurrence_hi_IN/7/no_insertion/cot,date_recurrence,hi_IN,cot,similar_insertion,no_insertion_placebo,False
very_long/date_recurrence_hi_IN/9/no_insertion/direct,date_recurrence,hi_IN,direct,similar_insertion,no_insertion_placebo,False
very_long/date_recurrence_hi_IN/9/similar_insertion/direct,date_recurrence,hi_IN,direct,similar_insertion,inserted,False
very_long/date_recurrence_hi_IN/9/similar_insertion/cot,date_recurrence,hi_IN,cot,similar_insertion,inserted,False
very_long/date_recurrence_hi_IN/9/no_insertion/cot,date_recurrence,hi_IN,cot,similar_insertion,no_insertion_placebo,False
very_long/date_recurrence_hi_IN/10/no_insertion/direct,date_recurrence,hi_IN,direct,similar_insertion,no_insertion_placebo,False
very_long/date_recurrence_hi_IN/10/similar_insertion/direct,date_recurrence,hi_IN,direct,similar_insertion,inserted,False
very_long/date_recurrence_hi_IN/8/similar_insertion/cot,date_recurrence,hi_IN,cot,similar_insertion,inserted,False
very_long/date_recurrence_hi_IN/10/similar_insertion/cot,date_recurrence,hi_IN,cot,similar_insertion,inserted,False
very_long/date_recurrence_hi_IN/10/no_insertion/cot,date_recurrence,hi_IN,cot,similar_insertion,no_insertion_placebo,False
very_long/date_recurrence_hi_IN/12/no_insertion/direct,date_recurrence,hi_IN,direct,similar_insertion,no_insertion_placebo,False
very_long/date_recurrence_hi_IN/12/similar_insertion/direct,date_recurrence,hi_IN,direct,similar_insertion,inserted,False
very_long/date_recurrence_hi_IN/13/no_insertion/direct,date_recurrence,hi_IN,direct,similar_insertion,no_insertion_placebo,False
very_long/date_recurrence_hi_IN/12/similar_insertion/cot,date_recurrence,hi_IN,cot,similar_insertion,inserted,False
very_long/date_recurrence_hi_IN/12/no_insertion/cot,date_recurrence,hi_IN,cot,similar_insertion,no_insertion_placebo,False
very_long/date_recurrence_hi_IN/13/similar_insertion/direct,date_recurrence,hi_IN,direct,similar_insertion,inserted,False
very_long/date_recurrence_hi_IN/13/similar_insertion/cot,date_recurrence,hi_IN,cot,similar_insertion,inserted,False
very_long/date_recurrence_hi_IN/13/no_insertion/cot,date_recurrence,hi_IN,cot,similar_insertion,no_insertion_placebo,True
very_long/date_recurrence_hi_IN/15/no_insertion/direct,date_recurrence,hi_IN,direct,similar_insertion,no_insertion_placebo,False
very_long/date_recurrence_hi_IN/15/similar_insertion/direct,date_recurrence,hi_IN,direct,similar_insertion,inserted,False
very_long/date_recurrence_hi_IN/15/no_insertion/cot,date_recurrence,hi_IN,cot,similar_insertion,no_insertion_placebo,False
very_long/date_recurrence_hi_IN/15/similar_insertion/cot,date_recurrence,hi_IN,cot,similar_insertion,inserted,False
very_long/date_recurrence_hi_IN/17/no_insertion/cot,date_recurrence,hi_IN,cot,similar_insertion,no_insertion_placebo,False
very_long/date_recurrence_hi_IN/17/similar_insertion/direct,date_recurrence,hi_IN,direct,similar_insertion,inserted,False
very_long/date_recurrence_hi_IN/17/no_insertion/direct,date_recurrence,hi_IN,direct,similar_insertion,no_insertion_placebo,False
very_long/date_recurrence_hi_IN/18/no_insertion/direct,date_recurrence,hi_IN,direct,similar_insertion,no_insertion_placebo,False
very_long/date_recurrence_hi_IN/18/no_insertion/cot,date_recurrence,hi_IN,cot,similar_insertion,no_insertion_placebo,False
very_long/date_recurrence_hi_IN/17/similar_insertion/cot,date_recurrence,hi_IN,cot,similar_insertion,inserted,False
very_long/date_recurrence_hi_IN/18/similar_insertion/direct,date_recurrence,hi_IN,direct,similar_insertion,inserted,True
very_long/date_recurrence_hi_IN/19/no_insertion/direct,date_recurrence,hi_IN,direct,similar_insertion,no_insertion_placebo,False
very_long/date_recurrence_hi_IN/18/similar_insertion/cot,date_recurrence,hi_IN,cot,similar_insertion,inserted,False
very_long/date_recurrence_hi_IN/19/similar_insertion/direct,date_recurrence,hi_IN,direct,similar_insertion,inserted,False
very_long/date_recurrence_hi_IN/19/similar_insertion/cot,date_recurrence,hi_IN,cot,similar_insertion,inserted,False
very_long/date_recurrence_hi_IN/19/no_insertion/cot,date_recurrence,hi_IN,cot,similar_insertion,no_insertion_placebo,False
very_long/date_recurrence_hi_IN/20/no_insertion/direct,date_recurrence,hi_IN,direct,similar_insertion,no_insertion_placebo,False
very_long/date_recurrence_hi_IN/20/similar_insertion/direct,date_recurrence,hi_IN,direct,similar_insertion,inserted,False
very_long/date_recurrence_hi_IN/21/no_insertion/direct,date_recurrence,hi_IN,direct,similar_insertion,no_insertion_placebo,False
very_long/date_recurrence_hi_IN/21/similar_insertion/direct,date_recurrence,hi_IN,direct,similar_insertion,inserted,False
very_long/date_recurrence_hi_IN/20/similar_insertion/cot,date_recurrence,hi_IN,cot,similar_insertion,inserted,False
very_long/date_recurrence_hi_IN/20/no_insertion/cot,date_recurrence,hi_IN,cot,similar_insertion,no_insertion_placebo,False
very_long/date_recurrence_hi_IN/22/no_insertion/direct,date_recurrence,hi_IN,direct,similar_insertion,no_insertion_placebo,False
very_long/date_recurrence_hi_IN/21/no_insertion/cot,date_recurrence,hi_IN,cot,similar_insertion,no_insertion_placebo,False
very_long/date_recurrence_hi_IN/22/similar_insertion/direct,date_recurrence,hi_IN,direct,similar_insertion,inserted,False
very_long/date_recurrence_hi_IN/21/similar_insertion/cot,date_recurrence,hi_IN,cot,similar_insertion,inserted,False
very_long/date_recurrence_hi_IN/23/no_insertion/direct,date_recurrence,hi_IN,direct,similar_insertion,no_insertion_placebo,False
very_long/date_recurrence_hi_IN/22/no_insertion/cot,date_recurrence,hi_IN,cot,similar_insertion,no_insertion_placebo,False
very_long/date_recurrence_hi_IN/23/similar_insertion/direct,date_recurrence,hi_IN,direct,similar_insertion,inserted,False
very_long/date_recurrence_hi_IN/22/similar_insertion/cot,date_recurrence,hi_IN,cot,similar_insertion,inserted,False
very_long/date_recurrence_hi_IN/23/no_insertion/cot,date_recurrence,hi_IN,cot,similar_insertion,no_insertion_placebo,False
very_long/date_recurrence_hi_IN/24/no_insertion/direct,date_recurrence,hi_IN,direct,similar_insertion,no_insertion_placebo,False
very_long/date_recurrence_hi_IN/24/similar_insertion/direct,date_recurrence,hi_IN,direct,similar_insertion,inserted,True
very_long/date_recurrence_hi_IN/24/no_insertion/cot,date_recurrence,hi_IN,cot,similar_insertion,no_insertion_placebo,False
very_long/date_recurrence_hi_IN/23/similar_insertion/cot,date_recurrence,hi_IN,cot,similar_insertion,inserted,False
very_long/date_recurrence_hi_IN/25/no_insertion/direct,date_recurrence,hi_IN,direct,similar_insertion,no_insertion_placebo,False
very_long/date_recurrence_hi_IN/25/similar_insertion/direct,date_recurrence,hi_IN,direct,similar_insertion,inserted,False
very_long/date_recurrence_hi_IN/24/similar_insertion/cot,date_recurrence,hi_IN,cot,similar_insertion,inserted,False
very_long/date_recurrence_hi_IN/26/no_insertion/direct,date_recurrence,hi_IN,direct,similar_insertion,no_insertion_placebo,False
very_long/date_recurrence_hi_IN/25/no_insertion/cot,date_recurrence,hi_IN,cot,similar_insertion,no_insertion_placebo,False
very_long/date_recurrence_hi_IN/26/similar_insertion/direct,date_recurrence,hi_IN,direct,similar_insertion,inserted,True
very_long/date_recurrence_hi_IN/25/similar_insertion/cot,date_recurrence,hi_IN,cot,similar_insertion,inserted,False
very_long/date_recurrence_hi_IN/27/no_insertion/direct,date_recurrence,hi_IN,direct,similar_insertion,no_insertion_placebo,False
very_long/date_recurrence_hi_IN/27/similar_insertion/direct,date_recurrence,hi_IN,direct,similar_insertion,inserted,True
very_long/date_recurrence_hi_IN/26/no_insertion/cot,date_recurrence,hi_IN,cot,similar_insertion,no_insertion_placebo,False
very_long/date_recurrence_hi_IN/27/similar_insertion/cot,date_recurrence,hi_IN,cot,similar_insertion,inserted,False
very_long/date_recurrence_hi_IN/28/no_insertion/direct,date_recurrence,hi_IN,direct,similar_insertion,no_insertion_placebo,False
very_long/date_recurrence_hi_IN/28/similar_insertion/direct,date_recurrence,hi_IN,direct,similar_insertion,inserted,True
very_long/date_recurrence_hi_IN/29/no_insertion/direct,date_recurrence,hi_IN,direct,similar_insertion,no_insertion_placebo,False
very_long/date_recurrence_hi_IN/28/similar_insertion/cot,date_recurrence,hi_IN,cot,similar_insertion,inserted,False
very_long/date_recurrence_hi_IN/29/similar_insertion/direct,date_recurrence,hi_IN,direct,similar_insertion,inserted,False
very_long/date_recurrence_hi_IN/29/no_insertion/cot,date_recurrence,hi_IN,cot,similar_insertion,no_insertion_placebo,False
very_long/date_recurrence_hi_IN/29/similar_insertion/cot,date_recurrence,hi_IN,cot,similar_insertion,inserted,False
very_long/date_recurrence_hi_IN/30/no_insertion/direct,date_recurrence,hi_IN,direct,similar_insertion,no_insertion_placebo,False
very_long/date_recurrence_hi_IN/30/similar_insertion/direct,date_recurrence,hi_IN,direct,similar_insertion,inserted,False
very_long/date_recurrence_hi_IN/30/similar_insertion/cot,date_recurrence,hi_IN,cot,similar_insertion,inserted,False
very_long/date_recurrence_hi_IN/31/no_insertion/direct,date_recurrence,hi_IN,direct,similar_insertion,no_insertion_placebo,False
very_long/date_recurrence_hi_IN/30/no_insertion/cot,date_recurrence,hi_IN,cot,similar_insertion,no_insertion_placebo,False
very_long/date_recurrence_hi_IN/31/similar_insertion/direct,date_recurrence,hi_IN,direct,similar_insertion,inserted,False
very_long/date_recurrence_hi_IN/31/no_insertion/cot,date_recurrence,hi_IN,cot,similar_insertion,no_insertion_placebo,True
very_long/date_recurrence_hi_IN/31/similar_insertion/cot,date_recurrence,hi_IN,cot,similar_insertion,inserted,False
very_long/date_recurrence_hi_IN/32/no_insertion/direct,date_recurrence,hi_IN,direct,similar_insertion,no_insertion_placebo,False
very_long/date_recurrence_hi_IN/32/similar_insertion/direct,date_recurrence,hi_IN,direct,similar_insertion,inserted,False
very_long/date_recurrence_hi_IN/32/no_insertion/cot,date_recurrence,hi_IN,cot,similar_insertion,no_insertion_placebo,False
very_long/date_recurrence_hi_IN/33/no_insertion/direct,date_recurrence,hi_IN,direct,similar_insertion,no_insertion_placebo,False
very_long/date_recurrence_hi_IN/33/no_insertion/cot,date_recurrence,hi_IN,cot,similar_insertion,no_insertion_placebo,False
very_long/date_recurrence_hi_IN/33/similar_insertion/direct,date_recurrence,hi_IN,direct,similar_insertion,inserted,True
very_long/date_recurrence_hi_IN/32/similar_insertion/cot,date_recurrence,hi_IN,cot,similar_insertion,inserted,False
very_long/date_recurrence_hi_IN/34/no_insertion/direct,date_recurrence,hi_IN,direct,similar_insertion,no_insertion_placebo,False
very_long/date_recurrence_hi_IN/34/similar_insertion/direct,date_recurrence,hi_IN,direct,similar_insertion,inserted,False
very_long/date_recurrence_hi_IN/34/no_insertion/cot,date_recurrence,hi_IN,cot,similar_insertion,no_insertion_placebo,False
very_long/date_recurrence_hi_IN/35/no_insertion/direct,date_recurrence,hi_IN,direct,similar_insertion,no_insertion_placebo,False
very_long/date_recurrence_hi_IN/34/similar_insertion/cot,date_recurrence,hi_IN,cot,similar_insertion,inserted,False
very_long/date_recurrence_hi_IN/35/similar_insertion/direct,date_recurrence,hi_IN,direct,similar_insertion,inserted,True
very_long/date_recurrence_hi_IN/35/no_insertion/cot,date_recurrence,hi_IN,cot,similar_insertion,no_insertion_placebo,False
very_long/date_recurrence_hi_IN/36/no_insertion/direct,date_recurrence,hi_IN,direct,similar_insertion,no_insertion_placebo,False
very_long/date_recurrence_hi_IN/35/similar_insertion/cot,date_recurrence,hi_IN,cot,similar_insertion,inserted,False
very_long/date_recurrence_hi_IN/36/similar_insertion/direct,date_recurrence,hi_IN,direct,similar_insertion,inserted,False
very_long/date_recurrence_hi_IN/36/no_insertion/cot,date_recurrence,hi_IN,cot,similar_insertion,no_insertion_placebo,False
very_long/date_recurrence_hi_IN/37/no_insertion/direct,date_recurrence,hi_IN,direct,similar_insertion,no_insertion_placebo,False
very_long/date_recurrence_hi_IN/36/similar_insertion/cot,date_recurrence,hi_IN,cot,similar_insertion,inserted,False
very_long/date_recurrence_hi_IN/37/similar_insertion/direct,date_recurrence,hi_IN,direct,similar_insertion,inserted,False
very_long/date_recurrence_hi_IN/37/similar_insertion/cot,date_recurrence,hi_IN,cot,similar_insertion,inserted,True
very_long/date_recurrence_hi_IN/37/no_insertion/cot,date_recurrence,hi_IN,cot,similar_insertion,no_insertion_placebo,True
very_long/date_recurrence_hi_IN/38/no_insertion/direct,date_recurrence,hi_IN,direct,similar_insertion,no_insertion_placebo,False
very_long/date_recurrence_hi_IN/38/similar_insertion/direct,date_recurrence,hi_IN,direct,similar_insertion,inserted,False
very_long/date_recurrence_hi_IN/39/no_insertion/direct,date_recurrence,hi_IN,direct,similar_insertion,no_insertion_placebo,False
very_long/date_recurrence_hi_IN/38/similar_insertion/cot,date_recurrence,hi_IN,cot,similar_insertion,inserted,False
very_long/date_recurrence_hi_IN/39/similar_insertion/direct,date_recurrence,hi_IN,direct,similar_insertion,inserted,True
very_long/date_recurrence_hi_IN/38/no_insertion/cot,date_recurrence,hi_IN,cot,similar_insertion,no_insertion_placebo,False
very_long/date_recurrence_hi_IN/40/no_insertion/direct,date_recurrence,hi_IN,direct,similar_insertion,no_insertion_placebo,False
very_long/date_recurrence_hi_IN/39/no_insertion/cot,date_recurrence,hi_IN,cot,similar_insertion,no_insertion_placebo,False
very_long/date_recurrence_hi_IN/40/similar_insertion/direct,date_recurrence,hi_IN,direct,similar_insertion,inserted,False
very_long/date_recurrence_hi_IN/39/similar_insertion/cot,date_recurrence,hi_IN,cot,similar_insertion,inserted,False
very_long/date_recurrence_hi_IN/41/no_insertion/direct,date_recurrence,hi_IN,direct,similar_insertion,no_insertion_placebo,False
very_long/date_recurrence_hi_IN/40/similar_insertion/cot,date_recurrence,hi_IN,cot,similar_insertion,inserted,False
very_long/date_recurrence_hi_IN/41/similar_insertion/direct,date_recurrence,hi_IN,direct,similar_insertion,inserted,False
very_long/date_recurrence_hi_IN/41/similar_insertion/cot,date_recurrence,hi_IN,cot,similar_insertion,inserted,False
very_long/date_recurrence_hi_IN/41/no_insertion/cot,date_recurrence,hi_IN,cot,similar_insertion,no_insertion_placebo,False
very_long/date_recurrence_hi_IN/42/no_insertion/direct,date_recurrence,hi_IN,direct,similar_insertion,no_insertion_placebo,False
very_long/date_recurrence_hi_IN/42/similar_insertion/direct,date_recurrence,hi_IN,direct,similar_insertion,inserted,True
very_long/date_recurrence_hi_IN/40/no_insertion/cot,date_recurrence,hi_IN,cot,similar_insertion,no_insertion_placebo,False
very_long/date_recurrence_hi_IN/42/no_insertion/cot,date_recurrence,hi_IN,cot,similar_insertion,no_insertion_placebo,False
very_long/date_recurrence_hi_IN/44/no_insertion/direct,date_recurrence,hi_IN,direct,similar_insertion,no_insertion_placebo,False
very_long/date_recurrence_hi_IN/44/similar_insertion/direct,date_recurrence,hi_IN,direct,similar_insertion,inserted,False
very_long/date_recurrence_hi_IN/42/similar_insertion/cot,date_recurrence,hi_IN,cot,similar_insertion,inserted,False
very_long/date_recurrence_hi_IN/45/no_insertion/direct,date_recurrence,hi_IN,direct,similar_insertion,no_insertion_placebo,False
very_long/date_recurrence_hi_IN/45/similar_insertion/direct,date_recurrence,hi_IN,direct,similar_insertion,inserted,False
very_long/date_recurrence_hi_IN/44/similar_insertion/cot,date_recurrence,hi_IN,cot,similar_insertion,inserted,False
very_long/date_recurrence_hi_IN/46/no_insertion/direct,date_recurrence,hi_IN,direct,similar_insertion,no_insertion_placebo,True
very_long/date_recurrence_hi_IN/45/similar_insertion/cot,date_recurrence,hi_IN,cot,similar_insertion,inserted,False
very_long/date_recurrence_hi_IN/45/no_insertion/cot,date_recurrence,hi_IN,cot,similar_insertion,no_insertion_placebo,False
very_long/date_recurrence_hi_IN/46/similar_insertion/direct,date_recurrence,hi_IN,direct,similar_insertion,inserted,False
very_long/date_recurrence_hi_IN/47/no_insertion/direct,date_recurrence,hi_IN,direct,similar_insertion,no_insertion_placebo,False
very_long/date_recurrence_hi_IN/46/no_insertion/cot,date_recurrence,hi_IN,cot,similar_insertion,no_insertion_placebo,False
very_long/date_recurrence_hi_IN/46/similar_insertion/cot,date_recurrence,hi_IN,cot,similar_insertion,inserted,False
very_long/date_recurrence_hi_IN/47/similar_insertion/direct,date_recurrence,hi_IN,direct,similar_insertion,inserted,True
very_long/date_recurrence_hi_IN/47/no_insertion/cot,date_recurrence,hi_IN,cot,similar_insertion,no_insertion_placebo,False
very_long/date_recurrence_hi_IN/48/no_insertion/direct,date_recurrence,hi_IN,direct,similar_insertion,no_insertion_placebo,False
very_long/date_recurrence_hi_IN/48/similar_insertion/direct,date_recurrence,hi_IN,direct,similar_insertion,inserted,True
very_long/date_recurrence_hi_IN/47/similar_insertion/cot,date_recurrence,hi_IN,cot,similar_insertion,inserted,False
very_long/date_recurrence_hi_IN/48/no_insertion/cot,date_recurrence,hi_IN,cot,similar_insertion,no_insertion_placebo,False
very_long/date_recurrence_hi_IN/49/no_insertion/direct,date_recurrence,hi_IN,direct,similar_insertion,no_insertion_placebo,False
very_long/date_recurrence_hi_IN/49/similar_insertion/direct,date_recurrence,hi_IN,direct,similar_insertion,inserted,False
very_long/date_recurrence_hi_IN/48/similar_insertion/cot,date_recurrence,hi_IN,cot,similar_insertion,inserted,False
very_long/date_recurrence_hi_IN/49/no_insertion/cot,date_recurrence,hi_IN,cot,similar_insertion,no_insertion_placebo,False
very_long/date_recurrence_hi_IN/50/no_insertion/direct,date_recurrence,hi_IN,direct,similar_insertion,no_insertion_placebo,False
very_long/date_recurrence_hi_IN/50/similar_insertion/direct,date_recurrence,hi_IN,direct,similar_insertion,inserted,False
very_long/date_recurrence_hi_IN/49/similar_insertion/cot,date_recurrence,hi_IN,cot,similar_insertion,inserted,False
very_long/date_recurrence_hi_IN/51/no_insertion/direct,date_recurrence,hi_IN,direct,similar_insertion,no_insertion_placebo,False
very_long/date_recurrence_hi_IN/50/similar_insertion/cot,date_recurrence,hi_IN,cot,similar_insertion,inserted,False
very_long/date_recurrence_hi_IN/50/no_insertion/cot,date_recurrence,hi_IN,cot,similar_insertion,no_insertion_placebo,False
very_long/date_recurrence_hi_IN/51/similar_insertion/direct,date_recurrence,hi_IN,direct,similar_insertion,inserted,False
very_long/date_recurrence_hi_IN/51/no_insertion/cot,date_recurrence,hi_IN,cot,similar_insertion,no_insertion_placebo,False
very_long/date_recurrence_hi_IN/51/similar_insertion/cot,date_recurrence,hi_IN,cot,similar_insertion,inserted,False
very_long/date_recurrence_hi_IN/52/no_insertion/direct,date_recurrence,hi_IN,direct,similar_insertion,no_insertion_placebo,False
very_long/date_recurrence_hi_IN/52/similar_insertion/direct,date_recurrence,hi_IN,direct,similar_insertion,inserted,False
very_long/date_recurrence_hi_IN/53/no_insertion/direct,date_recurrence,hi_IN,direct,similar_insertion,no_insertion_placebo,False
very_long/date_recurrence_hi_IN/52/similar_insertion/cot,date_recurrence,hi_IN,cot,similar_insertion,inserted,False
very_long/date_recurrence_hi_IN/53/similar_insertion/direct,date_recurrence,hi_IN,direct,similar_insertion,inserted,True
very_long/date_recurrence_hi_IN/52/no_insertion/cot,date_recurrence,hi_IN,cot,similar_insertion,no_insertion_placebo,False
very_long/date_recurrence_hi_IN/53/no_insertion/cot,date_recurrence,hi_IN,cot,similar_insertion,no_insertion_placebo,False
very_long/date_recurrence_hi_IN/53/similar_insertion/cot,date_recurrence,hi_IN,cot,similar_insertion,inserted,False
very_long/date_recurrence_hi_IN/54/similar_insertion/direct,date_recurrence,hi_IN,direct,similar_insertion,inserted,True
very_long/date_recurrence_hi_IN/54/no_insertion/direct,date_recurrence,hi_IN,direct,similar_insertion,no_insertion_placebo,False
very_long/date_recurrence_hi_IN/54/similar_insertion/cot,date_recurrence,hi_IN,cot,similar_insertion,inserted,False
very_long/date_recurrence_hi_IN/55/no_insertion/direct,date_recurrence,hi_IN,direct,similar_insertion,no_insertion_placebo,False
very_long/date_recurrence_hi_IN/55/similar_insertion/direct,date_recurrence,hi_IN,direct,similar_insertion,inserted,False
very_long/date_recurrence_hi_IN/55/similar_insertion/cot,date_recurrence,hi_IN,cot,similar_insertion,inserted,False
very_long/date_recurrence_hi_IN/56/no_insertion/direct,date_recurrence,hi_IN,direct,similar_insertion,no_insertion_placebo,False
very_long/date_recurrence_hi_IN/55/no_insertion/cot,date_recurrence,hi_IN,cot,similar_insertion,no_insertion_placebo,False
very_long/date_recurrence_hi_IN/56/similar_insertion/direct,date_recurrence,hi_IN,direct,similar_insertion,inserted,False
very_long/date_recurrence_hi_IN/56/no_insertion/cot,date_recurrence,hi_IN,cot,similar_insertion,no_insertion_placebo,False
very_long/date_recurrence_hi_IN/57/no_insertion/direct,date_recurrence,hi_IN,direct,similar_insertion,no_insertion_placebo,False
very_long/date_recurrence_hi_IN/54/no_insertion/cot,date_recurrence,hi_IN,cot,similar_insertion,no_insertion_placebo,False
very_long/date_recurrence_hi_IN/57/similar_insertion/direct,date_recurrence,hi_IN,direct,similar_insertion,inserted,False
very_long/date_recurrence_hi_IN/56/similar_insertion/cot,date_recurrence,hi_IN,cot,similar_insertion,inserted,False
very_long/date_recurrence_hi_IN/57/similar_insertion/cot,date_recurrence,hi_IN,cot,similar_insertion,inserted,False
very_long/date_recurrence_hi_IN/57/no_insertion/cot,date_recurrence,hi_IN,cot,similar_insertion,no_insertion_placebo,False
very_long/date_recurrence_hi_IN/59/no_insertion/direct,date_recurrence,hi_IN,direct,similar_insertion,no_insertion_placebo,False
very_long/date_recurrence_hi_IN/59/similar_insertion/direct,date_recurrence,hi_IN,direct,similar_insertion,inserted,False
very_long/date_recurrence_hi_IN/59/no_insertion/cot,date_recurrence,hi_IN,cot,similar_insertion,no_insertion_placebo,False
very_long/date_recurrence_hi_IN/61/no_insertion/direct,date_recurrence,hi_IN,direct,similar_insertion,no_insertion_placebo,False
very_long/date_recurrence_hi_IN/61/similar_insertion/direct,date_recurrence,hi_IN,direct,similar_insertion,inserted,False
very_long/date_recurrence_hi_IN/61/similar_insertion/cot,date_recurrence,hi_IN,cot,similar_insertion,inserted,False
very_long/date_recurrence_hi_IN/62/no_insertion/direct,date_recurrence,hi_IN,direct,similar_insertion,no_insertion_placebo,False
very_long/date_recurrence_hi_IN/62/similar_insertion/direct,date_recurrence,hi_IN,direct,similar_insertion,inserted,False
very_long/date_recurrence_hi_IN/61/no_insertion/cot,date_recurrence,hi_IN,cot,similar_insertion,no_insertion_placebo,False
very_long/date_recurrence_hi_IN/62/similar_insertion/cot,date_recurrence,hi_IN,cot,similar_insertion,inserted,False
very_long/date_recurrence_hi_IN/63/no_insertion/direct,date_recurrence,hi_IN,direct,similar_insertion,no_insertion_placebo,False
very_long/date_recurrence_hi_IN/63/similar_insertion/direct,date_recurrence,hi_IN,direct,similar_insertion,inserted,False
very_long/date_recurrence_hi_IN/62/no_insertion/cot,date_recurrence,hi_IN,cot,similar_insertion,no_insertion_placebo,False
very_long/date_recurrence_hi_IN/64/no_insertion/direct,date_recurrence,hi_IN,direct,similar_insertion,no_insertion_placebo,False
very_long/date_recurrence_hi_IN/63/similar_insertion/cot,date_recurrence,hi_IN,cot,similar_insertion,inserted,False
very_long/date_recurrence_hi_IN/63/no_insertion/cot,date_recurrence,hi_IN,cot,similar_insertion,no_insertion_placebo,False
very_long/date_recurrence_hi_IN/64/similar_insertion/direct,date_recurrence,hi_IN,direct,similar_insertion,inserted,False
very_long/date_recurrence_hi_IN/65/no_insertion/direct,date_recurrence,hi_IN,direct,similar_insertion,no_insertion_placebo,False
very_long/date_recurrence_hi_IN/65/similar_insertion/direct,date_recurrence,hi_IN,direct,similar_insertion,inserted,False
very_long/date_recurrence_hi_IN/64/similar_insertion/cot,date_recurrence,hi_IN,cot,similar_insertion,inserted,False
very_long/date_recurrence_hi_IN/66/no_insertion/direct,date_recurrence,hi_IN,direct,similar_insertion,no_insertion_placebo,False
very_long/date_recurrence_hi_IN/64/no_insertion/cot,date_recurrence,hi_IN,cot,similar_insertion,no_insertion_placebo,False
very_long/date_recurrence_hi_IN/66/similar_insertion/direct,date_recurrence,hi_IN,direct,similar_insertion,inserted,False
very_long/date_recurrence_hi_IN/65/similar_insertion/cot,date_recurrence,hi_IN,cot,similar_insertion,inserted,False
very_long/date_recurrence_hi_IN/65/no_insertion/cot,date_recurrence,hi_IN,cot,similar_insertion,no_insertion_placebo,False
very_long/date_recurrence_hi_IN/66/no_insertion/cot,date_recurrence,hi_IN,cot,similar_insertion,no_insertion_placebo,False
very_long/date_recurrence_hi_IN/66/similar_insertion/cot,date_recurrence,hi_IN,cot,similar_insertion,inserted,False
very_long/date_recurrence_hi_IN/69/similar_insertion/direct,date_recurrence,hi_IN,direct,similar_insertion,inserted,False
very_long/date_recurrence_hi_IN/69/no_insertion/direct,date_recurrence,hi_IN,direct,similar_insertion,no_insertion_placebo,False
very_long/date_recurrence_hi_IN/70/no_insertion/direct,date_recurrence,hi_IN,direct,similar_insertion,no_insertion_placebo,False
very_long/date_recurrence_hi_IN/69/no_insertion/cot,date_recurrence,hi_IN,cot,similar_insertion,no_insertion_placebo,False
very_long/date_recurrence_hi_IN/70/similar_insertion/direct,date_recurrence,hi_IN,direct,similar_insertion,inserted,False
very_long/date_recurrence_hi_IN/72/no_insertion/direct,date_recurrence,hi_IN,direct,similar_insertion,no_insertion_placebo,False
very_long/date_recurrence_hi_IN/72/similar_insertion/direct,date_recurrence,hi_IN,direct,similar_insertion,inserted,False
very_long/date_recurrence_hi_IN/72/no_insertion/cot,date_recurrence,hi_IN,cot,similar_insertion,no_insertion_placebo,False
very_long/date_recurrence_hi_IN/73/no_insertion/direct,date_recurrence,hi_IN,direct,similar_insertion,no_insertion_placebo,False
very_long/date_recurrence_hi_IN/73/similar_insertion/direct,date_recurrence,hi_IN,direct,similar_insertion,inserted,False
very_long/date_recurrence_hi_IN/73/no_insertion/cot,date_recurrence,hi_IN,cot,similar_insertion,no_insertion_placebo,False
very_long/date_recurrence_hi_IN/73/similar_insertion/cot,date_recurrence,hi_IN,cot,similar_insertion,inserted,True
very_long/date_recurrence_hi_IN/75/no_insertion/direct,date_recurrence,hi_IN,direct,similar_insertion,no_insertion_placebo,False
very_long/date_recurrence_hi_IN/75/similar_insertion/direct,date_recurrence,hi_IN,direct,similar_insertion,inserted,False
very_long/date_recurrence_hi_IN/75/no_insertion/cot,date_recurrence,hi_IN,cot,similar_insertion,no_insertion_placebo,False
very_long/date_recurrence_hi_IN/76/no_insertion/direct,date_recurrence,hi_IN,direct,similar_insertion,no_insertion_placebo,False
very_long/date_recurrence_hi_IN/75/similar_insertion/cot,date_recurrence,hi_IN,cot,similar_insertion,inserted,False
very_long/date_recurrence_hi_IN/76/similar_insertion/direct,date_recurrence,hi_IN,direct,similar_insertion,inserted,True
very_long/date_recurrence_hi_IN/76/no_insertion/cot,date_recurrence,hi_IN,cot,similar_insertion,no_insertion_placebo,False
very_long/date_recurrence_hi_IN/77/no_insertion/direct,date_recurrence,hi_IN,direct,similar_insertion,no_insertion_placebo,False
very_long/date_recurrence_hi_IN/76/similar_insertion/cot,date_recurrence,hi_IN,cot,similar_insertion,inserted,False
very_long/date_recurrence_hi_IN/77/similar_insertion/direct,date_recurrence,hi_IN,direct,similar_insertion,inserted,False
very_long/date_recurrence_hi_IN/77/no_insertion/cot,date_recurrence,hi_IN,cot,similar_insertion,no_insertion_placebo,False
very_long/date_recurrence_hi_IN/77/similar_insertion/cot,date_recurrence,hi_IN,cot,similar_insertion,inserted,False
very_long/date_recurrence_hi_IN/78/no_insertion/direct,date_recurrence,hi_IN,direct,similar_insertion,no_insertion_placebo,False
very_long/date_recurrence_hi_IN/78/similar_insertion/direct,date_recurrence,hi_IN,direct,similar_insertion,inserted,False
very_long/date_recurrence_hi_IN/79/no_insertion/direct,date_recurrence,hi_IN,direct,similar_insertion,no_insertion_placebo,False
very_long/date_recurrence_hi_IN/78/similar_insertion/cot,date_recurrence,hi_IN,cot,similar_insertion,inserted,False
very_long/date_recurrence_hi_IN/79/similar_insertion/direct,date_recurrence,hi_IN,direct,similar_insertion,inserted,False
very_long/date_recurrence_hi_IN/78/no_insertion/cot,date_recurrence,hi_IN,cot,similar_insertion,no_insertion_placebo,False
very_long/date_recurrence_hi_IN/80/no_insertion/direct,date_recurrence,hi_IN,direct,similar_insertion,no_insertion_placebo,False
very_long/date_recurrence_hi_IN/79/no_insertion/cot,date_recurrence,hi_IN,cot,similar_insertion,no_insertion_placebo,False
very_long/date_recurrence_hi_IN/80/similar_insertion/direct,date_recurrence,hi_IN,direct,similar_insertion,inserted,False
very_long/date_recurrence_hi_IN/79/similar_insertion/cot,date_recurrence,hi_IN,cot,similar_insertion,inserted,False
very_long/date_recurrence_hi_IN/80/no_insertion/cot,date_recurrence,hi_IN,cot,similar_insertion,no_insertion_placebo,False
very_long/date_recurrence_hi_IN/81/no_insertion/direct,date_recurrence,hi_IN,direct,similar_insertion,no_insertion_placebo,False
very_long/date_recurrence_hi_IN/81/similar_insertion/direct,date_recurrence,hi_IN,direct,similar_insertion,inserted,False
very_long/date_recurrence_hi_IN/80/similar_insertion/cot,date_recurrence,hi_IN,cot,similar_insertion,inserted,False
very_long/date_recurrence_hi_IN/81/no_insertion/cot,date_recurrence,hi_IN,cot,similar_insertion,no_insertion_placebo,False
very_long/date_recurrence_hi_IN/81/similar_insertion/cot,date_recurrence,hi_IN,cot,similar_insertion,inserted,False
very_long/date_recurrence_hi_IN/82/no_insertion/direct,date_recurrence,hi_IN,direct,similar_insertion,no_insertion_placebo,False
very_long/date_recurrence_hi_IN/82/similar_insertion/direct,date_recurrence,hi_IN,direct,similar_insertion,inserted,False
very_long/date_recurrence_hi_IN/82/no_insertion/cot,date_recurrence,hi_IN,cot,similar_insertion,no_insertion_placebo,False
very_long/date_recurrence_hi_IN/83/no_insertion/direct,date_recurrence,hi_IN,direct,similar_insertion,no_insertion_placebo,False
very_long/date_recurrence_hi_IN/83/similar_insertion/direct,date_recurrence,hi_IN,direct,similar_insertion,inserted,False
very_long/date_recurrence_hi_IN/82/similar_insertion/cot,date_recurrence,hi_IN,cot,similar_insertion,inserted,False
very_long/date_recurrence_hi_IN/83/similar_insertion/cot,date_recurrence,hi_IN,cot,similar_insertion,inserted,False
very_long/date_recurrence_hi_IN/85/no_insertion/direct,date_recurrence,hi_IN,direct,similar_insertion,no_insertion_placebo,False
very_long/date_recurrence_hi_IN/85/similar_insertion/direct,date_recurrence,hi_IN,direct,similar_insertion,inserted,False
very_long/date_recurrence_hi_IN/85/no_insertion/cot,date_recurrence,hi_IN,cot,similar_insertion,no_insertion_placebo,False
very_long/date_recurrence_hi_IN/86/no_insertion/direct,date_recurrence,hi_IN,direct,similar_insertion,no_insertion_placebo,True
very_long/date_recurrence_hi_IN/85/similar_insertion/cot,date_recurrence,hi_IN,cot,similar_insertion,inserted,False
very_long/date_recurrence_hi_IN/86/similar_insertion/direct,date_recurrence,hi_IN,direct,similar_insertion,inserted,False
very_long/date_recurrence_hi_IN/86/similar_insertion/cot,date_recurrence,hi_IN,cot,similar_insertion,inserted,False
very_long/date_recurrence_hi_IN/86/no_insertion/cot,date_recurrence,hi_IN,cot,similar_insertion,no_insertion_placebo,False
very_long/date_recurrence_hi_IN/88/no_insertion/direct,date_recurrence,hi_IN,direct,similar_insertion,no_insertion_placebo,False
very_long/date_recurrence_hi_IN/88/similar_insertion/direct,date_recurrence,hi_IN,direct,similar_insertion,inserted,False
very_long/date_recurrence_hi_IN/88/no_insertion/cot,date_recurrence,hi_IN,cot,similar_insertion,no_insertion_placebo,False
very_long/date_recurrence_hi_IN/89/no_insertion/direct,date_recurrence,hi_IN,direct,similar_insertion,no_insertion_placebo,False
very_long/date_recurrence_hi_IN/89/similar_insertion/direct,date_recurrence,hi_IN,direct,similar_insertion,inserted,False
very_long/date_recurrence_hi_IN/88/similar_insertion/cot,date_recurrence,hi_IN,cot,similar_insertion,inserted,False
very_long/date_recurrence_hi_IN/89/no_insertion/cot,date_recurrence,hi_IN,cot,similar_insertion,no_insertion_placebo,False
very_long/date_recurrence_hi_IN/90/no_insertion/direct,date_recurrence,hi_IN,direct,similar_insertion,no_insertion_placebo,False
very_long/date_recurrence_hi_IN/89/similar_insertion/cot,date_recurrence,hi_IN,cot,similar_insertion,inserted,False
very_long/date_recurrence_hi_IN/90/similar_insertion/direct,date_recurrence,hi_IN,direct,similar_insertion,inserted,True
very_long/date_recurrence_hi_IN/90/no_insertion/cot,date_recurrence,hi_IN,cot,similar_insertion,no_insertion_placebo,False
very_long/date_recurrence_hi_IN/90/similar_insertion/cot,date_recurrence,hi_IN,cot,similar_insertion,inserted,False
very_long/date_recurrence_hi_IN/92/no_insertion/direct,date_recurrence,hi_IN,direct,similar_insertion,no_insertion_placebo,False
very_long/date_recurrence_hi_IN/92/similar_insertion/direct,date_recurrence,hi_IN,direct,similar_insertion,inserted,False
very_long/date_recurrence_hi_IN/93/no_insertion/direct,date_recurrence,hi_IN,direct,similar_insertion,no_insertion_placebo,True
very_long/date_recurrence_hi_IN/92/similar_insertion/cot,date_recurrence,hi_IN,cot,similar_insertion,inserted,False
very_long/date_recurrence_hi_IN/93/similar_insertion/direct,date_recurrence,hi_IN,direct,similar_insertion,inserted,True
very_long/date_recurrence_hi_IN/94/no_insertion/direct,date_recurrence,hi_IN,direct,similar_insertion,no_insertion_placebo,False
very_long/date_recurrence_hi_IN/93/no_insertion/cot,date_recurrence,hi_IN,cot,similar_insertion,no_insertion_placebo,False
very_long/date_recurrence_hi_IN/93/similar_insertion/cot,date_recurrence,hi_IN,cot,similar_insertion,inserted,False
very_long/date_recurrence_hi_IN/94/similar_insertion/direct,date_recurrence,hi_IN,direct,similar_insertion,inserted,False
very_long/date_recurrence_hi_IN/94/no_insertion/cot,date_recurrence,hi_IN,cot,similar_insertion,no_insertion_placebo,True
very_long/date_recurrence_hi_IN/94/similar_insertion/cot,date_recurrence,hi_IN,cot,similar_insertion,inserted,True
very_long/date_recurrence_hi_IN/95/no_insertion/direct,date_recurrence,hi_IN,direct,similar_insertion,no_insertion_placebo,False
very_long/date_recurrence_hi_IN/95/similar_insertion/direct,date_recurrence,hi_IN,direct,similar_insertion,inserted,False
very_long/date_recurrence_hi_IN/95/no_insertion/cot,date_recurrence,hi_IN,cot,similar_insertion,no_insertion_placebo,False
very_long/date_recurrence_hi_IN/96/no_insertion/direct,date_recurrence,hi_IN,direct,similar_insertion,no_insertion_placebo,False
very_long/date_recurrence_hi_IN/95/similar_insertion/cot,date_recurrence,hi_IN,cot,similar_insertion,inserted,False
very_long/date_recurrence_hi_IN/96/similar_insertion/direct,date_recurrence,hi_IN,direct,similar_insertion,inserted,False
very_long/date_recurrence_hi_IN/96/no_insertion/cot,date_recurrence,hi_IN,cot,similar_insertion,no_insertion_placebo,False
very_long/date_recurrence_hi_IN/98/no_insertion/direct,date_recurrence,hi_IN,direct,similar_insertion,no_insertion_placebo,True
very_long/date_recurrence_hi_IN/98/similar_insertion/direct,date_recurrence,hi_IN,direct,similar_insertion,inserted,False
very_long/date_recurrence_hi_IN/96/similar_insertion/cot,date_recurrence,hi_IN,cot,similar_insertion,inserted,False
very_long/date_recurrence_hi_IN/98/no_insertion/cot,date_recurrence,hi_IN,cot,similar_insertion,no_insertion_placebo,False
very_long/date_recurrence_hi_IN/99/no_insertion/direct,date_recurrence,hi_IN,direct,similar_insertion,no_insertion_placebo,False
very_long/date_recurrence_hi_IN/98/similar_insertion/cot,date_recurrence,hi_IN,cot,similar_insertion,inserted,True
very_long/date_recurrence_hi_IN/99/similar_insertion/direct,date_recurrence,hi_IN,direct,similar_insertion,inserted,False
very_long/date_recurrence_hi_IN/99/similar_insertion/cot,date_recurrence,hi_IN,cot,similar_insertion,inserted,False
very_long/date_recurrence_hi_IN/100/no_insertion/direct,date_recurrence,hi_IN,direct,similar_insertion,no_insertion_placebo,True
very_long/date_recurrence_hi_IN/100/similar_insertion/direct,date_recurrence,hi_IN,direct,similar_insertion,inserted,True
very_long/date_recurrence_hi_IN/99/no_insertion/cot,date_recurrence,hi_IN,cot,similar_insertion,no_insertion_placebo,False
very_long/date_recurrence_hi_IN/100/no_insertion/cot,date_recurrence,hi_IN,cot,similar_insertion,no_insertion_placebo,False
very_long/date_recurrence_hi_IN/100/similar_insertion/cot,date_recurrence,hi_IN,cot,similar_insertion,inserted,False
very_long/date_recurrence_hi_IN/102/no_insertion/direct,date_recurrence,hi_IN,direct,similar_insertion,no_insertion_placebo,False
very_long/date_recurrence_hi_IN/102/no_insertion/cot,date_recurrence,hi_IN,cot,similar_insertion,no_insertion_placebo,False
very_long/date_recurrence_hi_IN/102/similar_insertion/direct,date_recurrence,hi_IN,direct,similar_insertion,inserted,False
very_long/date_recurrence_hi_IN/102/similar_insertion/cot,date_recurrence,hi_IN,cot,similar_insertion,inserted,False
very_long/date_recurrence_hi_IN/104/no_insertion/direct,date_recurrence,hi_IN,direct,similar_insertion,no_insertion_placebo,False
very_long/date_recurrence_hi_IN/104/similar_insertion/direct,date_recurrence,hi_IN,direct,similar_insertion,inserted,False
very_long/date_recurrence_hi_IN/104/no_insertion/cot,date_recurrence,hi_IN,cot,similar_insertion,no_insertion_placebo,False
very_long/date_recurrence_hi_IN/105/no_insertion/direct,date_recurrence,hi_IN,direct,similar_insertion,no_insertion_placebo,False
very_long/date_recurrence_hi_IN/105/similar_insertion/direct,date_recurrence,hi_IN,direct,similar_insertion,inserted,False
very_long/date_recurrence_hi_IN/104/similar_insertion/cot,date_recurrence,hi_IN,cot,similar_insertion,inserted,False
very_long/date_recurrence_hi_IN/106/no_insertion/direct,date_recurrence,hi_IN,direct,similar_insertion,no_insertion_placebo,False
very_long/date_recurrence_hi_IN/105/similar_insertion/cot,date_recurrence,hi_IN,cot,similar_insertion,inserted,True
very_long/date_recurrence_hi_IN/105/no_insertion/cot,date_recurrence,hi_IN,cot,similar_insertion,no_insertion_placebo,False
very_long/date_recurrence_hi_IN/106/no_insertion/cot,date_recurrence,hi_IN,cot,similar_insertion,no_insertion_placebo,False
very_long/date_recurrence_hi_IN/107/no_insertion/direct,date_recurrence,hi_IN,direct,similar_insertion,no_insertion_placebo,False
very_long/date_recurrence_hi_IN/106/similar_insertion/cot,date_recurrence,hi_IN,cot,similar_insertion,inserted,False
very_long/date_recurrence_hi_IN/106/similar_insertion/direct,date_recurrence,hi_IN,direct,similar_insertion,inserted,False
very_long/date_recurrence_hi_IN/107/similar_insertion/direct,date_recurrence,hi_IN,direct,similar_insertion,inserted,False
very_long/date_recurrence_hi_IN/107/no_insertion/cot,date_recurrence,hi_IN,cot,similar_insertion,no_insertion_placebo,False
very_long/date_recurrence_hi_IN/108/no_insertion/direct,date_recurrence,hi_IN,direct,similar_insertion,no_insertion_placebo,False
very_long/date_recurrence_hi_IN/107/similar_insertion/cot,date_recurrence,hi_IN,cot,similar_insertion,inserted,False
very_long/date_recurrence_hi_IN/108/similar_insertion/direct,date_recurrence,hi_IN,direct,similar_insertion,inserted,False
very_long/date_recurrence_hi_IN/108/no_insertion/cot,date_recurrence,hi_IN,cot,similar_insertion,no_insertion_placebo,False
very_long/date_recurrence_hi_IN/108/similar_insertion/cot,date_recurrence,hi_IN,cot,similar_insertion,inserted,False
very_long/date_recurrence_hi_IN/111/no_insertion/direct,date_recurrence,hi_IN,direct,similar_insertion,no_insertion_placebo,False
very_long/date_recurrence_hi_IN/111/no_insertion/cot,date_recurrence,hi_IN,cot,similar_insertion,no_insertion_placebo,False
very_long/date_recurrence_hi_IN/111/similar_insertion/direct,date_recurrence,hi_IN,direct,similar_insertion,inserted,False
very_long/date_recurrence_hi_IN/112/no_insertion/direct,date_recurrence,hi_IN,direct,similar_insertion,no_insertion_placebo,False
very_long/date_recurrence_hi_IN/112/similar_insertion/direct,date_recurrence,hi_IN,direct,similar_insertion,inserted,False
very_long/date_recurrence_hi_IN/111/similar_insertion/cot,date_recurrence,hi_IN,cot,similar_insertion,inserted,False
very_long/date_recurrence_hi_IN/113/no_insertion/direct,date_recurrence,hi_IN,direct,similar_insertion,no_insertion_placebo,False
very_long/date_recurrence_hi_IN/113/similar_insertion/direct,date_recurrence,hi_IN,direct,similar_insertion,inserted,False
very_long/date_recurrence_hi_IN/112/no_insertion/cot,date_recurrence,hi_IN,cot,similar_insertion,no_insertion_placebo,True
very_long/date_recurrence_hi_IN/114/no_insertion/direct,date_recurrence,hi_IN,direct,similar_insertion,no_insertion_placebo,False
very_long/date_recurrence_hi_IN/113/similar_insertion/cot,date_recurrence,hi_IN,cot,similar_insertion,inserted,False
very_long/date_recurrence_hi_IN/113/no_insertion/cot,date_recurrence,hi_IN,cot,similar_insertion,no_insertion_placebo,False
very_long/date_recurrence_hi_IN/114/similar_insertion/direct,date_recurrence,hi_IN,direct,similar_insertion,inserted,False
very_long/date_recurrence_hi_IN/115/no_insertion/direct,date_recurrence,hi_IN,direct,similar_insertion,no_insertion_placebo,False
very_long/date_recurrence_hi_IN/115/similar_insertion/direct,date_recurrence,hi_IN,direct,similar_insertion,inserted,False
very_long/date_recurrence_hi_IN/115/no_insertion/cot,date_recurrence,hi_IN,cot,similar_insertion,no_insertion_placebo,False
very_long/date_recurrence_hi_IN/116/no_insertion/direct,date_recurrence,hi_IN,direct,similar_insertion,no_insertion_placebo,False
very_long/date_recurrence_hi_IN/115/similar_insertion/cot,date_recurrence,hi_IN,cot,similar_insertion,inserted,False
very_long/date_recurrence_hi_IN/114/similar_insertion/cot,date_recurrence,hi_IN,cot,similar_insertion,inserted,False
very_long/date_recurrence_hi_IN/116/similar_insertion/direct,date_recurrence,hi_IN,direct,similar_insertion,inserted,False
very_long/date_recurrence_hi_IN/117/no_insertion/direct,date_recurrence,hi_IN,direct,similar_insertion,no_insertion_placebo,False
very_long/date_recurrence_hi_IN/116/similar_insertion/cot,date_recurrence,hi_IN,cot,similar_insertion,inserted,False
very_long/date_recurrence_hi_IN/116/no_insertion/cot,date_recurrence,hi_IN,cot,similar_insertion,no_insertion_placebo,False
very_long/date_recurrence_hi_IN/117/similar_insertion/direct,date_recurrence,hi_IN,direct,similar_insertion,inserted,False
very_long/date_recurrence_hi_IN/118/no_insertion/direct,date_recurrence,hi_IN,direct,similar_insertion,no_insertion_placebo,False
very_long/date_recurrence_hi_IN/117/similar_insertion/cot,date_recurrence,hi_IN,cot,similar_insertion,inserted,False
very_long/date_recurrence_hi_IN/118/similar_insertion/direct,date_recurrence,hi_IN,direct,similar_insertion,inserted,True
very_long/date_recurrence_hi_IN/117/no_insertion/cot,date_recurrence,hi_IN,cot,similar_insertion,no_insertion_placebo,False
very_long/date_recurrence_hi_IN/118/no_insertion/cot,date_recurrence,hi_IN,cot,similar_insertion,no_insertion_placebo,False
very_long/date_recurrence_hi_IN/119/no_insertion/direct,date_recurrence,hi_IN,direct,similar_insertion,no_insertion_placebo,False
very_long/date_recurrence_hi_IN/118/similar_insertion/cot,date_recurrence,hi_IN,cot,similar_insertion,inserted,False
very_long/date_recurrence_hi_IN/119/no_insertion/cot,date_recurrence,hi_IN,cot,similar_insertion,no_insertion_placebo,False
very_long/date_recurrence_hi_IN/120/no_insertion/direct,date_recurrence,hi_IN,direct,similar_insertion,no_insertion_placebo,False
very_long/date_recurrence_hi_IN/119/similar_insertion/direct,date_recurrence,hi_IN,direct,similar_insertion,inserted,False
very_long/date_recurrence_hi_IN/120/similar_insertion/direct,date_recurrence,hi_IN,direct,similar_insertion,inserted,False
very_long/date_recurrence_hi_IN/119/similar_insertion/cot,date_recurrence,hi_IN,cot,similar_insertion,inserted,False
very_long/date_recurrence_hi_IN/120/similar_insertion/cot,date_recurrence,hi_IN,cot,similar_insertion,inserted,False
very_long/date_recurrence_hi_IN/121/no_insertion/direct,date_recurrence,hi_IN,direct,similar_insertion,no_insertion_placebo,False
very_long/date_recurrence_hi_IN/121/similar_insertion/direct,date_recurrence,hi_IN,direct,similar_insertion,inserted,False
very_long/date_recurrence_hi_IN/121/no_insertion/cot,date_recurrence,hi_IN,cot,similar_insertion,no_insertion_placebo,False
very_long/date_recurrence_hi_IN/122/no_insertion/direct,date_recurrence,hi_IN,direct,similar_insertion,no_insertion_placebo,False
very_long/date_recurrence_hi_IN/121/similar_insertion/cot,date_recurrence,hi_IN,cot,similar_insertion,inserted,False
very_long/date_recurrence_hi_IN/122/similar_insertion/direct,date_recurrence,hi_IN,direct,similar_insertion,inserted,False
very_long/date_recurrence_hi_IN/122/no_insertion/cot,date_recurrence,hi_IN,cot,similar_insertion,no_insertion_placebo,False
very_long/date_recurrence_hi_IN/123/no_insertion/direct,date_recurrence,hi_IN,direct,similar_insertion,no_insertion_placebo,False
very_long/date_recurrence_hi_IN/122/similar_insertion/cot,date_recurrence,hi_IN,cot,similar_insertion,inserted,False
very_long/date_recurrence_hi_IN/123/similar_insertion/direct,date_recurrence,hi_IN,direct,similar_insertion,inserted,False
very_long/date_recurrence_hi_IN/123/no_insertion/cot,date_recurrence,hi_IN,cot,similar_insertion,no_insertion_placebo,False
very_long/date_recurrence_hi_IN/123/similar_insertion/cot,date_recurrence,hi_IN,cot,similar_insertion,inserted,False
very_long/date_recurrence_hi_IN/120/no_insertion/cot,date_recurrence,hi_IN,cot,similar_insertion,no_insertion_placebo,False
very_long/date_recurrence_hi_IN/125/no_insertion/direct,date_recurrence,hi_IN,direct,similar_insertion,no_insertion_placebo,False
very_long/date_recurrence_hi_IN/125/similar_insertion/direct,date_recurrence,hi_IN,direct,similar_insertion,inserted,False
very_long/date_recurrence_hi_IN/125/no_insertion/cot,date_recurrence,hi_IN,cot,similar_insertion,no_insertion_placebo,False
very_long/date_recurrence_hi_IN/125/similar_insertion/cot,date_recurrence,hi_IN,cot,similar_insertion,inserted,False
very_long/date_recurrence_hi_IN/126/no_insertion/direct,date_recurrence,hi_IN,direct,similar_insertion,no_insertion_placebo,False
very_long/date_recurrence_hi_IN/126/similar_insertion/direct,date_recurrence,hi_IN,direct,similar_insertion,inserted,False
very_long/date_recurrence_hi_IN/126/similar_insertion/cot,date_recurrence,hi_IN,cot,similar_insertion,inserted,False
very_long/date_recurrence_hi_IN/126/no_insertion/cot,date_recurrence,hi_IN,cot,similar_insertion,no_insertion_placebo,False
very_long/date_recurrence_hi_IN/130/no_insertion/direct,date_recurrence,hi_IN,direct,similar_insertion,no_insertion_placebo,False
very_long/date_recurrence_hi_IN/130/similar_insertion/direct,date_recurrence,hi_IN,direct,similar_insertion,inserted,False
very_long/date_recurrence_hi_IN/130/no_insertion/cot,date_recurrence,hi_IN,cot,similar_insertion,no_insertion_placebo,False
very_long/date_recurrence_hi_IN/130/similar_insertion/cot,date_recurrence,hi_IN,cot,similar_insertion,inserted,False
very_long/date_recurrence_hi_IN/132/no_insertion/direct,date_recurrence,hi_IN,direct,similar_insertion,no_insertion_placebo,False
very_long/date_recurrence_hi_IN/132/similar_insertion/direct,date_recurrence,hi_IN,direct,similar_insertion,inserted,False
very_long/date_recurrence_hi_IN/133/no_insertion/direct,date_recurrence,hi_IN,direct,similar_insertion,no_insertion_placebo,False
very_long/date_recurrence_hi_IN/133/similar_insertion/direct,date_recurrence,hi_IN,direct,similar_insertion,inserted,False
very_long/date_recurrence_hi_IN/133/no_insertion/cot,date_recurrence,hi_IN,cot,similar_insertion,no_insertion_placebo,False
very_long/date_recurrence_hi_IN/133/similar_insertion/cot,date_recurrence,hi_IN,cot,similar_insertion,inserted,False
very_long/date_recurrence_hi_IN/132/no_insertion/cot,date_recurrence,hi_IN,cot,similar_insertion,no_insertion_placebo,False
very_long/date_recurrence_hi_IN/134/no_insertion/direct,date_recurrence,hi_IN,direct,similar_insertion,no_insertion_placebo,False
very_long/date_recurrence_hi_IN/134/similar_insertion/direct,date_recurrence,hi_IN,direct,similar_insertion,inserted,False
very_long/date_recurrence_hi_IN/134/no_insertion/cot,date_recurrence,hi_IN,cot,similar_insertion,no_insertion_placebo,False
very_long/date_recurrence_hi_IN/134/similar_insertion/cot,date_recurrence,hi_IN,cot,similar_insertion,inserted,False
very_long/date_recurrence_hi_IN/135/no_insertion/direct,date_recurrence,hi_IN,direct,similar_insertion,no_insertion_placebo,False
very_long/date_recurrence_hi_IN/135/similar_insertion/direct,date_recurrence,hi_IN,direct,similar_insertion,inserted,True
very_long/date_recurrence_hi_IN/135/no_insertion/cot,date_recurrence,hi_IN,cot,similar_insertion,no_insertion_placebo,False
very_long/date_recurrence_hi_IN/136/no_insertion/direct,date_recurrence,hi_IN,direct,similar_insertion,no_insertion_placebo,False
very_long/date_recurrence_hi_IN/135/similar_insertion/cot,date_recurrence,hi_IN,cot,similar_insertion,inserted,False
very_long/date_recurrence_hi_IN/136/similar_insertion/direct,date_recurrence,hi_IN,direct,similar_insertion,inserted,True
very_long/date_recurrence_hi_IN/136/similar_insertion/cot,date_recurrence,hi_IN,cot,similar_insertion,inserted,False
very_long/date_recurrence_hi_IN/136/no_insertion/cot,date_recurrence,hi_IN,cot,similar_insertion,no_insertion_placebo,False
very_long/date_recurrence_hi_IN/137/no_insertion/direct,date_recurrence,hi_IN,direct,similar_insertion,no_insertion_placebo,False
very_long/date_recurrence_hi_IN/137/similar_insertion/direct,date_recurrence,hi_IN,direct,similar_insertion,inserted,False
very_long/date_recurrence_hi_IN/137/similar_insertion/cot,date_recurrence,hi_IN,cot,similar_insertion,inserted,False
very_long/date_recurrence_hi_IN/138/no_insertion/direct,date_recurrence,hi_IN,direct,similar_insertion,no_insertion_placebo,False
very_long/date_recurrence_hi_IN/137/no_insertion/cot,date_recurrence,hi_IN,cot,similar_insertion,no_insertion_placebo,False
very_long/date_recurrence_hi_IN/138/similar_insertion/direct,date_recurrence,hi_IN,direct,similar_insertion,inserted,False
very_long/date_recurrence_hi_IN/138/no_insertion/cot,date_recurrence,hi_IN,cot,similar_insertion,no_insertion_placebo,False
very_long/date_recurrence_hi_IN/139/no_insertion/direct,date_recurrence,hi_IN,direct,similar_insertion,no_insertion_placebo,False
very_long/date_recurrence_hi_IN/139/similar_insertion/direct,date_recurrence,hi_IN,direct,similar_insertion,inserted,False
very_long/date_recurrence_hi_IN/139/no_insertion/cot,date_recurrence,hi_IN,cot,similar_insertion,no_insertion_placebo,False
very_long/date_recurrence_hi_IN/140/no_insertion/direct,date_recurrence,hi_IN,direct,similar_insertion,no_insertion_placebo,False
very_long/date_recurrence_hi_IN/138/similar_insertion/cot,date_recurrence,hi_IN,cot,similar_insertion,inserted,False
very_long/date_recurrence_hi_IN/140/similar_insertion/direct,date_recurrence,hi_IN,direct,similar_insertion,inserted,False
very_long/date_recurrence_hi_IN/139/similar_insertion/cot,date_recurrence,hi_IN,cot,similar_insertion,inserted,True
very_long/date_recurrence_hi_IN/141/no_insertion/direct,date_recurrence,hi_IN,direct,similar_insertion,no_insertion_placebo,False
very_long/date_recurrence_hi_IN/140/no_insertion/cot,date_recurrence,hi_IN,cot,similar_insertion,no_insertion_placebo,True
very_long/date_recurrence_hi_IN/141/similar_insertion/direct,date_recurrence,hi_IN,direct,similar_insertion,inserted,True
very_long/date_recurrence_hi_IN/142/no_insertion/direct,date_recurrence,hi_IN,direct,similar_insertion,no_insertion_placebo,False
very_long/date_recurrence_hi_IN/142/similar_insertion/direct,date_recurrence,hi_IN,direct,similar_insertion,inserted,False
very_long/date_recurrence_hi_IN/142/no_insertion/cot,date_recurrence,hi_IN,cot,similar_insertion,no_insertion_placebo,False
very_long/date_recurrence_hi_IN/143/no_insertion/direct,date_recurrence,hi_IN,direct,similar_insertion,no_insertion_placebo,False
very_long/date_recurrence_hi_IN/143/similar_insertion/direct,date_recurrence,hi_IN,direct,similar_insertion,inserted,True
very_long/date_recurrence_hi_IN/143/no_insertion/cot,date_recurrence,hi_IN,cot,similar_insertion,no_insertion_placebo,False
very_long/date_recurrence_hi_IN/144/no_insertion/direct,date_recurrence,hi_IN,direct,similar_insertion,no_insertion_placebo,False
very_long/date_recurrence_hi_IN/144/similar_insertion/direct,date_recurrence,hi_IN,direct,similar_insertion,inserted,False
very_long/date_recurrence_hi_IN/142/similar_insertion/cot,date_recurrence,hi_IN,cot,similar_insertion,inserted,False
very_long/date_recurrence_hi_IN/144/no_insertion/cot,date_recurrence,hi_IN,cot,similar_insertion,no_insertion_placebo,False
very_long/date_recurrence_hi_IN/144/similar_insertion/cot,date_recurrence,hi_IN,cot,similar_insertion,inserted,False
very_long/date_recurrence_hi_IN/146/no_insertion/direct,date_recurrence,hi_IN,direct,similar_insertion,no_insertion_placebo,False
very_long/date_recurrence_hi_IN/146/no_insertion/cot,date_recurrence,hi_IN,cot,similar_insertion,no_insertion_placebo,False
very_long/date_recurrence_hi_IN/146/similar_insertion/direct,date_recurrence,hi_IN,direct,similar_insertion,inserted,False
very_long/date_recurrence_hi_IN/147/no_insertion/direct,date_recurrence,hi_IN,direct,similar_insertion,no_insertion_placebo,False
very_long/date_recurrence_hi_IN/146/similar_insertion/cot,date_recurrence,hi_IN,cot,similar_insertion,inserted,False
very_long/date_recurrence_hi_IN/147/similar_insertion/direct,date_recurrence,hi_IN,direct,similar_insertion,inserted,False
very_long/date_recurrence_hi_IN/147/no_insertion/cot,date_recurrence,hi_IN,cot,similar_insertion,no_insertion_placebo,False
very_long/date_recurrence_hi_IN/148/no_insertion/direct,date_recurrence,hi_IN,direct,similar_insertion,no_insertion_placebo,False
very_long/date_recurrence_hi_IN/148/similar_insertion/direct,date_recurrence,hi_IN,direct,similar_insertion,inserted,False
very_long/date_recurrence_hi_IN/148/no_insertion/cot,date_recurrence,hi_IN,cot,similar_insertion,no_insertion_placebo,False
very_long/date_recurrence_hi_IN/147/similar_insertion/cot,date_recurrence,hi_IN,cot,similar_insertion,inserted,False
very_long/date_recurrence_hi_IN/149/no_insertion/direct,date_recurrence,hi_IN,direct,similar_insertion,no_insertion_placebo,False
very_long/date_recurrence_hi_IN/149/similar_insertion/direct,date_recurrence,hi_IN,direct,similar_insertion,inserted,False
very_long/date_recurrence_hi_IN/149/similar_insertion/cot,date_recurrence,hi_IN,cot,similar_insertion,inserted,False
very_long/date_subtraction_en_US/1/no_insertion/direct,date_subtraction,en_US,direct,similar_insertion,no_insertion_placebo,False
very_long/date_subtraction_en_US/6/similar_insertion/direct,date_subtraction,en_US,direct,similar_insertion,inserted,False
very_long/date_subtraction_en_US/14/no_insertion/direct,date_subtraction,en_US,direct,similar_insertion,no_insertion_placebo,False
very_long/date_subtraction_en_US/14/similar_insertion/direct,date_subtraction,en_US,direct,similar_insertion,inserted,True
very_long/date_subtraction_en_US/18/no_insertion/direct,date_subtraction,en_US,direct,similar_insertion,no_insertion_placebo,False
very_long/date_subtraction_en_US/36/similar_insertion/cot,date_subtraction,en_US,cot,similar_insertion,inserted,False
very_long/date_subtraction_en_US/50/similar_insertion/direct,date_subtraction,en_US,direct,similar_insertion,inserted,False
very_long/date_subtraction_en_US/55/no_insertion/cot,date_subtraction,en_US,cot,similar_insertion,no_insertion_placebo,False
very_long/date_subtraction_en_US/57/dissimilar_insertion/cot,date_subtraction,en_US,cot,dissimilar_insertion,inserted,False
very_long/date_subtraction_en_US/57/similar_insertion/cot,date_subtraction,en_US,cot,similar_insertion,inserted,False
very_long/date_subtraction_en_US/59/similar_insertion/direct,date_subtraction,en_US,direct,similar_insertion,inserted,False
very_long/date_subtraction_en_US/62/similar_insertion/cot,date_subtraction,en_US,cot,similar_insertion,inserted,False
very_long/date_subtraction_en_US/64/similar_insertion/direct,date_subtraction,en_US,direct,similar_insertion,inserted,False
very_long/date_subtraction_en_US/64/similar_insertion/cot,date_subtraction,en_US,cot,similar_insertion,inserted,False
very_long/date_subtraction_en_US/65/similar_insertion/direct,date_subtraction,en_US,direct,similar_insertion,inserted,False
very_long/date_subtraction_en_US/66/similar_insertion/direct,date_subtraction,en_US,direct,similar_insertion,inserted,False
very_long/date_subtraction_en_US/72/no_insertion/direct,date_subtraction,en_US,direct,similar_insertion,no_insertion_placebo,False
very_long/date_subtraction_en_US/72/similar_insertion/direct,date_subtraction,en_US,direct,similar_insertion,inserted,False
very_long/date_subtraction_en_US/74/similar_insertion/direct,date_subtraction,en_US,direct,similar_insertion,inserted,False
very_long/date_subtraction_en_US/74/dissimilar_insertion/direct,date_subtraction,en_US,direct,dissimilar_insertion,inserted,False
very_long/date_subtraction_en_US/76/no_insertion/direct,date_subtraction,en_US,direct,similar_insertion,no_insertion_placebo,False
very_long/date_subtraction_en_US/76/no_insertion/cot,date_subtraction,en_US,cot,similar_insertion,no_insertion_placebo,False
very_long/date_subtraction_en_US/76/similar_insertion/cot,date_subtraction,en_US,cot,similar_insertion,inserted,False
very_long/date_subtraction_en_US/76/similar_insertion/direct,date_subtraction,en_US,direct,similar_insertion,inserted,True
very_long/date_subtraction_en_US/80/similar_insertion/direct,date_subtraction,en_US,direct,similar_insertion,inserted,False
very_long/date_subtraction_en_US/82/dissimilar_insertion/cot,date_subtraction,en_US,cot,dissimilar_insertion,inserted,False
very_long/date_subtraction_en_US/87/similar_insertion/cot,date_subtraction,en_US,cot,similar_insertion,inserted,False
very_long/date_subtraction_en_US/91/no_insertion/cot,date_subtraction,en_US,cot,similar_insertion,no_insertion_placebo,True
very_long/date_subtraction_en_US/92/no_insertion/cot,date_subtraction,en_US,cot,similar_insertion,no_insertion_placebo,False
very_long/date_subtraction_en_US/95/no_insertion/direct,date_subtraction,en_US,direct,similar_insertion,no_insertion_placebo,False
very_long/date_subtraction_en_US/95/similar_insertion/direct,date_subtraction,en_US,direct,similar_insertion,inserted,True
very_long/date_subtraction_en_US/101/no_insertion/cot,date_subtraction,en_US,cot,dissimilar_insertion,no_insertion_placebo,False
very_long/date_subtraction_en_US/106/similar_insertion/direct,date_subtraction,en_US,direct,similar_insertion,inserted,False
very_long/date_subtraction_en_US/109/similar_insertion/direct,date_subtraction,en_US,direct,similar_insertion,inserted,False
very_long/date_subtraction_en_US/112/no_insertion/direct,date_subtraction,en_US,direct,similar_insertion,no_insertion_placebo,False
very_long/date_subtraction_en_US/112/similar_insertion/direct,date_subtraction,en_US,direct,similar_insertion,inserted,False
very_long/date_subtraction_en_US/118/dissimilar_insertion/direct,date_subtraction,en_US,direct,dissimilar_insertion,inserted,False
very_long/date_subtraction_en_US/120/similar_insertion/direct,date_subtraction,en_US,direct,similar_insertion,inserted,False
very_long/date_subtraction_en_US/130/dissimilar_insertion/cot,date_subtraction,en_US,cot,dissimilar_insertion,inserted,False
very_long/date_subtraction_en_US/133/no_insertion/cot,date_subtraction,en_US,cot,similar_insertion,no_insertion_placebo,False
very_long/date_subtraction_en_US/133/similar_insertion/cot,date_subtraction,en_US,cot,similar_insertion,inserted,False
very_long/date_subtraction_en_US/135/no_insertion/direct,date_subtraction,en_US,direct,dissimilar_insertion,no_insertion_placebo,False
very_long/date_subtraction_en_US/135/dissimilar_insertion/cot,date_subtraction,en_US,cot,dissimilar_insertion,inserted,False
very_long/date_subtraction_en_US/137/similar_insertion/direct,date_subtraction,en_US,direct,similar_insertion,inserted,False
very_long/date_subtraction_en_US/141/no_insertion/cot,date_subtraction,en_US,cot,similar_insertion,no_insertion_placebo,False
very_long/date_subtraction_hi_IN/0/no_insertion/cot,date_subtraction,hi_IN,cot,similar_insertion,no_insertion_placebo,False
very_long/date_subtraction_hi_IN/1/no_insertion/cot,date_subtraction,hi_IN,cot,similar_insertion,no_insertion_placebo,False
very_long/date_subtraction_hi_IN/1/similar_insertion/direct,date_subtraction,hi_IN,direct,similar_insertion,inserted,False
very_long/date_subtraction_hi_IN/3/no_insertion/cot,date_subtraction,hi_IN,cot,similar_insertion,no_insertion_placebo,False
very_long/date_subtraction_hi_IN/6/similar_insertion/cot,date_subtraction,hi_IN,cot,similar_insertion,inserted,False
very_long/date_subtraction_hi_IN/9/no_insertion/cot,date_subtraction,hi_IN,cot,dissimilar_insertion,no_insertion_placebo,False
very_long/date_subtraction_hi_IN/9/dissimilar_insertion/cot,date_subtraction,hi_IN,cot,dissimilar_insertion,inserted,False
very_long/date_subtraction_hi_IN/10/no_insertion/cot,date_subtraction,hi_IN,cot,similar_insertion,no_insertion_placebo,False
very_long/date_subtraction_hi_IN/14/similar_insertion/direct,date_subtraction,hi_IN,direct,similar_insertion,inserted,False
very_long/date_subtraction_hi_IN/14/similar_insertion/cot,date_subtraction,hi_IN,cot,similar_insertion,inserted,False
very_long/date_subtraction_hi_IN/14/no_insertion/cot,date_subtraction,hi_IN,cot,similar_insertion,no_insertion_placebo,True
very_long/date_subtraction_hi_IN/16/similar_insertion/cot,date_subtraction,hi_IN,cot,similar_insertion,inserted,False
very_long/date_subtraction_hi_IN/12/similar_insertion/direct,date_subtraction,hi_IN,direct,similar_insertion,inserted,True
very_long/date_subtraction_hi_IN/18/no_insertion/direct,date_subtraction,hi_IN,direct,similar_insertion,no_insertion_placebo,False
very_long/date_subtraction_hi_IN/18/similar_insertion/cot,date_subtraction,hi_IN,cot,similar_insertion,inserted,False
very_long/date_subtraction_hi_IN/18/no_insertion/cot,date_subtraction,hi_IN,cot,similar_insertion,no_insertion_placebo,False
very_long/date_subtraction_hi_IN/20/similar_insertion/cot,date_subtraction,hi_IN,cot,similar_insertion,inserted,False
very_long/date_subtraction_hi_IN/21/no_insertion/direct,date_subtraction,hi_IN,direct,similar_insertion,no_insertion_placebo,False
very_long/date_subtraction_hi_IN/21/similar_insertion/direct,date_subtraction,hi_IN,direct,similar_insertion,inserted,False
very_long/date_subtraction_hi_IN/23/similar_insertion/direct,date_subtraction,hi_IN,direct,similar_insertion,inserted,False
very_long/date_subtraction_hi_IN/23/no_insertion/cot,date_subtraction,hi_IN,cot,similar_insertion,no_insertion_placebo,False
very_long/date_subtraction_hi_IN/25/similar_insertion/cot,date_subtraction,hi_IN,cot,similar_insertion,inserted,False
very_long/date_subtraction_hi_IN/28/dissimilar_insertion/cot,date_subtraction,hi_IN,cot,dissimilar_insertion,inserted,False
very_long/date_subtraction_hi_IN/33/similar_insertion/cot,date_subtraction,hi_IN,cot,similar_insertion,inserted,False
very_long/date_subtraction_hi_IN/33/no_insertion/cot,date_subtraction,hi_IN,cot,similar_insertion,no_insertion_placebo,False
very_long/date_subtraction_hi_IN/35/similar_insertion/direct,date_subtraction,hi_IN,direct,similar_insertion,inserted,False
very_long/date_subtraction_hi_IN/35/similar_insertion/cot,date_subtraction,hi_IN,cot,similar_insertion,inserted,False
very_long/date_subtraction_hi_IN/36/similar_insertion/cot,date_subtraction,hi_IN,cot,similar_insertion,inserted,False
very_long/date_subtraction_hi_IN/37/similar_insertion/cot,date_subtraction,hi_IN,cot,similar_insertion,inserted,False
very_long/date_subtraction_hi_IN/38/dissimilar_insertion/cot,date_subtraction,hi_IN,cot,dissimilar_insertion,inserted,False
very_long/date_subtraction_hi_IN/41/no_insertion/cot,date_subtraction,hi_IN,cot,similar_insertion,no_insertion_placebo,False
very_long/date_subtraction_hi_IN/41/no_insertion/cot,date_subtraction,hi_IN,cot,dissimilar_insertion,no_insertion_placebo,True
very_long/date_subtraction_hi_IN/45/no_insertion/cot,date_subtraction,hi_IN,cot,similar_insertion,no_insertion_placebo,False
very_long/date_subtraction_hi_IN/45/similar_insertion/cot,date_subtraction,hi_IN,cot,similar_insertion,inserted,False
very_long/date_subtraction_hi_IN/47/no_insertion/cot,date_subtraction,hi_IN,cot,similar_insertion,no_insertion_placebo,False
very_long/date_subtraction_hi_IN/47/similar_insertion/cot,date_subtraction,hi_IN,cot,similar_insertion,inserted,False
very_long/date_subtraction_hi_IN/48/no_insertion/cot,date_subtraction,hi_IN,cot,similar_insertion,no_insertion_placebo,False
very_long/date_subtraction_hi_IN/48/no_insertion/cot,date_subtraction,hi_IN,cot,dissimilar_insertion,no_insertion_placebo,False
very_long/date_subtraction_hi_IN/50/no_insertion/direct,date_subtraction,hi_IN,direct,similar_insertion,no_insertion_placebo,False
very_long/date_subtraction_hi_IN/50/no_insertion/cot,date_subtraction,hi_IN,cot,similar_insertion,no_insertion_placebo,False
very_long/date_subtraction_hi_IN/51/no_insertion/cot,date_subtraction,hi_IN,cot,similar_insertion,no_insertion_placebo,False
very_long/date_subtraction_hi_IN/54/similar_insertion/cot,date_subtraction,hi_IN,cot,similar_insertion,inserted,False
very_long/date_subtraction_hi_IN/54/no_insertion/cot,date_subtraction,hi_IN,cot,similar_insertion,no_insertion_placebo,False
very_long/date_subtraction_hi_IN/55/no_insertion/cot,date_subtraction,hi_IN,cot,similar_insertion,no_insertion_placebo,False
very_long/date_subtraction_hi_IN/55/similar_insertion/cot,date_subtraction,hi_IN,cot,similar_insertion,inserted,False
very_long/date_subtraction_hi_IN/57/no_insertion/cot,date_subtraction,hi_IN,cot,similar_insertion,no_insertion_placebo,False
very_long/date_subtraction_hi_IN/57/no_insertion/cot,date_subtraction,hi_IN,cot,dissimilar_insertion,no_insertion_placebo,False
very_long/date_subtraction_hi_IN/58/no_insertion/cot,date_subtraction,hi_IN,cot,similar_insertion,no_insertion_placebo,False
very_long/date_subtraction_hi_IN/58/similar_insertion/cot,date_subtraction,hi_IN,cot,similar_insertion,inserted,False
very_long/date_subtraction_hi_IN/59/no_insertion/cot,date_subtraction,hi_IN,cot,similar_insertion,no_insertion_placebo,False
very_long/date_subtraction_hi_IN/59/similar_insertion/direct,date_subtraction,hi_IN,direct,similar_insertion,inserted,False
very_long/date_subtraction_hi_IN/60/no_insertion/direct,date_subtraction,hi_IN,direct,similar_insertion,no_insertion_placebo,False
very_long/date_subtraction_hi_IN/59/similar_insertion/cot,date_subtraction,hi_IN,cot,similar_insertion,inserted,False
very_long/date_subtraction_hi_IN/60/no_insertion/cot,date_subtraction,hi_IN,cot,similar_insertion,no_insertion_placebo,False
very_long/date_subtraction_hi_IN/60/similar_insertion/cot,date_subtraction,hi_IN,cot,similar_insertion,inserted,False
very_long/date_subtraction_hi_IN/61/no_insertion/cot,date_subtraction,hi_IN,cot,similar_insertion,no_insertion_placebo,False
very_long/date_subtraction_hi_IN/62/no_insertion/cot,date_subtraction,hi_IN,cot,similar_insertion,no_insertion_placebo,False
very_long/date_subtraction_hi_IN/62/no_insertion/cot,date_subtraction,hi_IN,cot,dissimilar_insertion,no_insertion_placebo,False
very_long/date_subtraction_hi_IN/62/dissimilar_insertion/cot,date_subtraction,hi_IN,cot,dissimilar_insertion,inserted,False
very_long/date_subtraction_hi_IN/64/similar_insertion/direct,date_subtraction,hi_IN,direct,similar_insertion,inserted,False
very_long/date_subtraction_hi_IN/64/no_insertion/direct,date_subtraction,hi_IN,direct,similar_insertion,no_insertion_placebo,False
very_long/date_subtraction_hi_IN/64/no_insertion/cot,date_subtraction,hi_IN,cot,similar_insertion,no_insertion_placebo,False
very_long/date_subtraction_hi_IN/64/similar_insertion/cot,date_subtraction,hi_IN,cot,similar_insertion,inserted,False
very_long/date_subtraction_hi_IN/67/no_insertion/cot,date_subtraction,hi_IN,cot,dissimilar_insertion,no_insertion_placebo,False
very_long/date_subtraction_hi_IN/68/no_insertion/cot,date_subtraction,hi_IN,cot,similar_insertion,no_insertion_placebo,False
very_long/date_subtraction_hi_IN/68/no_insertion/cot,date_subtraction,hi_IN,cot,dissimilar_insertion,no_insertion_placebo,False
very_long/date_subtraction_hi_IN/68/similar_insertion/cot,date_subtraction,hi_IN,cot,similar_insertion,inserted,False
very_long/date_subtraction_hi_IN/69/similar_insertion/cot,date_subtraction,hi_IN,cot,similar_insertion,inserted,False
very_long/date_subtraction_hi_IN/72/no_insertion/direct,date_subtraction,hi_IN,direct,similar_insertion,no_insertion_placebo,False
very_long/date_subtraction_hi_IN/72/similar_insertion/direct,date_subtraction,hi_IN,direct,similar_insertion,inserted,False
very_long/date_subtraction_hi_IN/72/no_insertion/cot,date_subtraction,hi_IN,cot,similar_insertion,no_insertion_placebo,False
very_long/date_subtraction_hi_IN/73/no_insertion/cot,date_subtraction,hi_IN,cot,similar_insertion,no_insertion_placebo,False
very_long/date_subtraction_hi_IN/73/no_insertion/cot,date_subtraction,hi_IN,cot,dissimilar_insertion,no_insertion_placebo,True
very_long/date_subtraction_hi_IN/74/dissimilar_insertion/cot,date_subtraction,hi_IN,cot,dissimilar_insertion,inserted,False
very_long/date_subtraction_hi_IN/76/similar_insertion/direct,date_subtraction,hi_IN,direct,similar_insertion,inserted,False
very_long/date_subtraction_hi_IN/76/no_insertion/cot,date_subtraction,hi_IN,cot,similar_insertion,no_insertion_placebo,False
very_long/date_subtraction_hi_IN/77/no_insertion/cot,date_subtraction,hi_IN,cot,dissimilar_insertion,no_insertion_placebo,False
very_long/date_subtraction_hi_IN/77/dissimilar_insertion/cot,date_subtraction,hi_IN,cot,dissimilar_insertion,inserted,False
very_long/date_subtraction_hi_IN/79/no_insertion/cot,date_subtraction,hi_IN,cot,similar_insertion,no_insertion_placebo,False
very_long/date_subtraction_hi_IN/80/no_insertion/direct,date_subtraction,hi_IN,direct,similar_insertion,no_insertion_placebo,False
very_long/date_subtraction_hi_IN/80/no_insertion/cot,date_subtraction,hi_IN,cot,similar_insertion,no_insertion_placebo,False
very_long/date_subtraction_hi_IN/80/similar_insertion/direct,date_subtraction,hi_IN,direct,similar_insertion,inserted,False
very_long/date_subtraction_hi_IN/80/similar_insertion/cot,date_subtraction,hi_IN,cot,similar_insertion,inserted,False
very_long/date_subtraction_hi_IN/82/no_insertion/cot,date_subtraction,hi_IN,cot,similar_insertion,no_insertion_placebo,False
very_long/date_subtraction_hi_IN/82/no_insertion/cot,date_subtraction,hi_IN,cot,dissimilar_insertion,no_insertion_placebo,False
very_long/date_subtraction_hi_IN/82/dissimilar_insertion/direct,date_subtraction,hi_IN,direct,dissimilar_insertion,inserted,False
very_long/date_subtraction_hi_IN/82/similar_insertion/cot,date_subtraction,hi_IN,cot,similar_insertion,inserted,False
very_long/date_subtraction_hi_IN/74/no_insertion/cot,date_subtraction,hi_IN,cot,similar_insertion,no_insertion_placebo,False
very_long/date_subtraction_hi_IN/74/no_insertion/cot,date_subtraction,hi_IN,cot,dissimilar_insertion,no_insertion_placebo,False
very_long/date_subtraction_hi_IN/83/similar_insertion/cot,date_subtraction,hi_IN,cot,similar_insertion,inserted,False
very_long/date_subtraction_hi_IN/85/no_insertion/cot,date_subtraction,hi_IN,cot,similar_insertion,no_insertion_placebo,False
very_long/date_subtraction_hi_IN/85/no_insertion/cot,date_subtraction,hi_IN,cot,dissimilar_insertion,no_insertion_placebo,False
very_long/date_subtraction_hi_IN/85/similar_insertion/cot,date_subtraction,hi_IN,cot,similar_insertion,inserted,False
very_long/date_subtraction_hi_IN/87/no_insertion/direct,date_subtraction,hi_IN,direct,similar_insertion,no_insertion_placebo,False
very_long/date_subtraction_hi_IN/87/no_insertion/cot,date_subtraction,hi_IN,cot,similar_insertion,no_insertion_placebo,False
very_long/date_subtraction_hi_IN/87/similar_insertion/cot,date_subtraction,hi_IN,cot,similar_insertion,inserted,False
very_long/date_subtraction_hi_IN/88/no_insertion/cot,date_subtraction,hi_IN,cot,similar_insertion,no_insertion_placebo,False
very_long/date_subtraction_hi_IN/88/similar_insertion/cot,date_subtraction,hi_IN,cot,similar_insertion,inserted,False
very_long/date_subtraction_hi_IN/91/no_insertion/cot,date_subtraction,hi_IN,cot,similar_insertion,no_insertion_placebo,False
very_long/date_subtraction_hi_IN/91/similar_insertion/cot,date_subtraction,hi_IN,cot,similar_insertion,inserted,False
very_long/date_subtraction_hi_IN/92/no_insertion/direct,date_subtraction,hi_IN,direct,similar_insertion,no_insertion_placebo,False
very_long/date_subtraction_hi_IN/92/no_insertion/cot,date_subtraction,hi_IN,cot,similar_insertion,no_insertion_placebo,False
very_long/date_subtraction_hi_IN/92/similar_insertion/cot,date_subtraction,hi_IN,cot,similar_insertion,inserted,False
very_long/date_subtraction_hi_IN/93/no_insertion/cot,date_subtraction,hi_IN,cot,dissimilar_insertion,no_insertion_placebo,False
very_long/date_subtraction_hi_IN/94/similar_insertion/cot,date_subtraction,hi_IN,cot,similar_insertion,inserted,False
very_long/date_subtraction_hi_IN/95/no_insertion/direct,date_subtraction,hi_IN,direct,similar_insertion,no_insertion_placebo,False
very_long/date_subtraction_hi_IN/95/no_insertion/cot,date_subtraction,hi_IN,cot,similar_insertion,no_insertion_placebo,False
very_long/date_subtraction_hi_IN/95/similar_insertion/cot,date_subtraction,hi_IN,cot,similar_insertion,inserted,True
very_long/date_subtraction_hi_IN/95/similar_insertion/direct,date_subtraction,hi_IN,direct,similar_insertion,inserted,True
very_long/date_subtraction_hi_IN/99/dissimilar_insertion/direct,date_subtraction,hi_IN,direct,dissimilar_insertion,inserted,False
very_long/date_subtraction_hi_IN/101/dissimilar_insertion/cot,date_subtraction,hi_IN,cot,dissimilar_insertion,inserted,False
very_long/date_subtraction_hi_IN/104/no_insertion/cot,date_subtraction,hi_IN,cot,similar_insertion,no_insertion_placebo,False
very_long/date_subtraction_hi_IN/104/similar_insertion/cot,date_subtraction,hi_IN,cot,similar_insertion,inserted,False
very_long/date_subtraction_hi_IN/105/similar_insertion/cot,date_subtraction,hi_IN,cot,similar_insertion,inserted,False
very_long/date_subtraction_hi_IN/106/similar_insertion/direct,date_subtraction,hi_IN,direct,similar_insertion,inserted,False
very_long/date_subtraction_hi_IN/106/no_insertion/direct,date_subtraction,hi_IN,direct,similar_insertion,no_insertion_placebo,False
very_long/date_subtraction_hi_IN/106/similar_insertion/cot,date_subtraction,hi_IN,cot,similar_insertion,inserted,False
very_long/date_subtraction_hi_IN/107/no_insertion/cot,date_subtraction,hi_IN,cot,similar_insertion,no_insertion_placebo,False
very_long/date_subtraction_hi_IN/107/similar_insertion/cot,date_subtraction,hi_IN,cot,similar_insertion,inserted,True
very_long/date_subtraction_hi_IN/109/no_insertion/direct,date_subtraction,hi_IN,direct,similar_insertion,no_insertion_placebo,False
very_long/date_subtraction_hi_IN/111/no_insertion/cot,date_subtraction,hi_IN,cot,similar_insertion,no_insertion_placebo,False
very_long/date_subtraction_hi_IN/111/similar_insertion/cot,date_subtraction,hi_IN,cot,similar_insertion,inserted,False
very_long/date_subtraction_hi_IN/112/no_insertion/cot,date_subtraction,hi_IN,cot,similar_insertion,no_insertion_placebo,False
very_long/date_subtraction_hi_IN/112/similar_insertion/cot,date_subtraction,hi_IN,cot,similar_insertion,inserted,False
very_long/date_subtraction_hi_IN/113/similar_insertion/direct,date_subtraction,hi_IN,direct,similar_insertion,inserted,False
very_long/date_subtraction_hi_IN/113/similar_insertion/cot,date_subtraction,hi_IN,cot,similar_insertion,inserted,False
very_long/date_subtraction_hi_IN/112/similar_insertion/direct,date_subtraction,hi_IN,direct,similar_insertion,inserted,False
very_long/date_subtraction_hi_IN/115/no_insertion/direct,date_subtraction,hi_IN,direct,similar_insertion,no_insertion_placebo,False
very_long/date_subtraction_hi_IN/114/dissimilar_insertion/cot,date_subtraction,hi_IN,cot,dissimilar_insertion,inserted,False
very_long/date_subtraction_hi_IN/114/no_insertion/cot,date_subtraction,hi_IN,cot,dissimilar_insertion,no_insertion_placebo,False
very_long/date_subtraction_hi_IN/115/similar_insertion/cot,date_subtraction,hi_IN,cot,similar_insertion,inserted,False
very_long/date_subtraction_hi_IN/118/no_insertion/cot,date_subtraction,hi_IN,cot,dissimilar_insertion,no_insertion_placebo,False
very_long/date_subtraction_hi_IN/120/no_insertion/direct,date_subtraction,hi_IN,direct,similar_insertion,no_insertion_placebo,False
very_long/date_subtraction_hi_IN/120/similar_insertion/cot,date_subtraction,hi_IN,cot,similar_insertion,inserted,False
very_long/date_subtraction_hi_IN/120/similar_insertion/direct,date_subtraction,hi_IN,direct,similar_insertion,inserted,False
very_long/date_subtraction_hi_IN/120/no_insertion/cot,date_subtraction,hi_IN,cot,similar_insertion,no_insertion_placebo,False
very_long/date_subtraction_hi_IN/122/no_insertion/cot,date_subtraction,hi_IN,cot,similar_insertion,no_insertion_placebo,False
very_long/date_subtraction_hi_IN/122/no_insertion/cot,date_subtraction,hi_IN,cot,dissimilar_insertion,no_insertion_placebo,False
very_long/date_subtraction_hi_IN/123/no_insertion/direct,date_subtraction,hi_IN,direct,dissimilar_insertion,no_insertion_placebo,False
very_long/date_subtraction_hi_IN/124/no_insertion/cot,date_subtraction,hi_IN,cot,similar_insertion,no_insertion_placebo,False
very_long/date_subtraction_hi_IN/124/no_insertion/cot,date_subtraction,hi_IN,cot,dissimilar_insertion,no_insertion_placebo,False
very_long/date_subtraction_hi_IN/127/similar_insertion/cot,date_subtraction,hi_IN,cot,similar_insertion,inserted,True
very_long/date_subtraction_hi_IN/129/no_insertion/cot,date_subtraction,hi_IN,cot,similar_insertion,no_insertion_placebo,False
very_long/date_subtraction_hi_IN/130/dissimilar_insertion/cot,date_subtraction,hi_IN,cot,dissimilar_insertion,inserted,False
very_long/date_subtraction_hi_IN/133/no_insertion/cot,date_subtraction,hi_IN,cot,similar_insertion,no_insertion_placebo,False
very_long/date_subtraction_hi_IN/133/similar_insertion/cot,date_subtraction,hi_IN,cot,similar_insertion,inserted,False
very_long/date_subtraction_hi_IN/135/no_insertion/direct,date_subtraction,hi_IN,direct,dissimilar_insertion,no_insertion_placebo,False
very_long/date_subtraction_hi_IN/135/dissimilar_insertion/direct,date_subtraction,hi_IN,direct,dissimilar_insertion,inserted,False
very_long/date_subtraction_hi_IN/135/dissimilar_insertion/cot,date_subtraction,hi_IN,cot,dissimilar_insertion,inserted,False
very_long/date_subtraction_hi_IN/136/no_insertion/cot,date_subtraction,hi_IN,cot,similar_insertion,no_insertion_placebo,False
very_long/date_subtraction_hi_IN/137/no_insertion/direct,date_subtraction,hi_IN,direct,similar_insertion,no_insertion_placebo,False
very_long/date_subtraction_hi_IN/137/similar_insertion/direct,date_subtraction,hi_IN,direct,similar_insertion,inserted,False
very_long/date_subtraction_hi_IN/137/similar_insertion/cot,date_subtraction,hi_IN,cot,similar_insertion,inserted,False
very_long/date_subtraction_hi_IN/137/no_insertion/cot,date_subtraction,hi_IN,cot,similar_insertion,no_insertion_placebo,False
very_long/date_subtraction_hi_IN/139/similar_insertion/direct,date_subtraction,hi_IN,direct,similar_insertion,inserted,False
very_long/date_subtraction_hi_IN/141/no_insertion/cot,date_subtraction,hi_IN,cot,similar_insertion,no_insertion_placebo,False
very_long/date_subtraction_hi_IN/140/similar_insertion/direct,date_subtraction,hi_IN,direct,similar_insertion,inserted,False
very_long/date_subtraction_hi_IN/144/no_insertion/cot,date_subtraction,hi_IN,cot,similar_insertion,no_insertion_placebo,False
very_long/date_subtraction_hi_IN/143/similar_insertion/cot,date_subtraction,hi_IN,cot,similar_insertion,inserted,True
very_long/date_subtraction_hi_IN/147/no_insertion/cot,date_subtraction,hi_IN,cot,similar_insertion,no_insertion_placebo,False
very_long/date_subtraction_hi_IN/147/similar_insertion/cot,date_subtraction,hi_IN,cot,similar_insertion,inserted,False
very_long/date_subtraction_hi_IN/149/similar_insertion/cot,date_subtraction,hi_IN,cot,similar_insertion,inserted,False
very_long/date_subtraction_hi_IN/142/similar_insertion/direct,date_subtraction,hi_IN,direct,similar_insertion,inserted,True
very_long/day_of_week_en_US/1/no_insertion/direct,day_of_week,en_US,direct,similar_insertion,no_insertion_placebo,False
very_long/day_of_week_en_US/1/similar_insertion/direct,day_of_week,en_US,direct,similar_insertion,inserted,False
very_long/day_of_week_en_US/2/no_insertion/direct,day_of_week,en_US,direct,similar_insertion,no_insertion_placebo,False
very_long/day_of_week_en_US/1/similar_insertion/cot,day_of_week,en_US,cot,similar_insertion,inserted,False
very_long/day_of_week_en_US/2/no_insertion/cot,day_of_week,en_US,cot,similar_insertion,no_insertion_placebo,False
very_long/day_of_week_en_US/3/no_insertion/direct,day_of_week,en_US,direct,similar_insertion,no_insertion_placebo,False
very_long/day_of_week_en_US/3/similar_insertion/direct,day_of_week,en_US,direct,similar_insertion,inserted,False
very_long/day_of_week_en_US/2/similar_insertion/cot,day_of_week,en_US,cot,similar_insertion,inserted,False
very_long/day_of_week_en_US/5/no_insertion/direct,day_of_week,en_US,direct,similar_insertion,no_insertion_placebo,False
very_long/day_of_week_en_US/5/similar_insertion/direct,day_of_week,en_US,direct,similar_insertion,inserted,False
very_long/day_of_week_en_US/8/no_insertion/direct,day_of_week,en_US,direct,similar_insertion,no_insertion_placebo,False
very_long/day_of_week_en_US/8/similar_insertion/direct,day_of_week,en_US,direct,similar_insertion,inserted,False
very_long/day_of_week_en_US/8/no_insertion/cot,day_of_week,en_US,cot,similar_insertion,no_insertion_placebo,False
very_long/day_of_week_en_US/10/no_insertion/direct,day_of_week,en_US,direct,similar_insertion,no_insertion_placebo,False
very_long/day_of_week_en_US/10/similar_insertion/direct,day_of_week,en_US,direct,similar_insertion,inserted,False
very_long/day_of_week_en_US/12/no_insertion/direct,day_of_week,en_US,direct,similar_insertion,no_insertion_placebo,False
very_long/day_of_week_en_US/12/similar_insertion/direct,day_of_week,en_US,direct,similar_insertion,inserted,False
very_long/day_of_week_en_US/14/no_insertion/direct,day_of_week,en_US,direct,similar_insertion,no_insertion_placebo,False
very_long/day_of_week_en_US/14/similar_insertion/direct,day_of_week,en_US,direct,similar_insertion,inserted,False
very_long/day_of_week_en_US/15/no_insertion/direct,day_of_week,en_US,direct,similar_insertion,no_insertion_placebo,False
very_long/day_of_week_en_US/17/no_insertion/direct,day_of_week,en_US,direct,similar_insertion,no_insertion_placebo,False
very_long/day_of_week_en_US/17/similar_insertion/direct,day_of_week,en_US,direct,similar_insertion,inserted,False
very_long/day_of_week_en_US/17/no_insertion/cot,day_of_week,en_US,cot,similar_insertion,no_insertion_placebo,False
very_long/day_of_week_en_US/18/no_insertion/direct,day_of_week,en_US,direct,similar_insertion,no_insertion_placebo,False
very_long/day_of_week_en_US/18/similar_insertion/direct,day_of_week,en_US,direct,similar_insertion,inserted,False
very_long/day_of_week_en_US/19/no_insertion/direct,day_of_week,en_US,direct,similar_insertion,no_insertion_placebo,False
very_long/day_of_week_en_US/19/similar_insertion/direct,day_of_week,en_US,direct,similar_insertion,inserted,False
very_long/day_of_week_en_US/23/no_insertion/direct,day_of_week,en_US,direct,similar_insertion,no_insertion_placebo,False
very_long/day_of_week_en_US/23/similar_insertion/direct,day_of_week,en_US,direct,similar_insertion,inserted,False
very_long/day_of_week_en_US/23/no_insertion/cot,day_of_week,en_US,cot,similar_insertion,no_insertion_placebo,False
very_long/day_of_week_en_US/24/no_insertion/direct,day_of_week,en_US,direct,similar_insertion,no_insertion_placebo,False
very_long/day_of_week_en_US/24/similar_insertion/direct,day_of_week,en_US,direct,similar_insertion,inserted,False
very_long/day_of_week_en_US/25/similar_insertion/direct,day_of_week,en_US,direct,similar_insertion,inserted,False
very_long/day_of_week_en_US/25/similar_insertion/cot,day_of_week,en_US,cot,similar_insertion,inserted,False
very_long/day_of_week_en_US/28/no_insertion/direct,day_of_week,en_US,direct,similar_insertion,no_insertion_placebo,False
very_long/day_of_week_en_US/28/similar_insertion/direct,day_of_week,en_US,direct,similar_insertion,inserted,False
very_long/day_of_week_en_US/28/similar_insertion/cot,day_of_week,en_US,cot,similar_insertion,inserted,False
very_long/day_of_week_en_US/31/no_insertion/direct,day_of_week,en_US,direct,similar_insertion,no_insertion_placebo,False
very_long/day_of_week_en_US/31/similar_insertion/direct,day_of_week,en_US,direct,similar_insertion,inserted,False
very_long/day_of_week_en_US/31/similar_insertion/cot,day_of_week,en_US,cot,similar_insertion,inserted,False
very_long/day_of_week_en_US/31/no_insertion/cot,day_of_week,en_US,cot,similar_insertion,no_insertion_placebo,False
very_long/day_of_week_en_US/36/no_insertion/direct,day_of_week,en_US,direct,similar_insertion,no_insertion_placebo,False
very_long/day_of_week_en_US/36/no_insertion/cot,day_of_week,en_US,cot,similar_insertion,no_insertion_placebo,False
very_long/day_of_week_en_US/38/no_insertion/direct,day_of_week,en_US,direct,similar_insertion,no_insertion_placebo,False
very_long/day_of_week_en_US/38/similar_insertion/direct,day_of_week,en_US,direct,similar_insertion,inserted,False
very_long/day_of_week_en_US/38/similar_insertion/cot,day_of_week,en_US,cot,similar_insertion,inserted,False
very_long/day_of_week_en_US/39/no_insertion/direct,day_of_week,en_US,direct,similar_insertion,no_insertion_placebo,False
very_long/day_of_week_en_US/39/similar_insertion/direct,day_of_week,en_US,direct,similar_insertion,inserted,False
very_long/day_of_week_en_US/40/no_insertion/direct,day_of_week,en_US,direct,similar_insertion,no_insertion_placebo,False
very_long/day_of_week_en_US/40/similar_insertion/direct,day_of_week,en_US,direct,similar_insertion,inserted,False
very_long/day_of_week_en_US/40/similar_insertion/cot,day_of_week,en_US,cot,similar_insertion,inserted,False
very_long/day_of_week_en_US/44/no_insertion/direct,day_of_week,en_US,direct,similar_insertion,no_insertion_placebo,False
very_long/day_of_week_en_US/44/no_insertion/cot,day_of_week,en_US,cot,similar_insertion,no_insertion_placebo,False
very_long/day_of_week_en_US/48/no_insertion/direct,day_of_week,en_US,direct,similar_insertion,no_insertion_placebo,False
very_long/day_of_week_en_US/48/similar_insertion/direct,day_of_week,en_US,direct,similar_insertion,inserted,False
very_long/day_of_week_en_US/48/no_insertion/cot,day_of_week,en_US,cot,similar_insertion,no_insertion_placebo,False
very_long/day_of_week_en_US/49/no_insertion/direct,day_of_week,en_US,direct,similar_insertion,no_insertion_placebo,False
very_long/day_of_week_en_US/49/similar_insertion/direct,day_of_week,en_US,direct,similar_insertion,inserted,False
very_long/day_of_week_en_US/48/similar_insertion/cot,day_of_week,en_US,cot,similar_insertion,inserted,False
very_long/day_of_week_en_US/52/no_insertion/direct,day_of_week,en_US,direct,similar_insertion,no_insertion_placebo,False
very_long/day_of_week_en_US/52/similar_insertion/direct,day_of_week,en_US,direct,similar_insertion,inserted,False
very_long/day_of_week_en_US/52/no_insertion/cot,day_of_week,en_US,cot,similar_insertion,no_insertion_placebo,False
very_long/day_of_week_en_US/52/similar_insertion/cot,day_of_week,en_US,cot,similar_insertion,inserted,False
very_long/day_of_week_en_US/56/no_insertion/direct,day_of_week,en_US,direct,similar_insertion,no_insertion_placebo,False
very_long/day_of_week_en_US/56/similar_insertion/direct,day_of_week,en_US,direct,similar_insertion,inserted,False
very_long/day_of_week_en_US/57/no_insertion/direct,day_of_week,en_US,direct,similar_insertion,no_insertion_placebo,False
very_long/day_of_week_en_US/57/similar_insertion/direct,day_of_week,en_US,direct,similar_insertion,inserted,False
very_long/day_of_week_en_US/58/no_insertion/direct,day_of_week,en_US,direct,similar_insertion,no_insertion_placebo,False
very_long/day_of_week_en_US/57/similar_insertion/cot,day_of_week,en_US,cot,similar_insertion,inserted,False
very_long/day_of_week_en_US/58/similar_insertion/direct,day_of_week,en_US,direct,similar_insertion,inserted,False
very_long/day_of_week_en_US/63/no_insertion/direct,day_of_week,en_US,direct,similar_insertion,no_insertion_placebo,False
very_long/day_of_week_en_US/63/similar_insertion/direct,day_of_week,en_US,direct,similar_insertion,inserted,False
very_long/day_of_week_en_US/68/no_insertion/direct,day_of_week,en_US,direct,similar_insertion,no_insertion_placebo,False
very_long/day_of_week_en_US/68/similar_insertion/direct,day_of_week,en_US,direct,similar_insertion,inserted,False
very_long/day_of_week_en_US/69/no_insertion/direct,day_of_week,en_US,direct,similar_insertion,no_insertion_placebo,False
very_long/day_of_week_en_US/68/no_insertion/cot,day_of_week,en_US,cot,similar_insertion,no_insertion_placebo,False
very_long/day_of_week_en_US/69/similar_insertion/direct,day_of_week,en_US,direct,similar_insertion,inserted,False
very_long/day_of_week_en_US/70/no_insertion/direct,day_of_week,en_US,direct,similar_insertion,no_insertion_placebo,False
very_long/day_of_week_en_US/68/similar_insertion/cot,day_of_week,en_US,cot,similar_insertion,inserted,False
very_long/day_of_week_en_US/70/similar_insertion/direct,day_of_week,en_US,direct,similar_insertion,inserted,False
very_long/day_of_week_en_US/70/similar_insertion/cot,day_of_week,en_US,cot,similar_insertion,inserted,False
very_long/day_of_week_en_US/75/no_insertion/direct,day_of_week,en_US,direct,similar_insertion,no_insertion_placebo,False
very_long/day_of_week_en_US/75/similar_insertion/direct,day_of_week,en_US,direct,similar_insertion,inserted,False
very_long/day_of_week_en_US/75/no_insertion/cot,day_of_week,en_US,cot,similar_insertion,no_insertion_placebo,False
very_long/day_of_week_en_US/76/no_insertion/direct,day_of_week,en_US,direct,similar_insertion,no_insertion_placebo,False
very_long/day_of_week_en_US/75/similar_insertion/cot,day_of_week,en_US,cot,similar_insertion,inserted,False
very_long/day_of_week_en_US/76/similar_insertion/direct,day_of_week,en_US,direct,similar_insertion,inserted,False
very_long/day_of_week_en_US/81/similar_insertion/direct,day_of_week,en_US,direct,similar_insertion,inserted,False
very_long/day_of_week_en_US/81/no_insertion/direct,day_of_week,en_US,direct,similar_insertion,no_insertion_placebo,False
very_long/day_of_week_en_US/83/no_insertion/direct,day_of_week,en_US,direct,similar_insertion,no_insertion_placebo,False
very_long/day_of_week_en_US/83/similar_insertion/direct,day_of_week,en_US,direct,similar_insertion,inserted,False
very_long/day_of_week_en_US/84/no_insertion/direct,day_of_week,en_US,direct,similar_insertion,no_insertion_placebo,False
very_long/day_of_week_en_US/83/no_insertion/cot,day_of_week,en_US,cot,similar_insertion,no_insertion_placebo,False
very_long/day_of_week_en_US/86/no_insertion/direct,day_of_week,en_US,direct,similar_insertion,no_insertion_placebo,False
very_long/day_of_week_en_US/86/similar_insertion/direct,day_of_week,en_US,direct,similar_insertion,inserted,False
very_long/day_of_week_en_US/88/no_insertion/direct,day_of_week,en_US,direct,similar_insertion,no_insertion_placebo,False
very_long/day_of_week_en_US/88/similar_insertion/direct,day_of_week,en_US,direct,similar_insertion,inserted,False
very_long/day_of_week_en_US/94/similar_insertion/cot,day_of_week,en_US,cot,similar_insertion,inserted,False
very_long/day_of_week_en_US/98/similar_insertion/direct,day_of_week,en_US,direct,similar_insertion,inserted,False
very_long/day_of_week_en_US/99/no_insertion/direct,day_of_week,en_US,direct,similar_insertion,no_insertion_placebo,False
very_long/day_of_week_en_US/99/similar_insertion/direct,day_of_week,en_US,direct,similar_insertion,inserted,False
very_long/day_of_week_en_US/98/similar_insertion/cot,day_of_week,en_US,cot,similar_insertion,inserted,False
very_long/day_of_week_en_US/102/similar_insertion/direct,day_of_week,en_US,direct,similar_insertion,inserted,False
very_long/day_of_week_en_US/102/no_insertion/cot,day_of_week,en_US,cot,similar_insertion,no_insertion_placebo,False
very_long/day_of_week_en_US/102/no_insertion/direct,day_of_week,en_US,direct,similar_insertion,no_insertion_placebo,False
very_long/day_of_week_en_US/105/no_insertion/direct,day_of_week,en_US,direct,similar_insertion,no_insertion_placebo,False
very_long/day_of_week_en_US/105/similar_insertion/direct,day_of_week,en_US,direct,similar_insertion,inserted,False
very_long/day_of_week_en_US/107/similar_insertion/direct,day_of_week,en_US,direct,similar_insertion,inserted,False
very_long/day_of_week_en_US/108/no_insertion/direct,day_of_week,en_US,direct,similar_insertion,no_insertion_placebo,False
very_long/day_of_week_en_US/108/similar_insertion/direct,day_of_week,en_US,direct,similar_insertion,inserted,False
very_long/day_of_week_en_US/109/no_insertion/direct,day_of_week,en_US,direct,similar_insertion,no_insertion_placebo,False
very_long/day_of_week_en_US/109/similar_insertion/direct,day_of_week,en_US,direct,similar_insertion,inserted,False
very_long/day_of_week_en_US/109/no_insertion/cot,day_of_week,en_US,cot,similar_insertion,no_insertion_placebo,False
very_long/day_of_week_en_US/112/no_insertion/direct,day_of_week,en_US,direct,similar_insertion,no_insertion_placebo,False
very_long/day_of_week_en_US/112/similar_insertion/direct,day_of_week,en_US,direct,similar_insertion,inserted,False
very_long/day_of_week_en_US/112/no_insertion/cot,day_of_week,en_US,cot,similar_insertion,no_insertion_placebo,False
very_long/day_of_week_en_US/115/no_insertion/direct,day_of_week,en_US,direct,similar_insertion,no_insertion_placebo,False
very_long/day_of_week_en_US/115/similar_insertion/direct,day_of_week,en_US,direct,similar_insertion,inserted,False
very_long/day_of_week_en_US/115/no_insertion/cot,day_of_week,en_US,cot,similar_insertion,no_insertion_placebo,False
very_long/day_of_week_en_US/116/no_insertion/direct,day_of_week,en_US,direct,similar_insertion,no_insertion_placebo,False
very_long/day_of_week_en_US/116/similar_insertion/direct,day_of_week,en_US,direct,similar_insertion,inserted,False
very_long/day_of_week_en_US/116/no_insertion/cot,day_of_week,en_US,cot,similar_insertion,no_insertion_placebo,False
very_long/day_of_week_en_US/119/similar_insertion/direct,day_of_week,en_US,direct,similar_insertion,inserted,False
very_long/day_of_week_en_US/121/no_insertion/direct,day_of_week,en_US,direct,similar_insertion,no_insertion_placebo,False
very_long/day_of_week_en_US/121/similar_insertion/direct,day_of_week,en_US,direct,similar_insertion,inserted,False
very_long/day_of_week_en_US/121/similar_insertion/cot,day_of_week,en_US,cot,similar_insertion,inserted,False
very_long/day_of_week_en_US/123/no_insertion/direct,day_of_week,en_US,direct,similar_insertion,no_insertion_placebo,False
very_long/day_of_week_en_US/123/similar_insertion/direct,day_of_week,en_US,direct,similar_insertion,inserted,False
very_long/day_of_week_en_US/124/similar_insertion/direct,day_of_week,en_US,direct,similar_insertion,inserted,False
very_long/day_of_week_en_US/125/no_insertion/direct,day_of_week,en_US,direct,similar_insertion,no_insertion_placebo,False
very_long/day_of_week_en_US/125/similar_insertion/direct,day_of_week,en_US,direct,similar_insertion,inserted,False
very_long/day_of_week_en_US/125/similar_insertion/cot,day_of_week,en_US,cot,similar_insertion,inserted,False
very_long/day_of_week_en_US/129/no_insertion/direct,day_of_week,en_US,direct,similar_insertion,no_insertion_placebo,False
very_long/day_of_week_en_US/129/similar_insertion/direct,day_of_week,en_US,direct,similar_insertion,inserted,False
very_long/day_of_week_en_US/131/no_insertion/direct,day_of_week,en_US,direct,similar_insertion,no_insertion_placebo,False
very_long/day_of_week_en_US/131/similar_insertion/direct,day_of_week,en_US,direct,similar_insertion,inserted,False
very_long/day_of_week_en_US/132/no_insertion/direct,day_of_week,en_US,direct,similar_insertion,no_insertion_placebo,False
very_long/day_of_week_en_US/132/similar_insertion/direct,day_of_week,en_US,direct,similar_insertion,inserted,False
very_long/day_of_week_en_US/134/no_insertion/direct,day_of_week,en_US,direct,similar_insertion,no_insertion_placebo,False
very_long/day_of_week_en_US/134/similar_insertion/direct,day_of_week,en_US,direct,similar_insertion,inserted,False
very_long/day_of_week_en_US/137/no_insertion/direct,day_of_week,en_US,direct,similar_insertion,no_insertion_placebo,False
very_long/day_of_week_en_US/137/similar_insertion/direct,day_of_week,en_US,direct,similar_insertion,inserted,False
very_long/day_of_week_en_US/137/no_insertion/cot,day_of_week,en_US,cot,similar_insertion,no_insertion_placebo,False
very_long/day_of_week_en_US/139/no_insertion/direct,day_of_week,en_US,direct,similar_insertion,no_insertion_placebo,False
very_long/day_of_week_en_US/139/similar_insertion/direct,day_of_week,en_US,direct,similar_insertion,inserted,False
very_long/day_of_week_en_US/145/no_insertion/direct,day_of_week,en_US,direct,similar_insertion,no_insertion_placebo,False
very_long/day_of_week_en_US/145/similar_insertion/direct,day_of_week,en_US,direct,similar_insertion,inserted,False
very_long/day_of_week_en_US/147/no_insertion/direct,day_of_week,en_US,direct,similar_insertion,no_insertion_placebo,False
very_long/day_of_week_en_US/147/similar_insertion/direct,day_of_week,en_US,direct,similar_insertion,inserted,False
very_long/day_of_week_en_US/149/similar_insertion/direct,day_of_week,en_US,direct,similar_insertion,inserted,False
very_long/day_of_week_en_US/149/similar_insertion/cot,day_of_week,en_US,cot,similar_insertion,inserted,False
very_long/day_of_week_hi_IN/1/no_insertion/direct,day_of_week,hi_IN,direct,similar_insertion,no_insertion_placebo,False
very_long/day_of_week_hi_IN/1/similar_insertion/direct,day_of_week,hi_IN,direct,similar_insertion,inserted,False
very_long/day_of_week_hi_IN/1/similar_insertion/cot,day_of_week,hi_IN,cot,similar_insertion,inserted,False
very_long/day_of_week_hi_IN/2/no_insertion/direct,day_of_week,hi_IN,direct,similar_insertion,no_insertion_placebo,False
very_long/day_of_week_hi_IN/2/similar_insertion/direct,day_of_week,hi_IN,direct,similar_insertion,inserted,False
very_long/day_of_week_hi_IN/2/similar_insertion/cot,day_of_week,hi_IN,cot,similar_insertion,inserted,False
very_long/day_of_week_hi_IN/2/no_insertion/cot,day_of_week,hi_IN,cot,similar_insertion,no_insertion_placebo,False
very_long/day_of_week_hi_IN/3/no_insertion/cot,day_of_week,hi_IN,cot,similar_insertion,no_insertion_placebo,False
very_long/day_of_week_hi_IN/3/similar_insertion/direct,day_of_week,hi_IN,direct,similar_insertion,inserted,False
very_long/day_of_week_hi_IN/5/no_insertion/direct,day_of_week,hi_IN,direct,similar_insertion,no_insertion_placebo,False
very_long/day_of_week_hi_IN/5/similar_insertion/direct,day_of_week,hi_IN,direct,similar_insertion,inserted,False
very_long/day_of_week_hi_IN/5/similar_insertion/cot,day_of_week,hi_IN,cot,similar_insertion,inserted,False
very_long/day_of_week_hi_IN/5/no_insertion/cot,day_of_week,hi_IN,cot,similar_insertion,no_insertion_placebo,False
very_long/day_of_week_hi_IN/8/no_insertion/direct,day_of_week,hi_IN,direct,similar_insertion,no_insertion_placebo,False
very_long/day_of_week_hi_IN/8/similar_insertion/cot,day_of_week,hi_IN,cot,similar_insertion,inserted,False
very_long/day_of_week_hi_IN/8/no_insertion/cot,day_of_week,hi_IN,cot,similar_insertion,no_insertion_placebo,False
very_long/day_of_week_hi_IN/10/no_insertion/cot,day_of_week,hi_IN,cot,similar_insertion,no_insertion_placebo,False
very_long/day_of_week_hi_IN/10/similar_insertion/direct,day_of_week,hi_IN,direct,similar_insertion,inserted,False
very_long/day_of_week_hi_IN/10/similar_insertion/cot,day_of_week,hi_IN,cot,similar_insertion,inserted,False
very_long/day_of_week_hi_IN/12/no_insertion/direct,day_of_week,hi_IN,direct,similar_insertion,no_insertion_placebo,False
very_long/day_of_week_hi_IN/12/similar_insertion/direct,day_of_week,hi_IN,direct,similar_insertion,inserted,False
very_long/day_of_week_hi_IN/12/no_insertion/cot,day_of_week,hi_IN,cot,similar_insertion,no_insertion_placebo,False
very_long/day_of_week_hi_IN/12/similar_insertion/cot,day_of_week,hi_IN,cot,similar_insertion,inserted,False
very_long/day_of_week_hi_IN/14/no_insertion/direct,day_of_week,hi_IN,direct,similar_insertion,no_insertion_placebo,False
very_long/day_of_week_hi_IN/14/no_insertion/cot,day_of_week,hi_IN,cot,similar_insertion,no_insertion_placebo,False
very_long/day_of_week_hi_IN/15/no_insertion/direct,day_of_week,hi_IN,direct,similar_insertion,no_insertion_placebo,False
very_long/day_of_week_hi_IN/15/similar_insertion/direct,day_of_week,hi_IN,direct,similar_insertion,inserted,False
very_long/day_of_week_hi_IN/14/similar_insertion/cot,day_of_week,hi_IN,cot,similar_insertion,inserted,False
very_long/day_of_week_hi_IN/15/similar_insertion/cot,day_of_week,hi_IN,cot,similar_insertion,inserted,False
very_long/day_of_week_hi_IN/15/no_insertion/cot,day_of_week,hi_IN,cot,similar_insertion,no_insertion_placebo,False
very_long/day_of_week_hi_IN/17/no_insertion/direct,day_of_week,hi_IN,direct,similar_insertion,no_insertion_placebo,False
very_long/day_of_week_hi_IN/18/no_insertion/direct,day_of_week,hi_IN,direct,similar_insertion,no_insertion_placebo,False
very_long/day_of_week_hi_IN/18/similar_insertion/direct,day_of_week,hi_IN,direct,similar_insertion,inserted,False
very_long/day_of_week_hi_IN/17/similar_insertion/cot,day_of_week,hi_IN,cot,similar_insertion,inserted,False
very_long/day_of_week_hi_IN/18/no_insertion/cot,day_of_week,hi_IN,cot,similar_insertion,no_insertion_placebo,False
very_long/day_of_week_hi_IN/19/no_insertion/direct,day_of_week,hi_IN,direct,similar_insertion,no_insertion_placebo,False
very_long/day_of_week_hi_IN/19/no_insertion/cot,day_of_week,hi_IN,cot,similar_insertion,no_insertion_placebo,False
very_long/day_of_week_hi_IN/19/similar_insertion/direct,day_of_week,hi_IN,direct,similar_insertion,inserted,False
very_long/day_of_week_hi_IN/19/similar_insertion/cot,day_of_week,hi_IN,cot,similar_insertion,inserted,False
very_long/day_of_week_hi_IN/23/no_insertion/direct,day_of_week,hi_IN,direct,similar_insertion,no_insertion_placebo,False
very_long/day_of_week_hi_IN/23/similar_insertion/direct,day_of_week,hi_IN,direct,similar_insertion,inserted,False
very_long/day_of_week_hi_IN/23/similar_insertion/cot,day_of_week,hi_IN,cot,similar_insertion,inserted,False
very_long/day_of_week_hi_IN/24/no_insertion/direct,day_of_week,hi_IN,direct,similar_insertion,no_insertion_placebo,False
very_long/day_of_week_hi_IN/24/similar_insertion/direct,day_of_week,hi_IN,direct,similar_insertion,inserted,False
very_long/day_of_week_hi_IN/23/no_insertion/cot,day_of_week,hi_IN,cot,similar_insertion,no_insertion_placebo,False
very_long/day_of_week_hi_IN/24/no_insertion/cot,day_of_week,hi_IN,cot,similar_insertion,no_insertion_placebo,False
very_long/day_of_week_hi_IN/24/similar_insertion/cot,day_of_week,hi_IN,cot,similar_insertion,inserted,False
very_long/day_of_week_hi_IN/25/similar_insertion/cot,day_of_week,hi_IN,cot,similar_insertion,inserted,False
very_long/day_of_week_hi_IN/25/no_insertion/cot,day_of_week,hi_IN,cot,similar_insertion,no_insertion_placebo,False
very_long/day_of_week_hi_IN/28/similar_insertion/direct,day_of_week,hi_IN,direct,similar_insertion,inserted,False
very_long/day_of_week_hi_IN/28/no_insertion/cot,day_of_week,hi_IN,cot,similar_insertion,no_insertion_placebo,False
very_long/day_of_week_hi_IN/31/no_insertion/direct,day_of_week,hi_IN,direct,similar_insertion,no_insertion_placebo,False
very_long/day_of_week_hi_IN/31/similar_insertion/direct,day_of_week,hi_IN,direct,similar_insertion,inserted,False
very_long/day_of_week_hi_IN/31/no_insertion/cot,day_of_week,hi_IN,cot,similar_insertion,no_insertion_placebo,False
very_long/day_of_week_hi_IN/36/no_insertion/direct,day_of_week,hi_IN,direct,similar_insertion,no_insertion_placebo,False
very_long/day_of_week_hi_IN/36/no_insertion/cot,day_of_week,hi_IN,cot,similar_insertion,no_insertion_placebo,False
very_long/day_of_week_hi_IN/36/similar_insertion/direct,day_of_week,hi_IN,direct,similar_insertion,inserted,False
very_long/day_of_week_hi_IN/38/no_insertion/direct,day_of_week,hi_IN,direct,similar_insertion,no_insertion_placebo,False
very_long/day_of_week_hi_IN/38/similar_insertion/direct,day_of_week,hi_IN,direct,similar_insertion,inserted,False
very_long/day_of_week_hi_IN/38/no_insertion/cot,day_of_week,hi_IN,cot,similar_insertion,no_insertion_placebo,False
very_long/day_of_week_hi_IN/39/no_insertion/direct,day_of_week,hi_IN,direct,similar_insertion,no_insertion_placebo,False
very_long/day_of_week_hi_IN/39/similar_insertion/direct,day_of_week,hi_IN,direct,similar_insertion,inserted,False
very_long/day_of_week_hi_IN/39/similar_insertion/cot,day_of_week,hi_IN,cot,similar_insertion,inserted,False
very_long/day_of_week_hi_IN/38/similar_insertion/cot,day_of_week,hi_IN,cot,similar_insertion,inserted,False
very_long/day_of_week_hi_IN/40/no_insertion/direct,day_of_week,hi_IN,direct,similar_insertion,no_insertion_placebo,False
very_long/day_of_week_hi_IN/40/similar_insertion/direct,day_of_week,hi_IN,direct,similar_insertion,inserted,False
very_long/day_of_week_hi_IN/40/no_insertion/cot,day_of_week,hi_IN,cot,similar_insertion,no_insertion_placebo,False
very_long/day_of_week_hi_IN/44/no_insertion/direct,day_of_week,hi_IN,direct,similar_insertion,no_insertion_placebo,False
very_long/day_of_week_hi_IN/44/similar_insertion/direct,day_of_week,hi_IN,direct,similar_insertion,inserted,False
very_long/day_of_week_hi_IN/44/no_insertion/cot,day_of_week,hi_IN,cot,similar_insertion,no_insertion_placebo,False
very_long/day_of_week_hi_IN/48/no_insertion/direct,day_of_week,hi_IN,direct,similar_insertion,no_insertion_placebo,False
very_long/day_of_week_hi_IN/48/similar_insertion/direct,day_of_week,hi_IN,direct,similar_insertion,inserted,False
very_long/day_of_week_hi_IN/49/no_insertion/direct,day_of_week,hi_IN,direct,similar_insertion,no_insertion_placebo,False
very_long/day_of_week_hi_IN/48/no_insertion/cot,day_of_week,hi_IN,cot,similar_insertion,no_insertion_placebo,False
very_long/day_of_week_hi_IN/49/similar_insertion/direct,day_of_week,hi_IN,direct,similar_insertion,inserted,False
very_long/day_of_week_hi_IN/49/no_insertion/cot,day_of_week,hi_IN,cot,similar_insertion,no_insertion_placebo,False
very_long/day_of_week_hi_IN/49/similar_insertion/cot,day_of_week,hi_IN,cot,similar_insertion,inserted,False
very_long/day_of_week_hi_IN/52/no_insertion/direct,day_of_week,hi_IN,direct,similar_insertion,no_insertion_placebo,False
very_long/day_of_week_hi_IN/52/no_insertion/cot,day_of_week,hi_IN,cot,similar_insertion,no_insertion_placebo,False
very_long/day_of_week_hi_IN/52/similar_insertion/direct,day_of_week,hi_IN,direct,similar_insertion,inserted,False
very_long/day_of_week_hi_IN/52/similar_insertion/cot,day_of_week,hi_IN,cot,similar_insertion,inserted,False
very_long/day_of_week_hi_IN/56/similar_insertion/direct,day_of_week,hi_IN,direct,similar_insertion,inserted,False
very_long/day_of_week_hi_IN/57/no_insertion/direct,day_of_week,hi_IN,direct,similar_insertion,no_insertion_placebo,False
very_long/day_of_week_hi_IN/57/similar_insertion/direct,day_of_week,hi_IN,direct,similar_insertion,inserted,False
very_long/day_of_week_hi_IN/57/no_insertion/cot,day_of_week,hi_IN,cot,similar_insertion,no_insertion_placebo,False
very_long/day_of_week_hi_IN/58/similar_insertion/direct,day_of_week,hi_IN,direct,similar_insertion,inserted,False
very_long/day_of_week_hi_IN/57/similar_insertion/cot,day_of_week,hi_IN,cot,similar_insertion,inserted,False
very_long/day_of_week_hi_IN/58/no_insertion/cot,day_of_week,hi_IN,cot,similar_insertion,no_insertion_placebo,False
very_long/day_of_week_hi_IN/63/no_insertion/direct,day_of_week,hi_IN,direct,similar_insertion,no_insertion_placebo,False
very_long/day_of_week_hi_IN/63/similar_insertion/direct,day_of_week,hi_IN,direct,similar_insertion,inserted,False
very_long/day_of_week_hi_IN/63/no_insertion/cot,day_of_week,hi_IN,cot,similar_insertion,no_insertion_placebo,False
very_long/day_of_week_hi_IN/63/similar_insertion/cot,day_of_week,hi_IN,cot,similar_insertion,inserted,False
very_long/day_of_week_hi_IN/68/no_insertion/direct,day_of_week,hi_IN,direct,similar_insertion,no_insertion_placebo,False
very_long/day_of_week_hi_IN/68/similar_insertion/direct,day_of_week,hi_IN,direct,similar_insertion,inserted,False
very_long/day_of_week_hi_IN/68/similar_insertion/cot,day_of_week,hi_IN,cot,similar_insertion,inserted,False
very_long/day_of_week_hi_IN/69/no_insertion/direct,day_of_week,hi_IN,direct,similar_insertion,no_insertion_placebo,False
very_long/day_of_week_hi_IN/68/no_insertion/cot,day_of_week,hi_IN,cot,similar_insertion,no_insertion_placebo,False
very_long/day_of_week_hi_IN/69/similar_insertion/direct,day_of_week,hi_IN,direct,similar_insertion,inserted,False
very_long/day_of_week_hi_IN/69/similar_insertion/cot,day_of_week,hi_IN,cot,similar_insertion,inserted,False
very_long/day_of_week_hi_IN/69/no_insertion/cot,day_of_week,hi_IN,cot,similar_insertion,no_insertion_placebo,False
very_long/day_of_week_hi_IN/70/no_insertion/direct,day_of_week,hi_IN,direct,similar_insertion,no_insertion_placebo,False
very_long/day_of_week_hi_IN/70/similar_insertion/direct,day_of_week,hi_IN,direct,similar_insertion,inserted,False
very_long/day_of_week_hi_IN/70/no_insertion/cot,day_of_week,hi_IN,cot,similar_insertion,no_insertion_placebo,False
very_long/day_of_week_hi_IN/75/no_insertion/direct,day_of_week,hi_IN,direct,similar_insertion,no_insertion_placebo,False
very_long/day_of_week_hi_IN/75/similar_insertion/direct,day_of_week,hi_IN,direct,similar_insertion,inserted,False
very_long/day_of_week_hi_IN/75/similar_insertion/cot,day_of_week,hi_IN,cot,similar_insertion,inserted,False
very_long/day_of_week_hi_IN/76/no_insertion/direct,day_of_week,hi_IN,direct,similar_insertion,no_insertion_placebo,False
very_long/day_of_week_hi_IN/76/similar_insertion/direct,day_of_week,hi_IN,direct,similar_insertion,inserted,False
very_long/day_of_week_hi_IN/76/similar_insertion/cot,day_of_week,hi_IN,cot,similar_insertion,inserted,False
very_long/day_of_week_hi_IN/81/no_insertion/direct,day_of_week,hi_IN,direct,similar_insertion,no_insertion_placebo,False
very_long/day_of_week_hi_IN/81/similar_insertion/direct,day_of_week,hi_IN,direct,similar_insertion,inserted,False
very_long/day_of_week_hi_IN/81/no_insertion/cot,day_of_week,hi_IN,cot,similar_insertion,no_insertion_placebo,False
very_long/day_of_week_hi_IN/81/similar_insertion/cot,day_of_week,hi_IN,cot,similar_insertion,inserted,False
very_long/day_of_week_hi_IN/83/no_insertion/direct,day_of_week,hi_IN,direct,similar_insertion,no_insertion_placebo,False
very_long/day_of_week_hi_IN/83/similar_insertion/direct,day_of_week,hi_IN,direct,similar_insertion,inserted,False
very_long/day_of_week_hi_IN/84/no_insertion/direct,day_of_week,hi_IN,direct,similar_insertion,no_insertion_placebo,False
very_long/day_of_week_hi_IN/84/similar_insertion/direct,day_of_week,hi_IN,direct,similar_insertion,inserted,False
very_long/day_of_week_hi_IN/83/no_insertion/cot,day_of_week,hi_IN,cot,similar_insertion,no_insertion_placebo,False
very_long/day_of_week_hi_IN/84/no_insertion/cot,day_of_week,hi_IN,cot,similar_insertion,no_insertion_placebo,False
very_long/day_of_week_hi_IN/84/similar_insertion/cot,day_of_week,hi_IN,cot,similar_insertion,inserted,False
very_long/day_of_week_hi_IN/86/no_insertion/direct,day_of_week,hi_IN,direct,similar_insertion,no_insertion_placebo,False
very_long/day_of_week_hi_IN/86/similar_insertion/direct,day_of_week,hi_IN,direct,similar_insertion,inserted,False
very_long/day_of_week_hi_IN/86/similar_insertion/cot,day_of_week,hi_IN,cot,similar_insertion,inserted,False
very_long/day_of_week_hi_IN/88/no_insertion/direct,day_of_week,hi_IN,direct,similar_insertion,no_insertion_placebo,False
very_long/day_of_week_hi_IN/88/similar_insertion/direct,day_of_week,hi_IN,direct,similar_insertion,inserted,False
very_long/day_of_week_hi_IN/88/no_insertion/cot,day_of_week,hi_IN,cot,similar_insertion,no_insertion_placebo,False
very_long/day_of_week_hi_IN/88/similar_insertion/cot,day_of_week,hi_IN,cot,similar_insertion,inserted,False
very_long/day_of_week_hi_IN/94/no_insertion/direct,day_of_week,hi_IN,direct,similar_insertion,no_insertion_placebo,False
very_long/day_of_week_hi_IN/94/similar_insertion/direct,day_of_week,hi_IN,direct,similar_insertion,inserted,False
very_long/day_of_week_hi_IN/94/similar_insertion/cot,day_of_week,hi_IN,cot,similar_insertion,inserted,False
very_long/day_of_week_hi_IN/98/no_insertion/cot,day_of_week,hi_IN,cot,similar_insertion,no_insertion_placebo,False
very_long/day_of_week_hi_IN/99/no_insertion/direct,day_of_week,hi_IN,direct,similar_insertion,no_insertion_placebo,False
very_long/day_of_week_hi_IN/98/similar_insertion/cot,day_of_week,hi_IN,cot,similar_insertion,inserted,False
very_long/day_of_week_hi_IN/99/similar_insertion/direct,day_of_week,hi_IN,direct,similar_insertion,inserted,False
very_long/day_of_week_hi_IN/99/no_insertion/cot,day_of_week,hi_IN,cot,similar_insertion,no_insertion_placebo,False
very_long/day_of_week_hi_IN/99/similar_insertion/cot,day_of_week,hi_IN,cot,similar_insertion,inserted,False
very_long/day_of_week_hi_IN/102/no_insertion/direct,day_of_week,hi_IN,direct,similar_insertion,no_insertion_placebo,False
very_long/day_of_week_hi_IN/102/similar_insertion/direct,day_of_week,hi_IN,direct,similar_insertion,inserted,False
very_long/day_of_week_hi_IN/102/similar_insertion/cot,day_of_week,hi_IN,cot,similar_insertion,inserted,False
very_long/day_of_week_hi_IN/102/no_insertion/cot,day_of_week,hi_IN,cot,similar_insertion,no_insertion_placebo,False
very_long/day_of_week_hi_IN/105/no_insertion/direct,day_of_week,hi_IN,direct,similar_insertion,no_insertion_placebo,False
very_long/day_of_week_hi_IN/105/similar_insertion/direct,day_of_week,hi_IN,direct,similar_insertion,inserted,False
very_long/day_of_week_hi_IN/105/no_insertion/cot,day_of_week,hi_IN,cot,similar_insertion,no_insertion_placebo,False
very_long/day_of_week_hi_IN/105/similar_insertion/cot,day_of_week,hi_IN,cot,similar_insertion,inserted,False
very_long/day_of_week_hi_IN/107/no_insertion/direct,day_of_week,hi_IN,direct,similar_insertion,no_insertion_placebo,False
very_long/day_of_week_hi_IN/107/similar_insertion/cot,day_of_week,hi_IN,cot,similar_insertion,inserted,False
very_long/day_of_week_hi_IN/107/no_insertion/cot,day_of_week,hi_IN,cot,similar_insertion,no_insertion_placebo,False
very_long/day_of_week_hi_IN/108/no_insertion/direct,day_of_week,hi_IN,direct,similar_insertion,no_insertion_placebo,False
very_long/day_of_week_hi_IN/108/no_insertion/cot,day_of_week,hi_IN,cot,similar_insertion,no_insertion_placebo,False
very_long/day_of_week_hi_IN/109/no_insertion/direct,day_of_week,hi_IN,direct,similar_insertion,no_insertion_placebo,False
very_long/day_of_week_hi_IN/108/similar_insertion/cot,day_of_week,hi_IN,cot,similar_insertion,inserted,False
very_long/day_of_week_hi_IN/109/no_insertion/cot,day_of_week,hi_IN,cot,similar_insertion,no_insertion_placebo,False
very_long/day_of_week_hi_IN/109/similar_insertion/cot,day_of_week,hi_IN,cot,similar_insertion,inserted,False
very_long/day_of_week_hi_IN/112/no_insertion/direct,day_of_week,hi_IN,direct,similar_insertion,no_insertion_placebo,False
very_long/day_of_week_hi_IN/112/similar_insertion/direct,day_of_week,hi_IN,direct,similar_insertion,inserted,False
very_long/day_of_week_hi_IN/112/no_insertion/cot,day_of_week,hi_IN,cot,similar_insertion,no_insertion_placebo,False
very_long/day_of_week_hi_IN/112/similar_insertion/cot,day_of_week,hi_IN,cot,similar_insertion,inserted,False
very_long/day_of_week_hi_IN/115/no_insertion/direct,day_of_week,hi_IN,direct,similar_insertion,no_insertion_placebo,False
very_long/day_of_week_hi_IN/115/similar_insertion/direct,day_of_week,hi_IN,direct,similar_insertion,inserted,False
very_long/day_of_week_hi_IN/116/no_insertion/direct,day_of_week,hi_IN,direct,similar_insertion,no_insertion_placebo,False
very_long/day_of_week_hi_IN/116/similar_insertion/direct,day_of_week,hi_IN,direct,similar_insertion,inserted,False
very_long/day_of_week_hi_IN/116/similar_insertion/cot,day_of_week,hi_IN,cot,similar_insertion,inserted,False
very_long/day_of_week_hi_IN/115/similar_insertion/cot,day_of_week,hi_IN,cot,similar_insertion,inserted,False
very_long/day_of_week_hi_IN/115/no_insertion/cot,day_of_week,hi_IN,cot,similar_insertion,no_insertion_placebo,False
very_long/day_of_week_hi_IN/116/no_insertion/cot,day_of_week,hi_IN,cot,similar_insertion,no_insertion_placebo,False
very_long/day_of_week_hi_IN/119/no_insertion/direct,day_of_week,hi_IN,direct,similar_insertion,no_insertion_placebo,False
very_long/day_of_week_hi_IN/119/similar_insertion/direct,day_of_week,hi_IN,direct,similar_insertion,inserted,False
very_long/day_of_week_hi_IN/119/no_insertion/cot,day_of_week,hi_IN,cot,similar_insertion,no_insertion_placebo,False
very_long/day_of_week_hi_IN/121/no_insertion/direct,day_of_week,hi_IN,direct,similar_insertion,no_insertion_placebo,False
very_long/day_of_week_hi_IN/121/similar_insertion/direct,day_of_week,hi_IN,direct,similar_insertion,inserted,False
very_long/day_of_week_hi_IN/121/no_insertion/cot,day_of_week,hi_IN,cot,similar_insertion,no_insertion_placebo,False
very_long/day_of_week_hi_IN/121/similar_insertion/cot,day_of_week,hi_IN,cot,similar_insertion,inserted,False
very_long/day_of_week_hi_IN/123/no_insertion/cot,day_of_week,hi_IN,cot,similar_insertion,no_insertion_placebo,False
very_long/day_of_week_hi_IN/123/similar_insertion/direct,day_of_week,hi_IN,direct,similar_insertion,inserted,False
very_long/day_of_week_hi_IN/123/similar_insertion/cot,day_of_week,hi_IN,cot,similar_insertion,inserted,False
very_long/day_of_week_hi_IN/124/similar_insertion/direct,day_of_week,hi_IN,direct,similar_insertion,inserted,False
very_long/day_of_week_hi_IN/124/similar_insertion/cot,day_of_week,hi_IN,cot,similar_insertion,inserted,False
very_long/day_of_week_hi_IN/125/no_insertion/direct,day_of_week,hi_IN,direct,similar_insertion,no_insertion_placebo,False
very_long/day_of_week_hi_IN/125/similar_insertion/direct,day_of_week,hi_IN,direct,similar_insertion,inserted,False
very_long/day_of_week_hi_IN/125/no_insertion/cot,day_of_week,hi_IN,cot,similar_insertion,no_insertion_placebo,False
very_long/day_of_week_hi_IN/125/similar_insertion/cot,day_of_week,hi_IN,cot,similar_insertion,inserted,False
very_long/day_of_week_hi_IN/129/no_insertion/direct,day_of_week,hi_IN,direct,similar_insertion,no_insertion_placebo,False
very_long/day_of_week_hi_IN/129/similar_insertion/direct,day_of_week,hi_IN,direct,similar_insertion,inserted,False
very_long/day_of_week_hi_IN/129/similar_insertion/cot,day_of_week,hi_IN,cot,similar_insertion,inserted,False
very_long/day_of_week_hi_IN/129/no_insertion/cot,day_of_week,hi_IN,cot,similar_insertion,no_insertion_placebo,False
very_long/day_of_week_hi_IN/131/no_insertion/direct,day_of_week,hi_IN,direct,similar_insertion,no_insertion_placebo,False
very_long/day_of_week_hi_IN/131/no_insertion/cot,day_of_week,hi_IN,cot,similar_insertion,no_insertion_placebo,False
very_long/day_of_week_hi_IN/131/similar_insertion/direct,day_of_week,hi_IN,direct,similar_insertion,inserted,False
very_long/day_of_week_hi_IN/132/no_insertion/direct,day_of_week,hi_IN,direct,similar_insertion,no_insertion_placebo,False
very_long/day_of_week_hi_IN/131/similar_insertion/cot,day_of_week,hi_IN,cot,similar_insertion,inserted,False
very_long/day_of_week_hi_IN/132/similar_insertion/direct,day_of_week,hi_IN,direct,similar_insertion,inserted,False
very_long/day_of_week_hi_IN/132/similar_insertion/cot,day_of_week,hi_IN,cot,similar_insertion,inserted,False
very_long/day_of_week_hi_IN/134/no_insertion/direct,day_of_week,hi_IN,direct,similar_insertion,no_insertion_placebo,False
very_long/day_of_week_hi_IN/134/no_insertion/cot,day_of_week,hi_IN,cot,similar_insertion,no_insertion_placebo,False
very_long/day_of_week_hi_IN/137/similar_insertion/cot,day_of_week,hi_IN,cot,similar_insertion,inserted,False
very_long/day_of_week_hi_IN/137/no_insertion/cot,day_of_week,hi_IN,cot,similar_insertion,no_insertion_placebo,False
very_long/day_of_week_hi_IN/139/no_insertion/direct,day_of_week,hi_IN,direct,similar_insertion,no_insertion_placebo,False
very_long/day_of_week_hi_IN/139/similar_insertion/direct,day_of_week,hi_IN,direct,similar_insertion,inserted,False
very_long/day_of_week_hi_IN/139/similar_insertion/cot,day_of_week,hi_IN,cot,similar_insertion,inserted,False
very_long/day_of_week_hi_IN/139/no_insertion/cot,day_of_week,hi_IN,cot,similar_insertion,no_insertion_placebo,False
very_long/day_of_week_hi_IN/145/no_insertion/direct,day_of_week,hi_IN,direct,similar_insertion,no_insertion_placebo,False
very_long/day_of_week_hi_IN/145/similar_insertion/direct,day_of_week,hi_IN,direct,similar_insertion,inserted,False
very_long/day_of_week_hi_IN/145/no_insertion/cot,day_of_week,hi_IN,cot,similar_insertion,no_insertion_placebo,False
very_long/day_of_week_hi_IN/145/similar_insertion/cot,day_of_week,hi_IN,cot,similar_insertion,inserted,False
very_long/day_of_week_hi_IN/147/no_insertion/direct,day_of_week,hi_IN,direct,similar_insertion,no_insertion_placebo,False
very_long/day_of_week_hi_IN/147/similar_insertion/direct,day_of_week,hi_IN,direct,similar_insertion,inserted,False
very_long/day_of_week_hi_IN/147/similar_insertion/cot,day_of_week,hi_IN,cot,similar_insertion,inserted,False
very_long/day_of_week_hi_IN/147/no_insertion/cot,day_of_week,hi_IN,cot,similar_insertion,no_insertion_placebo,False
very_long/day_of_week_hi_IN/149/similar_insertion/cot,day_of_week,hi_IN,cot,similar_insertion,inserted,False
very_long/interval_date_en_US/0/no_insertion/direct,interval_date,en_US,direct,similar_insertion,no_insertion_placebo,False
very_long/day_of_week_hi_IN/149/no_insertion/cot,day_of_week,hi_IN,cot,similar_insertion,no_insertion_placebo,False
very_long/interval_date_en_US/0/no_insertion/cot,interval_date,en_US,cot,similar_insertion,no_insertion_placebo,False
very_long/interval_date_en_US/8/no_insertion/direct,interval_date,en_US,direct,similar_insertion,no_insertion_placebo,False
very_long/interval_date_en_US/8/similar_insertion/direct,interval_date,en_US,direct,similar_insertion,inserted,False
very_long/interval_date_en_US/8/similar_insertion/cot,interval_date,en_US,cot,similar_insertion,inserted,False
very_long/interval_date_en_US/8/no_insertion/cot,interval_date,en_US,cot,similar_insertion,no_insertion_placebo,False
very_long/interval_date_en_US/13/no_insertion/cot,interval_date,en_US,cot,similar_insertion,no_insertion_placebo,False
very_long/interval_date_en_US/14/no_insertion/direct,interval_date,en_US,direct,similar_insertion,no_insertion_placebo,False
very_long/interval_date_en_US/13/similar_insertion/cot,interval_date,en_US,cot,similar_insertion,inserted,False
very_long/interval_date_en_US/14/no_insertion/cot,interval_date,en_US,cot,similar_insertion,no_insertion_placebo,False
very_long/interval_date_en_US/14/similar_insertion/cot,interval_date,en_US,cot,similar_insertion,inserted,False
very_long/interval_date_en_US/22/no_insertion/direct,interval_date,en_US,direct,similar_insertion,no_insertion_placebo,False
very_long/interval_date_en_US/22/similar_insertion/direct,interval_date,en_US,direct,similar_insertion,inserted,False
very_long/interval_date_en_US/24/no_insertion/direct,interval_date,en_US,direct,similar_insertion,no_insertion_placebo,False
very_long/interval_date_en_US/24/similar_insertion/direct,interval_date,en_US,direct,similar_insertion,inserted,False
very_long/interval_date_en_US/25/no_insertion/direct,interval_date,en_US,direct,similar_insertion,no_insertion_placebo,False
very_long/interval_date_en_US/25/similar_insertion/direct,interval_date,en_US,direct,similar_insertion,inserted,False
very_long/interval_date_en_US/25/similar_insertion/cot,interval_date,en_US,cot,similar_insertion,inserted,False
very_long/interval_date_en_US/28/no_insertion/direct,interval_date,en_US,direct,similar_insertion,no_insertion_placebo,False
very_long/interval_date_en_US/28/similar_insertion/direct,interval_date,en_US,direct,similar_insertion,inserted,False
very_long/interval_date_en_US/28/similar_insertion/cot,interval_date,en_US,cot,similar_insertion,inserted,False
very_long/interval_date_en_US/32/no_insertion/direct,interval_date,en_US,direct,similar_insertion,no_insertion_placebo,False
very_long/interval_date_en_US/32/no_insertion/cot,interval_date,en_US,cot,similar_insertion,no_insertion_placebo,False
very_long/interval_date_en_US/35/no_insertion/direct,interval_date,en_US,direct,similar_insertion,no_insertion_placebo,False
very_long/interval_date_en_US/35/similar_insertion/direct,interval_date,en_US,direct,similar_insertion,inserted,False
very_long/interval_date_en_US/35/no_insertion/cot,interval_date,en_US,cot,similar_insertion,no_insertion_placebo,False
very_long/interval_date_en_US/37/no_insertion/direct,interval_date,en_US,direct,similar_insertion,no_insertion_placebo,False
very_long/interval_date_en_US/37/similar_insertion/direct,interval_date,en_US,direct,similar_insertion,inserted,False
very_long/interval_date_en_US/37/no_insertion/cot,interval_date,en_US,cot,similar_insertion,no_insertion_placebo,False
very_long/interval_date_en_US/37/similar_insertion/cot,interval_date,en_US,cot,similar_insertion,inserted,False
very_long/interval_date_en_US/39/no_insertion/direct,interval_date,en_US,direct,similar_insertion,no_insertion_placebo,False
very_long/interval_date_en_US/39/similar_insertion/direct,interval_date,en_US,direct,similar_insertion,inserted,False
very_long/interval_date_en_US/40/no_insertion/direct,interval_date,en_US,direct,similar_insertion,no_insertion_placebo,False
very_long/interval_date_en_US/39/no_insertion/cot,interval_date,en_US,cot,similar_insertion,no_insertion_placebo,False
very_long/interval_date_en_US/40/similar_insertion/direct,interval_date,en_US,direct,similar_insertion,inserted,False
very_long/interval_date_en_US/40/no_insertion/cot,interval_date,en_US,cot,similar_insertion,no_insertion_placebo,False
very_long/interval_date_en_US/41/no_insertion/direct,interval_date,en_US,direct,similar_insertion,no_insertion_placebo,False
very_long/interval_date_en_US/41/similar_insertion/direct,interval_date,en_US,direct,similar_insertion,inserted,True
very_long/interval_date_en_US/40/similar_insertion/cot,interval_date,en_US,cot,similar_insertion,inserted,False
very_long/interval_date_en_US/42/no_insertion/direct,interval_date,en_US,direct,similar_insertion,no_insertion_placebo,False
very_long/interval_date_en_US/42/similar_insertion/cot,interval_date,en_US,cot,similar_insertion,inserted,False
very_long/interval_date_en_US/47/no_insertion/direct,interval_date,en_US,direct,similar_insertion,no_insertion_placebo,False
very_long/interval_date_en_US/47/similar_insertion/direct,interval_date,en_US,direct,similar_insertion,inserted,False
very_long/interval_date_en_US/47/no_insertion/cot,interval_date,en_US,cot,similar_insertion,no_insertion_placebo,False
very_long/interval_date_en_US/53/no_insertion/direct,interval_date,en_US,direct,similar_insertion,no_insertion_placebo,False
very_long/interval_date_en_US/53/similar_insertion/direct,interval_date,en_US,direct,similar_insertion,inserted,False
very_long/interval_date_en_US/56/no_insertion/direct,interval_date,en_US,direct,similar_insertion,no_insertion_placebo,False
very_long/interval_date_en_US/56/similar_insertion/direct,interval_date,en_US,direct,similar_insertion,inserted,False
very_long/interval_date_en_US/56/similar_insertion/cot,interval_date,en_US,cot,similar_insertion,inserted,False
very_long/interval_date_en_US/56/no_insertion/cot,interval_date,en_US,cot,similar_insertion,no_insertion_placebo,False
very_long/interval_date_en_US/59/no_insertion/direct,interval_date,en_US,direct,similar_insertion,no_insertion_placebo,False
very_long/interval_date_en_US/59/similar_insertion/direct,interval_date,en_US,direct,similar_insertion,inserted,False
very_long/interval_date_en_US/60/no_insertion/direct,interval_date,en_US,direct,similar_insertion,no_insertion_placebo,False
very_long/interval_date_en_US/60/similar_insertion/direct,interval_date,en_US,direct,similar_insertion,inserted,False
very_long/interval_date_en_US/60/no_insertion/cot,interval_date,en_US,cot,similar_insertion,no_insertion_placebo,False
very_long/interval_date_en_US/60/similar_insertion/cot,interval_date,en_US,cot,similar_insertion,inserted,False
very_long/interval_date_en_US/62/no_insertion/direct,interval_date,en_US,direct,similar_insertion,no_insertion_placebo,False
very_long/interval_date_en_US/62/similar_insertion/direct,interval_date,en_US,direct,similar_insertion,inserted,False
very_long/interval_date_en_US/62/similar_insertion/cot,interval_date,en_US,cot,similar_insertion,inserted,False
very_long/interval_date_en_US/63/no_insertion/direct,interval_date,en_US,direct,similar_insertion,no_insertion_placebo,False
very_long/interval_date_en_US/63/similar_insertion/direct,interval_date,en_US,direct,similar_insertion,inserted,False
very_long/interval_date_en_US/64/no_insertion/direct,interval_date,en_US,direct,similar_insertion,no_insertion_placebo,False
very_long/interval_date_en_US/64/similar_insertion/direct,interval_date,en_US,direct,similar_insertion,inserted,False
very_long/interval_date_en_US/65/no_insertion/direct,interval_date,en_US,direct,similar_insertion,no_insertion_placebo,False
very_long/interval_date_en_US/64/no_insertion/cot,interval_date,en_US,cot,similar_insertion,no_insertion_placebo,False
very_long/interval_date_en_US/65/similar_insertion/direct,interval_date,en_US,direct,similar_insertion,inserted,False
very_long/interval_date_en_US/64/similar_insertion/cot,interval_date,en_US,cot,similar_insertion,inserted,False
very_long/interval_date_en_US/66/no_insertion/direct,interval_date,en_US,direct,similar_insertion,no_insertion_placebo,False
very_long/interval_date_en_US/66/similar_insertion/direct,interval_date,en_US,direct,similar_insertion,inserted,False
very_long/interval_date_en_US/65/no_insertion/cot,interval_date,en_US,cot,similar_insertion,no_insertion_placebo,False
very_long/interval_date_en_US/66/no_insertion/cot,interval_date,en_US,cot,similar_insertion,no_insertion_placebo,False
very_long/interval_date_en_US/68/no_insertion/cot,interval_date,en_US,cot,similar_insertion,no_insertion_placebo,False
very_long/interval_date_en_US/72/no_insertion/direct,interval_date,en_US,direct,similar_insertion,no_insertion_placebo,False
very_long/interval_date_en_US/72/similar_insertion/direct,interval_date,en_US,direct,similar_insertion,inserted,False
very_long/interval_date_en_US/72/no_insertion/cot,interval_date,en_US,cot,similar_insertion,no_insertion_placebo,False
very_long/interval_date_en_US/72/similar_insertion/cot,interval_date,en_US,cot,similar_insertion,inserted,False
very_long/interval_date_en_US/74/no_insertion/direct,interval_date,en_US,direct,similar_insertion,no_insertion_placebo,False
very_long/interval_date_en_US/74/similar_insertion/direct,interval_date,en_US,direct,similar_insertion,inserted,False
very_long/interval_date_en_US/74/similar_insertion/cot,interval_date,en_US,cot,similar_insertion,inserted,False
very_long/interval_date_en_US/74/no_insertion/cot,interval_date,en_US,cot,similar_insertion,no_insertion_placebo,False
very_long/interval_date_en_US/79/no_insertion/direct,interval_date,en_US,direct,similar_insertion,no_insertion_placebo,False
very_long/interval_date_en_US/80/no_insertion/direct,interval_date,en_US,direct,similar_insertion,no_insertion_placebo,False
very_long/interval_date_en_US/80/similar_insertion/cot,interval_date,en_US,cot,similar_insertion,inserted,False
very_long/interval_date_en_US/80/no_insertion/cot,interval_date,en_US,cot,similar_insertion,no_insertion_placebo,False
very_long/interval_date_en_US/84/no_insertion/direct,interval_date,en_US,direct,similar_insertion,no_insertion_placebo,False
very_long/interval_date_en_US/84/similar_insertion/direct,interval_date,en_US,direct,similar_insertion,inserted,False
very_long/interval_date_en_US/84/similar_insertion/cot,interval_date,en_US,cot,similar_insertion,inserted,False
very_long/interval_date_en_US/85/no_insertion/direct,interval_date,en_US,direct,similar_insertion,no_insertion_placebo,False
very_long/interval_date_en_US/85/similar_insertion/direct,interval_date,en_US,direct,similar_insertion,inserted,False
very_long/interval_date_en_US/85/no_insertion/cot,interval_date,en_US,cot,similar_insertion,no_insertion_placebo,False
very_long/interval_date_en_US/87/no_insertion/direct,interval_date,en_US,direct,similar_insertion,no_insertion_placebo,False
very_long/interval_date_en_US/87/similar_insertion/direct,interval_date,en_US,direct,similar_insertion,inserted,False
very_long/interval_date_en_US/87/no_insertion/cot,interval_date,en_US,cot,similar_insertion,no_insertion_placebo,False
very_long/interval_date_en_US/88/similar_insertion/direct,interval_date,en_US,direct,similar_insertion,inserted,True
very_long/interval_date_en_US/87/similar_insertion/cot,interval_date,en_US,cot,similar_insertion,inserted,False
very_long/interval_date_en_US/88/no_insertion/cot,interval_date,en_US,cot,similar_insertion,no_insertion_placebo,False
very_long/interval_date_en_US/91/no_insertion/direct,interval_date,en_US,direct,similar_insertion,no_insertion_placebo,False
very_long/interval_date_en_US/91/similar_insertion/direct,interval_date,en_US,direct,similar_insertion,inserted,True
very_long/interval_date_en_US/102/no_insertion/direct,interval_date,en_US,direct,similar_insertion,no_insertion_placebo,False
very_long/interval_date_en_US/102/similar_insertion/direct,interval_date,en_US,direct,similar_insertion,inserted,False
very_long/interval_date_en_US/102/similar_insertion/cot,interval_date,en_US,cot,similar_insertion,inserted,False
very_long/interval_date_en_US/103/no_insertion/direct,interval_date,en_US,direct,similar_insertion,no_insertion_placebo,False
very_long/interval_date_en_US/103/similar_insertion/direct,interval_date,en_US,direct,similar_insertion,inserted,False
very_long/interval_date_en_US/103/no_insertion/cot,interval_date,en_US,cot,similar_insertion,no_insertion_placebo,False
very_long/interval_date_en_US/104/similar_insertion/direct,interval_date,en_US,direct,similar_insertion,inserted,False
very_long/interval_date_en_US/103/similar_insertion/cot,interval_date,en_US,cot,similar_insertion,inserted,False
very_long/interval_date_en_US/106/no_insertion/direct,interval_date,en_US,direct,similar_insertion,no_insertion_placebo,False
very_long/interval_date_en_US/106/similar_insertion/direct,interval_date,en_US,direct,similar_insertion,inserted,False
very_long/interval_date_en_US/106/no_insertion/cot,interval_date,en_US,cot,similar_insertion,no_insertion_placebo,False
very_long/interval_date_en_US/106/similar_insertion/cot,interval_date,en_US,cot,similar_insertion,inserted,False
very_long/interval_date_en_US/108/no_insertion/direct,interval_date,en_US,direct,similar_insertion,no_insertion_placebo,False
very_long/interval_date_en_US/108/similar_insertion/direct,interval_date,en_US,direct,similar_insertion,inserted,False
very_long/interval_date_en_US/108/no_insertion/cot,interval_date,en_US,cot,similar_insertion,no_insertion_placebo,False
very_long/interval_date_en_US/110/similar_insertion/direct,interval_date,en_US,direct,similar_insertion,inserted,False
very_long/interval_date_en_US/111/no_insertion/direct,interval_date,en_US,direct,similar_insertion,no_insertion_placebo,False
very_long/interval_date_en_US/110/similar_insertion/cot,interval_date,en_US,cot,similar_insertion,inserted,False
very_long/interval_date_en_US/111/no_insertion/cot,interval_date,en_US,cot,similar_insertion,no_insertion_placebo,False
very_long/interval_date_en_US/111/similar_insertion/cot,interval_date,en_US,cot,similar_insertion,inserted,False
very_long/interval_date_en_US/115/no_insertion/cot,interval_date,en_US,cot,similar_insertion,no_insertion_placebo,False
very_long/interval_date_en_US/117/no_insertion/direct,interval_date,en_US,direct,similar_insertion,no_insertion_placebo,False
very_long/interval_date_en_US/117/similar_insertion/direct,interval_date,en_US,direct,similar_insertion,inserted,False
very_long/interval_date_en_US/117/no_insertion/cot,interval_date,en_US,cot,similar_insertion,no_insertion_placebo,False
very_long/interval_date_en_US/118/no_insertion/direct,interval_date,en_US,direct,similar_insertion,no_insertion_placebo,False
very_long/interval_date_en_US/118/similar_insertion/direct,interval_date,en_US,direct,similar_insertion,inserted,False
very_long/interval_date_en_US/118/no_insertion/cot,interval_date,en_US,cot,similar_insertion,no_insertion_placebo,False
very_long/interval_date_en_US/117/similar_insertion/cot,interval_date,en_US,cot,similar_insertion,inserted,False
very_long/interval_date_en_US/118/similar_insertion/cot,interval_date,en_US,cot,similar_insertion,inserted,False
very_long/interval_date_en_US/122/no_insertion/direct,interval_date,en_US,direct,similar_insertion,no_insertion_placebo,False
very_long/interval_date_en_US/122/similar_insertion/direct,interval_date,en_US,direct,similar_insertion,inserted,False
very_long/interval_date_en_US/122/no_insertion/cot,interval_date,en_US,cot,similar_insertion,no_insertion_placebo,False
very_long/interval_date_en_US/122/similar_insertion/cot,interval_date,en_US,cot,similar_insertion,inserted,False
very_long/interval_date_en_US/124/similar_insertion/cot,interval_date,en_US,cot,similar_insertion,inserted,False
very_long/interval_date_en_US/127/no_insertion/direct,interval_date,en_US,direct,similar_insertion,no_insertion_placebo,False
very_long/interval_date_en_US/127/similar_insertion/direct,interval_date,en_US,direct,similar_insertion,inserted,False
very_long/interval_date_en_US/127/similar_insertion/cot,interval_date,en_US,cot,similar_insertion,inserted,False
very_long/interval_date_en_US/127/no_insertion/cot,interval_date,en_US,cot,similar_insertion,no_insertion_placebo,False
very_long/interval_date_en_US/129/no_insertion/direct,interval_date,en_US,direct,similar_insertion,no_insertion_placebo,False
very_long/interval_date_en_US/129/similar_insertion/direct,interval_date,en_US,direct,similar_insertion,inserted,False
very_long/interval_date_en_US/129/no_insertion/cot,interval_date,en_US,cot,similar_insertion,no_insertion_placebo,False
very_long/interval_date_en_US/129/similar_insertion/cot,interval_date,en_US,cot,similar_insertion,inserted,False
very_long/interval_date_en_US/132/no_insertion/direct,interval_date,en_US,direct,similar_insertion,no_insertion_placebo,False
very_long/interval_date_en_US/132/similar_insertion/direct,interval_date,en_US,direct,similar_insertion,inserted,False
very_long/interval_date_en_US/133/no_insertion/direct,interval_date,en_US,direct,similar_insertion,no_insertion_placebo,False
very_long/interval_date_en_US/132/similar_insertion/cot,interval_date,en_US,cot,similar_insertion,inserted,False
very_long/interval_date_en_US/132/no_insertion/cot,interval_date,en_US,cot,similar_insertion,no_insertion_placebo,False
very_long/interval_date_en_US/133/similar_insertion/direct,interval_date,en_US,direct,similar_insertion,inserted,False
very_long/interval_date_en_US/133/no_insertion/cot,interval_date,en_US,cot,similar_insertion,no_insertion_placebo,False
very_long/interval_date_en_US/133/similar_insertion/cot,interval_date,en_US,cot,similar_insertion,inserted,False
very_long/interval_date_en_US/139/no_insertion/direct,interval_date,en_US,direct,similar_insertion,no_insertion_placebo,False
very_long/interval_date_en_US/139/similar_insertion/direct,interval_date,en_US,direct,similar_insertion,inserted,False
very_long/interval_date_en_US/139/no_insertion/cot,interval_date,en_US,cot,similar_insertion,no_insertion_placebo,False
very_long/interval_date_en_US/141/no_insertion/direct,interval_date,en_US,direct,similar_insertion,no_insertion_placebo,False
very_long/interval_date_en_US/141/similar_insertion/cot,interval_date,en_US,cot,similar_insertion,inserted,False
very_long/interval_date_en_US/141/no_insertion/cot,interval_date,en_US,cot,similar_insertion,no_insertion_placebo,False
very_long/interval_date_en_US/143/no_insertion/direct,interval_date,en_US,direct,similar_insertion,no_insertion_placebo,False
very_long/interval_date_en_US/143/similar_insertion/direct,interval_date,en_US,direct,similar_insertion,inserted,False
very_long/interval_date_en_US/143/no_insertion/cot,interval_date,en_US,cot,similar_insertion,no_insertion_placebo,False
very_long/interval_date_en_US/143/similar_insertion/cot,interval_date,en_US,cot,similar_insertion,inserted,False
very_long/interval_date_en_US/148/no_insertion/direct,interval_date,en_US,direct,similar_insertion,no_insertion_placebo,False
very_long/interval_date_en_US/148/similar_insertion/direct,interval_date,en_US,direct,similar_insertion,inserted,False
very_long/interval_date_hi_IN/0/no_insertion/direct,interval_date,hi_IN,direct,similar_insertion,no_insertion_placebo,False
very_long/interval_date_hi_IN/0/no_insertion/cot,interval_date,hi_IN,cot,similar_insertion,no_insertion_placebo,False
very_long/interval_date_hi_IN/0/similar_insertion/cot,interval_date,hi_IN,cot,similar_insertion,inserted,False
very_long/interval_date_hi_IN/8/no_insertion/direct,interval_date,hi_IN,direct,similar_insertion,no_insertion_placebo,False
very_long/interval_date_hi_IN/8/similar_insertion/direct,interval_date,hi_IN,direct,similar_insertion,inserted,False
very_long/interval_date_hi_IN/8/similar_insertion/cot,interval_date,hi_IN,cot,similar_insertion,inserted,False
very_long/interval_date_hi_IN/8/no_insertion/cot,interval_date,hi_IN,cot,similar_insertion,no_insertion_placebo,False
very_long/interval_date_hi_IN/13/no_insertion/cot,interval_date,hi_IN,cot,similar_insertion,no_insertion_placebo,False
very_long/interval_date_hi_IN/14/similar_insertion/cot,interval_date,hi_IN,cot,similar_insertion,inserted,False
very_long/interval_date_hi_IN/14/no_insertion/cot,interval_date,hi_IN,cot,similar_insertion,no_insertion_placebo,False
very_long/interval_date_hi_IN/22/no_insertion/direct,interval_date,hi_IN,direct,similar_insertion,no_insertion_placebo,False
very_long/interval_date_hi_IN/22/similar_insertion/cot,interval_date,hi_IN,cot,similar_insertion,inserted,False
very_long/interval_date_hi_IN/22/similar_insertion/direct,interval_date,hi_IN,direct,similar_insertion,inserted,False
very_long/interval_date_hi_IN/22/no_insertion/cot,interval_date,hi_IN,cot,similar_insertion,no_insertion_placebo,False
very_long/interval_date_hi_IN/24/similar_insertion/direct,interval_date,hi_IN,direct,similar_insertion,inserted,False
very_long/interval_date_hi_IN/24/no_insertion/cot,interval_date,hi_IN,cot,similar_insertion,no_insertion_placebo,False
very_long/interval_date_hi_IN/24/similar_insertion/cot,interval_date,hi_IN,cot,similar_insertion,inserted,False
very_long/interval_date_hi_IN/25/no_insertion/direct,interval_date,hi_IN,direct,similar_insertion,no_insertion_placebo,False
very_long/interval_date_hi_IN/25/similar_insertion/direct,interval_date,hi_IN,direct,similar_insertion,inserted,False
very_long/interval_date_hi_IN/25/similar_insertion/cot,interval_date,hi_IN,cot,similar_insertion,inserted,False
very_long/interval_date_hi_IN/25/no_insertion/cot,interval_date,hi_IN,cot,similar_insertion,no_insertion_placebo,False
very_long/interval_date_hi_IN/28/no_insertion/direct,interval_date,hi_IN,direct,similar_insertion,no_insertion_placebo,False
very_long/interval_date_hi_IN/28/similar_insertion/direct,interval_date,hi_IN,direct,similar_insertion,inserted,False
very_long/interval_date_hi_IN/28/similar_insertion/cot,interval_date,hi_IN,cot,similar_insertion,inserted,False
very_long/interval_date_hi_IN/28/no_insertion/cot,interval_date,hi_IN,cot,similar_insertion,no_insertion_placebo,False
very_long/interval_date_hi_IN/32/similar_insertion/direct,interval_date,hi_IN,direct,similar_insertion,inserted,False
very_long/interval_date_hi_IN/32/similar_insertion/cot,interval_date,hi_IN,cot,similar_insertion,inserted,False
very_long/interval_date_hi_IN/35/no_insertion/direct,interval_date,hi_IN,direct,similar_insertion,no_insertion_placebo,False
very_long/interval_date_hi_IN/35/no_insertion/cot,interval_date,hi_IN,cot,similar_insertion,no_insertion_placebo,False
very_long/interval_date_hi_IN/35/similar_insertion/cot,interval_date,hi_IN,cot,similar_insertion,inserted,False
very_long/interval_date_hi_IN/37/no_insertion/direct,interval_date,hi_IN,direct,similar_insertion,no_insertion_placebo,False
very_long/interval_date_hi_IN/37/similar_insertion/direct,interval_date,hi_IN,direct,similar_insertion,inserted,False
very_long/interval_date_hi_IN/37/no_insertion/cot,interval_date,hi_IN,cot,similar_insertion,no_insertion_placebo,False
very_long/interval_date_hi_IN/39/no_insertion/direct,interval_date,hi_IN,direct,similar_insertion,no_insertion_placebo,False
very_long/interval_date_hi_IN/37/similar_insertion/cot,interval_date,hi_IN,cot,similar_insertion,inserted,False
very_long/interval_date_hi_IN/39/similar_insertion/direct,interval_date,hi_IN,direct,similar_insertion,inserted,False
very_long/interval_date_hi_IN/39/no_insertion/cot,interval_date,hi_IN,cot,similar_insertion,no_insertion_placebo,False
very_long/interval_date_hi_IN/40/no_insertion/direct,interval_date,hi_IN,direct,similar_insertion,no_insertion_placebo,False
very_long/interval_date_hi_IN/40/similar_insertion/direct,interval_date,hi_IN,direct,similar_insertion,inserted,False
very_long/interval_date_hi_IN/39/similar_insertion/cot,interval_date,hi_IN,cot,similar_insertion,inserted,False
very_long/interval_date_hi_IN/40/no_insertion/cot,interval_date,hi_IN,cot,similar_insertion,no_insertion_placebo,False
very_long/interval_date_hi_IN/40/similar_insertion/cot,interval_date,hi_IN,cot,similar_insertion,inserted,False
very_long/interval_date_hi_IN/41/no_insertion/cot,interval_date,hi_IN,cot,similar_insertion,no_insertion_placebo,False
very_long/interval_date_hi_IN/42/no_insertion/direct,interval_date,hi_IN,direct,similar_insertion,no_insertion_placebo,False
very_long/interval_date_hi_IN/42/similar_insertion/cot,interval_date,hi_IN,cot,similar_insertion,inserted,False
very_long/interval_date_hi_IN/42/no_insertion/cot,interval_date,hi_IN,cot,similar_insertion,no_insertion_placebo,False
very_long/interval_date_hi_IN/47/similar_insertion/cot,interval_date,hi_IN,cot,similar_insertion,inserted,False
very_long/interval_date_hi_IN/48/no_insertion/direct,interval_date,hi_IN,direct,similar_insertion,no_insertion_placebo,False
very_long/interval_date_hi_IN/47/no_insertion/cot,interval_date,hi_IN,cot,similar_insertion,no_insertion_placebo,False
very_long/interval_date_hi_IN/53/no_insertion/direct,interval_date,hi_IN,direct,similar_insertion,no_insertion_placebo,False
very_long/interval_date_hi_IN/53/similar_insertion/direct,interval_date,hi_IN,direct,similar_insertion,inserted,False
very_long/interval_date_hi_IN/53/similar_insertion/cot,interval_date,hi_IN,cot,similar_insertion,inserted,False
very_long/interval_date_hi_IN/53/no_insertion/cot,interval_date,hi_IN,cot,similar_insertion,no_insertion_placebo,False
very_long/interval_date_hi_IN/56/no_insertion/direct,interval_date,hi_IN,direct,similar_insertion,no_insertion_placebo,False
very_long/interval_date_hi_IN/56/similar_insertion/cot,interval_date,hi_IN,cot,similar_insertion,inserted,False
very_long/interval_date_hi_IN/59/no_insertion/direct,interval_date,hi_IN,direct,similar_insertion,no_insertion_placebo,False
very_long/interval_date_hi_IN/59/similar_insertion/direct,interval_date,hi_IN,direct,similar_insertion,inserted,False
very_long/interval_date_hi_IN/59/no_insertion/cot,interval_date,hi_IN,cot,similar_insertion,no_insertion_placebo,False
very_long/interval_date_hi_IN/60/no_insertion/direct,interval_date,hi_IN,direct,similar_insertion,no_insertion_placebo,False
very_long/interval_date_hi_IN/59/similar_insertion/cot,interval_date,hi_IN,cot,similar_insertion,inserted,False
very_long/interval_date_hi_IN/60/similar_insertion/direct,interval_date,hi_IN,direct,similar_insertion,inserted,False
very_long/interval_date_hi_IN/60/similar_insertion/cot,interval_date,hi_IN,cot,similar_insertion,inserted,False
very_long/interval_date_hi_IN/60/no_insertion/cot,interval_date,hi_IN,cot,similar_insertion,no_insertion_placebo,False
very_long/interval_date_hi_IN/62/no_insertion/direct,interval_date,hi_IN,direct,similar_insertion,no_insertion_placebo,False
very_long/interval_date_hi_IN/62/similar_insertion/direct,interval_date,hi_IN,direct,similar_insertion,inserted,False
very_long/interval_date_hi_IN/63/no_insertion/direct,interval_date,hi_IN,direct,similar_insertion,no_insertion_placebo,False
very_long/interval_date_hi_IN/62/no_insertion/cot,interval_date,hi_IN,cot,similar_insertion,no_insertion_placebo,False
very_long/interval_date_hi_IN/63/similar_insertion/direct,interval_date,hi_IN,direct,similar_insertion,inserted,False
very_long/interval_date_hi_IN/63/no_insertion/cot,interval_date,hi_IN,cot,similar_insertion,no_insertion_placebo,False
very_long/interval_date_hi_IN/62/similar_insertion/cot,interval_date,hi_IN,cot,similar_insertion,inserted,True
very_long/interval_date_hi_IN/64/no_insertion/direct,interval_date,hi_IN,direct,similar_insertion,no_insertion_placebo,False
very_long/interval_date_hi_IN/64/similar_insertion/direct,interval_date,hi_IN,direct,similar_insertion,inserted,False
very_long/interval_date_hi_IN/63/similar_insertion/cot,interval_date,hi_IN,cot,similar_insertion,inserted,False
very_long/interval_date_hi_IN/64/no_insertion/cot,interval_date,hi_IN,cot,similar_insertion,no_insertion_placebo,False
very_long/interval_date_hi_IN/65/no_insertion/direct,interval_date,hi_IN,direct,similar_insertion,no_insertion_placebo,False
very_long/interval_date_hi_IN/64/similar_insertion/cot,interval_date,hi_IN,cot,similar_insertion,inserted,False
very_long/interval_date_hi_IN/65/similar_insertion/direct,interval_date,hi_IN,direct,similar_insertion,inserted,False
very_long/interval_date_hi_IN/65/no_insertion/cot,interval_date,hi_IN,cot,similar_insertion,no_insertion_placebo,False
very_long/interval_date_hi_IN/65/similar_insertion/cot,interval_date,hi_IN,cot,similar_insertion,inserted,False
very_long/interval_date_hi_IN/66/no_insertion/cot,interval_date,hi_IN,cot,similar_insertion,no_insertion_placebo,False
very_long/interval_date_hi_IN/66/similar_insertion/cot,interval_date,hi_IN,cot,similar_insertion,inserted,False
very_long/interval_date_hi_IN/72/no_insertion/direct,interval_date,hi_IN,direct,similar_insertion,no_insertion_placebo,False
very_long/interval_date_hi_IN/72/similar_insertion/direct,interval_date,hi_IN,direct,similar_insertion,inserted,False
very_long/interval_date_hi_IN/72/no_insertion/cot,interval_date,hi_IN,cot,similar_insertion,no_insertion_placebo,False
very_long/interval_date_hi_IN/72/similar_insertion/cot,interval_date,hi_IN,cot,similar_insertion,inserted,False
very_long/interval_date_hi_IN/74/no_insertion/direct,interval_date,hi_IN,direct,similar_insertion,no_insertion_placebo,False
very_long/interval_date_hi_IN/74/similar_insertion/direct,interval_date,hi_IN,direct,similar_insertion,inserted,False
very_long/interval_date_hi_IN/74/no_insertion/cot,interval_date,hi_IN,cot,similar_insertion,no_insertion_placebo,False
very_long/interval_date_hi_IN/74/similar_insertion/cot,interval_date,hi_IN,cot,similar_insertion,inserted,False
very_long/interval_date_hi_IN/77/similar_insertion/direct,interval_date,hi_IN,direct,similar_insertion,inserted,False
very_long/interval_date_hi_IN/77/similar_insertion/cot,interval_date,hi_IN,cot,similar_insertion,inserted,False
very_long/interval_date_hi_IN/79/no_insertion/direct,interval_date,hi_IN,direct,similar_insertion,no_insertion_placebo,False
very_long/interval_date_hi_IN/79/similar_insertion/direct,interval_date,hi_IN,direct,similar_insertion,inserted,False
very_long/interval_date_hi_IN/80/no_insertion/direct,interval_date,hi_IN,direct,similar_insertion,no_insertion_placebo,False
very_long/interval_date_hi_IN/79/no_insertion/cot,interval_date,hi_IN,cot,similar_insertion,no_insertion_placebo,False
very_long/interval_date_hi_IN/80/no_insertion/cot,interval_date,hi_IN,cot,similar_insertion,no_insertion_placebo,False
very_long/interval_date_hi_IN/80/similar_insertion/cot,interval_date,hi_IN,cot,similar_insertion,inserted,False
very_long/interval_date_hi_IN/84/no_insertion/direct,interval_date,hi_IN,direct,similar_insertion,no_insertion_placebo,False
very_long/interval_date_hi_IN/84/similar_insertion/direct,interval_date,hi_IN,direct,similar_insertion,inserted,False
very_long/interval_date_hi_IN/84/no_insertion/cot,interval_date,hi_IN,cot,similar_insertion,no_insertion_placebo,False
very_long/interval_date_hi_IN/84/similar_insertion/cot,interval_date,hi_IN,cot,similar_insertion,inserted,False
very_long/interval_date_hi_IN/85/no_insertion/direct,interval_date,hi_IN,direct,similar_insertion,no_insertion_placebo,False
very_long/interval_date_hi_IN/85/similar_insertion/cot,interval_date,hi_IN,cot,similar_insertion,inserted,False
very_long/interval_date_hi_IN/85/no_insertion/cot,interval_date,hi_IN,cot,similar_insertion,no_insertion_placebo,False
very_long/interval_date_hi_IN/86/no_insertion/cot,interval_date,hi_IN,cot,similar_insertion,no_insertion_placebo,False
very_long/interval_date_hi_IN/87/no_insertion/direct,interval_date,hi_IN,direct,similar_insertion,no_insertion_placebo,False
very_long/interval_date_hi_IN/87/no_insertion/cot,interval_date,hi_IN,cot,similar_insertion,no_insertion_placebo,False
very_long/interval_date_hi_IN/87/similar_insertion/direct,interval_date,hi_IN,direct,similar_insertion,inserted,False
very_long/interval_date_hi_IN/87/similar_insertion/cot,interval_date,hi_IN,cot,similar_insertion,inserted,False
very_long/interval_date_hi_IN/88/no_insertion/cot,interval_date,hi_IN,cot,similar_insertion,no_insertion_placebo,False
very_long/interval_date_hi_IN/91/no_insertion/direct,interval_date,hi_IN,direct,similar_insertion,no_insertion_placebo,False
very_long/interval_date_hi_IN/91/similar_insertion/direct,interval_date,hi_IN,direct,similar_insertion,inserted,False
very_long/interval_date_hi_IN/91/similar_insertion/cot,interval_date,hi_IN,cot,similar_insertion,inserted,True
very_long/interval_date_hi_IN/99/similar_insertion/cot,interval_date,hi_IN,cot,similar_insertion,inserted,False
very_long/interval_date_hi_IN/102/no_insertion/direct,interval_date,hi_IN,direct,similar_insertion,no_insertion_placebo,False
very_long/interval_date_hi_IN/102/similar_insertion/direct,interval_date,hi_IN,direct,similar_insertion,inserted,False
very_long/interval_date_hi_IN/102/no_insertion/cot,interval_date,hi_IN,cot,similar_insertion,no_insertion_placebo,False
very_long/interval_date_hi_IN/103/no_insertion/direct,interval_date,hi_IN,direct,similar_insertion,no_insertion_placebo,False
very_long/interval_date_hi_IN/103/similar_insertion/direct,interval_date,hi_IN,direct,similar_insertion,inserted,False
very_long/interval_date_hi_IN/103/no_insertion/cot,interval_date,hi_IN,cot,similar_insertion,no_insertion_placebo,True
very_long/interval_date_hi_IN/103/similar_insertion/cot,interval_date,hi_IN,cot,similar_insertion,inserted,False
very_long/interval_date_hi_IN/102/similar_insertion/cot,interval_date,hi_IN,cot,similar_insertion,inserted,False
very_long/interval_date_hi_IN/104/no_insertion/cot,interval_date,hi_IN,cot,similar_insertion,no_insertion_placebo,False
very_long/interval_date_hi_IN/106/no_insertion/direct,interval_date,hi_IN,direct,similar_insertion,no_insertion_placebo,False
very_long/interval_date_hi_IN/106/similar_insertion/direct,interval_date,hi_IN,direct,similar_insertion,inserted,False
very_long/interval_date_hi_IN/106/similar_insertion/cot,interval_date,hi_IN,cot,similar_insertion,inserted,False
very_long/interval_date_hi_IN/108/no_insertion/direct,interval_date,hi_IN,direct,similar_insertion,no_insertion_placebo,False
very_long/interval_date_hi_IN/108/similar_insertion/direct,interval_date,hi_IN,direct,similar_insertion,inserted,False
very_long/interval_date_hi_IN/108/similar_insertion/cot,interval_date,hi_IN,cot,similar_insertion,inserted,False
very_long/interval_date_hi_IN/108/no_insertion/cot,interval_date,hi_IN,cot,similar_insertion,no_insertion_placebo,False
very_long/interval_date_hi_IN/110/no_insertion/direct,interval_date,hi_IN,direct,similar_insertion,no_insertion_placebo,False
very_long/interval_date_hi_IN/110/no_insertion/cot,interval_date,hi_IN,cot,similar_insertion,no_insertion_placebo,False
very_long/interval_date_hi_IN/110/similar_insertion/cot,interval_date,hi_IN,cot,similar_insertion,inserted,False
very_long/interval_date_hi_IN/111/no_insertion/direct,interval_date,hi_IN,direct,similar_insertion,no_insertion_placebo,False
very_long/interval_date_hi_IN/111/similar_insertion/direct,interval_date,hi_IN,direct,similar_insertion,inserted,False
very_long/interval_date_hi_IN/111/similar_insertion/cot,interval_date,hi_IN,cot,similar_insertion,inserted,True
very_long/interval_date_hi_IN/110/similar_insertion/direct,interval_date,hi_IN,direct,similar_insertion,inserted,False
very_long/interval_date_hi_IN/115/similar_insertion/cot,interval_date,hi_IN,cot,similar_insertion,inserted,False
very_long/interval_date_hi_IN/115/no_insertion/cot,interval_date,hi_IN,cot,similar_insertion,no_insertion_placebo,False
very_long/interval_date_hi_IN/117/no_insertion/direct,interval_date,hi_IN,direct,similar_insertion,no_insertion_placebo,False
very_long/interval_date_hi_IN/117/similar_insertion/direct,interval_date,hi_IN,direct,similar_insertion,inserted,False
very_long/interval_date_hi_IN/117/similar_insertion/cot,interval_date,hi_IN,cot,similar_insertion,inserted,False
very_long/interval_date_hi_IN/117/no_insertion/cot,interval_date,hi_IN,cot,similar_insertion,no_insertion_placebo,False
very_long/interval_date_hi_IN/118/no_insertion/direct,interval_date,hi_IN,direct,similar_insertion,no_insertion_placebo,False
very_long/interval_date_hi_IN/118/similar_insertion/direct,interval_date,hi_IN,direct,similar_insertion,inserted,False
very_long/interval_date_hi_IN/118/no_insertion/cot,interval_date,hi_IN,cot,similar_insertion,no_insertion_placebo,False
very_long/interval_date_hi_IN/118/similar_insertion/cot,interval_date,hi_IN,cot,similar_insertion,inserted,False
very_long/interval_date_hi_IN/122/no_insertion/direct,interval_date,hi_IN,direct,similar_insertion,no_insertion_placebo,False
very_long/interval_date_hi_IN/122/similar_insertion/direct,interval_date,hi_IN,direct,similar_insertion,inserted,False
very_long/interval_date_hi_IN/122/no_insertion/cot,interval_date,hi_IN,cot,similar_insertion,no_insertion_placebo,False
very_long/interval_date_hi_IN/122/similar_insertion/cot,interval_date,hi_IN,cot,similar_insertion,inserted,False
very_long/interval_date_hi_IN/124/similar_insertion/direct,interval_date,hi_IN,direct,similar_insertion,inserted,False
very_long/interval_date_hi_IN/124/similar_insertion/cot,interval_date,hi_IN,cot,similar_insertion,inserted,False
very_long/interval_date_hi_IN/127/no_insertion/direct,interval_date,hi_IN,direct,similar_insertion,no_insertion_placebo,False
very_long/interval_date_hi_IN/127/similar_insertion/direct,interval_date,hi_IN,direct,similar_insertion,inserted,False
very_long/interval_date_hi_IN/129/no_insertion/direct,interval_date,hi_IN,direct,similar_insertion,no_insertion_placebo,False
very_long/interval_date_hi_IN/127/similar_insertion/cot,interval_date,hi_IN,cot,similar_insertion,inserted,False
very_long/interval_date_hi_IN/129/similar_insertion/direct,interval_date,hi_IN,direct,similar_insertion,inserted,False
very_long/interval_date_hi_IN/129/similar_insertion/cot,interval_date,hi_IN,cot,similar_insertion,inserted,False
very_long/interval_date_hi_IN/129/no_insertion/cot,interval_date,hi_IN,cot,similar_insertion,no_insertion_placebo,False
very_long/interval_date_hi_IN/132/no_insertion/direct,interval_date,hi_IN,direct,similar_insertion,no_insertion_placebo,False
very_long/interval_date_hi_IN/132/similar_insertion/direct,interval_date,hi_IN,direct,similar_insertion,inserted,False
very_long/interval_date_hi_IN/133/no_insertion/direct,interval_date,hi_IN,direct,similar_insertion,no_insertion_placebo,False
very_long/interval_date_hi_IN/132/similar_insertion/cot,interval_date,hi_IN,cot,similar_insertion,inserted,False
very_long/interval_date_hi_IN/132/no_insertion/cot,interval_date,hi_IN,cot,similar_insertion,no_insertion_placebo,False
very_long/interval_date_hi_IN/133/no_insertion/cot,interval_date,hi_IN,cot,similar_insertion,no_insertion_placebo,False
very_long/interval_date_hi_IN/133/similar_insertion/direct,interval_date,hi_IN,direct,similar_insertion,inserted,False
very_long/interval_date_hi_IN/139/similar_insertion/direct,interval_date,hi_IN,direct,similar_insertion,inserted,False
very_long/interval_date_hi_IN/139/no_insertion/cot,interval_date,hi_IN,cot,similar_insertion,no_insertion_placebo,False
very_long/interval_date_hi_IN/139/similar_insertion/cot,interval_date,hi_IN,cot,similar_insertion,inserted,True
very_long/interval_date_hi_IN/141/similar_insertion/direct,interval_date,hi_IN,direct,similar_insertion,inserted,False
very_long/interval_date_hi_IN/141/no_insertion/cot,interval_date,hi_IN,cot,similar_insertion,no_insertion_placebo,False
very_long/interval_date_hi_IN/141/similar_insertion/cot,interval_date,hi_IN,cot,similar_insertion,inserted,False
very_long/interval_date_hi_IN/143/no_insertion/direct,interval_date,hi_IN,direct,similar_insertion,no_insertion_placebo,False
very_long/interval_date_hi_IN/143/no_insertion/cot,interval_date,hi_IN,cot,similar_insertion,no_insertion_placebo,False
very_long/interval_date_hi_IN/143/similar_insertion/direct,interval_date,hi_IN,direct,similar_insertion,inserted,False
very_long/interval_date_hi_IN/143/similar_insertion/cot,interval_date,hi_IN,cot,similar_insertion,inserted,False
very_long/interval_date_hi_IN/148/no_insertion/direct,interval_date,hi_IN,direct,similar_insertion,no_insertion_placebo,False
very_long/interval_date_hi_IN/148/similar_insertion/cot,interval_date,hi_IN,cot,similar_insertion,inserted,False
very_long/interval_date_hi_IN/148/similar_insertion/direct,interval_date,hi_IN,direct,similar_insertion,inserted,False
very_long/interval_date_hi_IN/148/no_insertion/cot,interval_date,hi_IN,cot,similar_insertion,no_insertion_placebo,False
